43,37,A3fyrYRwysX8AS0cxaPvF5SJAgw=,7nJVHOuXV+yAp8jomGBziB5FCsI=
42,34,A3fyrYRwysX8AS0cxaPvF5SJAgw=,W6w7uUyMsnJsr+Ie+DcMfWyQCxc=
42,37,A3fyrYRwysX8AS0cxaPvF5SJAgw=,7nJVHOuXV+yAp8jomGBziB5FCsI=
43,34,A3fyrYRwysX8AS0cxaPvF5SJAgw=,W6w7uUyMsnJsr+Ie+DcMfWyQCxc=
45,37,/MNOIC6VumvfTs7iVKfPBjLZxLo=,VGE7zVJC/U1tv+5cc2vghhPNBFI=
44,37,/MNOIC6VumvfTs7iVKfPBjLZxLo=,VGE7zVJC/U1tv+5cc2vghhPNBFI=
42,36,/MNOIC6VumvfTs7iVKfPBjLZxLo=,7nJVHOuXV+yAp8jomGBziB5FCsI=
42,35,/MNOIC6VumvfTs7iVKfPBjLZxLo=,W6w7uUyMsnJsr+Ie+DcMfWyQCxc=
43,36,/MNOIC6VumvfTs7iVKfPBjLZxLo=,7nJVHOuXV+yAp8jomGBziB5FCsI=
44,36,/MNOIC6VumvfTs7iVKfPBjLZxLo=,VGE7zVJC/U1tv+5cc2vghhPNBFI=
45,34,/MNOIC6VumvfTs7iVKfPBjLZxLo=,UGmfJBxjtX2Q+Qz2pi+VSnHP0ag=
45,36,/MNOIC6VumvfTs7iVKfPBjLZxLo=,VGE7zVJC/U1tv+5cc2vghhPNBFI=
43,35,/MNOIC6VumvfTs7iVKfPBjLZxLo=,W6w7uUyMsnJsr+Ie+DcMfWyQCxc=
44,34,/MNOIC6VumvfTs7iVKfPBjLZxLo=,UGmfJBxjtX2Q+Qz2pi+VSnHP0ag=
44,35,/MNOIC6VumvfTs7iVKfPBjLZxLo=,UGmfJBxjtX2Q+Qz2pi+VSnHP0ag=
45,35,/MNOIC6VumvfTs7iVKfPBjLZxLo=,UGmfJBxjtX2Q+Qz2pi+VSnHP0ag=
42,39,/MNOIC6VumvfTs7iVKfPBjLZxLo=,7nJVHOuXV+yAp8jomGBziB5FCsI=
45,39,/MNOIC6VumvfTs7iVKfPBjLZxLo=,VGE7zVJC/U1tv+5cc2vghhPNBFI=
43,39,/MNOIC6VumvfTs7iVKfPBjLZxLo=,7nJVHOuXV+yAp8jomGBziB5FCsI=
44,39,/MNOIC6VumvfTs7iVKfPBjLZxLo=,VGE7zVJC/U1tv+5cc2vghhPNBFI=
42,41,/MNOIC6VumvfTs7iVKfPBjLZxLo=,ct5NhGZQEUYdU7ICmDAoCLOzSjE=
44,38,/MNOIC6VumvfTs7iVKfPBjLZxLo=,VGE7zVJC/U1tv+5cc2vghhPNBFI=
43,38,/MNOIC6VumvfTs7iVKfPBjLZxLo=,7nJVHOuXV+yAp8jomGBziB5FCsI=
45,38,/MNOIC6VumvfTs7iVKfPBjLZxLo=,VGE7zVJC/U1tv+5cc2vghhPNBFI=
44,41,sz3yL1NluQVLfvHJ/6wDMLJxgyQ=,Oiao6XHpfuM47XxPRtF/JcR+1zU=
40,39,sz3yL1NluQVLfvHJ/6wDMLJxgyQ=,7nJVHOuXV+yAp8jomGBziB5FCsI=
43,40,sz3yL1NluQVLfvHJ/6wDMLJxgyQ=,ct5NhGZQEUYdU7ICmDAoCLOzSjE=
44,40,sz3yL1NluQVLfvHJ/6wDMLJxgyQ=,Oiao6XHpfuM47XxPRtF/JcR+1zU=
42,40,sz3yL1NluQVLfvHJ/6wDMLJxgyQ=,ct5NhGZQEUYdU7ICmDAoCLOzSjE=
43,41,sz3yL1NluQVLfvHJ/6wDMLJxgyQ=,ct5NhGZQEUYdU7ICmDAoCLOzSjE=
45,41,sz3yL1NluQVLfvHJ/6wDMLJxgyQ=,Oiao6XHpfuM47XxPRtF/JcR+1zU=
45,40,sz3yL1NluQVLfvHJ/6wDMLJxgyQ=,Oiao6XHpfuM47XxPRtF/JcR+1zU=
42,38,sz3yL1NluQVLfvHJ/6wDMLJxgyQ=,7nJVHOuXV+yAp8jomGBziB5FCsI=
39,39,sz3yL1NluQVLfvHJ/6wDMLJxgyQ=,tAu2Chgqv4OoesleQKNBypz8QOo=
40,40,sz3yL1NluQVLfvHJ/6wDMLJxgyQ=,ct5NhGZQEUYdU7ICmDAoCLOzSjE=
40,38,sz3yL1NluQVLfvHJ/6wDMLJxgyQ=,7nJVHOuXV+yAp8jomGBziB5FCsI=
38,40,sz3yL1NluQVLfvHJ/6wDMLJxgyQ=,B2TNsxu+sxoQzRoXaOh8uaUKxYo=
41,41,sz3yL1NluQVLfvHJ/6wDMLJxgyQ=,ct5NhGZQEUYdU7ICmDAoCLOzSjE=
41,38,sz3yL1NluQVLfvHJ/6wDMLJxgyQ=,7nJVHOuXV+yAp8jomGBziB5FCsI=
39,40,sz3yL1NluQVLfvHJ/6wDMLJxgyQ=,B2TNsxu+sxoQzRoXaOh8uaUKxYo=
39,38,sz3yL1NluQVLfvHJ/6wDMLJxgyQ=,tAu2Chgqv4OoesleQKNBypz8QOo=
41,39,sz3yL1NluQVLfvHJ/6wDMLJxgyQ=,7nJVHOuXV+yAp8jomGBziB5FCsI=
40,41,sz3yL1NluQVLfvHJ/6wDMLJxgyQ=,ct5NhGZQEUYdU7ICmDAoCLOzSjE=
39,41,OjBYsbjJmz37RE54vcWMSL3/QmA=,B2TNsxu+sxoQzRoXaOh8uaUKxYo=
38,39,OjBYsbjJmz37RE54vcWMSL3/QmA=,tAu2Chgqv4OoesleQKNBypz8QOo=
38,41,OjBYsbjJmz37RE54vcWMSL3/QmA=,B2TNsxu+sxoQzRoXaOh8uaUKxYo=
41,40,2/aHYLuS71Hph30LqyGUTYU2X0Y=,ct5NhGZQEUYdU7ICmDAoCLOzSjE=
38,38,2/aHYLuS71Hph30LqyGUTYU2X0Y=,tAu2Chgqv4OoesleQKNBypz8QOo=
41,43,2/aHYLuS71Hph30LqyGUTYU2X0Y=,ct5NhGZQEUYdU7ICmDAoCLOzSjE=
40,45,2/aHYLuS71Hph30LqyGUTYU2X0Y=,5HF+3jnoN/pbI78eOKApaPuGSuc=
41,42,2/aHYLuS71Hph30LqyGUTYU2X0Y=,ct5NhGZQEUYdU7ICmDAoCLOzSjE=
41,45,2/aHYLuS71Hph30LqyGUTYU2X0Y=,5HF+3jnoN/pbI78eOKApaPuGSuc=
39,43,2/aHYLuS71Hph30LqyGUTYU2X0Y=,B2TNsxu+sxoQzRoXaOh8uaUKxYo=
40,43,2/aHYLuS71Hph30LqyGUTYU2X0Y=,ct5NhGZQEUYdU7ICmDAoCLOzSjE=
38,44,2/aHYLuS71Hph30LqyGUTYU2X0Y=,uMMYvoWowssb7+MlXozUlA3zGe0=
39,44,2/aHYLuS71Hph30LqyGUTYU2X0Y=,uMMYvoWowssb7+MlXozUlA3zGe0=
41,44,2/aHYLuS71Hph30LqyGUTYU2X0Y=,5HF+3jnoN/pbI78eOKApaPuGSuc=
38,45,x/qdC9/ciU4Hop9/lIoluQVcTxg=,uMMYvoWowssb7+MlXozUlA3zGe0=
40,42,x/qdC9/ciU4Hop9/lIoluQVcTxg=,ct5NhGZQEUYdU7ICmDAoCLOzSjE=
39,42,x/qdC9/ciU4Hop9/lIoluQVcTxg=,B2TNsxu+sxoQzRoXaOh8uaUKxYo=
39,45,x/qdC9/ciU4Hop9/lIoluQVcTxg=,uMMYvoWowssb7+MlXozUlA3zGe0=
36,43,x/qdC9/ciU4Hop9/lIoluQVcTxg=,B2TNsxu+sxoQzRoXaOh8uaUKxYo=
35,38,x/qdC9/ciU4Hop9/lIoluQVcTxg=,9+fqbePtm+bn9NeYGltXVrAJXh8=
38,43,x/qdC9/ciU4Hop9/lIoluQVcTxg=,B2TNsxu+sxoQzRoXaOh8uaUKxYo=
34,39,x/qdC9/ciU4Hop9/lIoluQVcTxg=,9+fqbePtm+bn9NeYGltXVrAJXh8=
35,44,x/qdC9/ciU4Hop9/lIoluQVcTxg=,g3L02tt5fPUAQWo94gBNZkV+8yM=
35,39,x/qdC9/ciU4Hop9/lIoluQVcTxg=,9+fqbePtm+bn9NeYGltXVrAJXh8=
38,42,x/qdC9/ciU4Hop9/lIoluQVcTxg=,B2TNsxu+sxoQzRoXaOh8uaUKxYo=
36,40,x/qdC9/ciU4Hop9/lIoluQVcTxg=,B2TNsxu+sxoQzRoXaOh8uaUKxYo=
34,38,x/qdC9/ciU4Hop9/lIoluQVcTxg=,9+fqbePtm+bn9NeYGltXVrAJXh8=
37,39,x/qdC9/ciU4Hop9/lIoluQVcTxg=,tAu2Chgqv4OoesleQKNBypz8QOo=
37,41,x/qdC9/ciU4Hop9/lIoluQVcTxg=,B2TNsxu+sxoQzRoXaOh8uaUKxYo=
36,39,dYtNEZgXQXQYs7hU8aZUN31DS3Y=,tAu2Chgqv4OoesleQKNBypz8QOo=
36,38,dYtNEZgXQXQYs7hU8aZUN31DS3Y=,tAu2Chgqv4OoesleQKNBypz8QOo=
35,43,dYtNEZgXQXQYs7hU8aZUN31DS3Y=,lA87ibva0UD+CQfoplVfIJNgLwA=
34,40,dYtNEZgXQXQYs7hU8aZUN31DS3Y=,lA87ibva0UD+CQfoplVfIJNgLwA=
40,44,dYtNEZgXQXQYs7hU8aZUN31DS3Y=,5HF+3jnoN/pbI78eOKApaPuGSuc=
36,41,dYtNEZgXQXQYs7hU8aZUN31DS3Y=,B2TNsxu+sxoQzRoXaOh8uaUKxYo=
36,45,dYtNEZgXQXQYs7hU8aZUN31DS3Y=,uMMYvoWowssb7+MlXozUlA3zGe0=
34,43,dYtNEZgXQXQYs7hU8aZUN31DS3Y=,lA87ibva0UD+CQfoplVfIJNgLwA=
37,38,dYtNEZgXQXQYs7hU8aZUN31DS3Y=,tAu2Chgqv4OoesleQKNBypz8QOo=
34,44,dYtNEZgXQXQYs7hU8aZUN31DS3Y=,g3L02tt5fPUAQWo94gBNZkV+8yM=
37,40,dYtNEZgXQXQYs7hU8aZUN31DS3Y=,B2TNsxu+sxoQzRoXaOh8uaUKxYo=
37,42,dYtNEZgXQXQYs7hU8aZUN31DS3Y=,B2TNsxu+sxoQzRoXaOh8uaUKxYo=
35,41,dYtNEZgXQXQYs7hU8aZUN31DS3Y=,lA87ibva0UD+CQfoplVfIJNgLwA=
34,41,dYtNEZgXQXQYs7hU8aZUN31DS3Y=,lA87ibva0UD+CQfoplVfIJNgLwA=
35,45,dYtNEZgXQXQYs7hU8aZUN31DS3Y=,g3L02tt5fPUAQWo94gBNZkV+8yM=
37,45,dYtNEZgXQXQYs7hU8aZUN31DS3Y=,uMMYvoWowssb7+MlXozUlA3zGe0=
36,44,dYtNEZgXQXQYs7hU8aZUN31DS3Y=,uMMYvoWowssb7+MlXozUlA3zGe0=
37,44,j+eR4K5aUpQa3lET7Vn8gYLiwyk=,uMMYvoWowssb7+MlXozUlA3zGe0=
36,42,j+eR4K5aUpQa3lET7Vn8gYLiwyk=,B2TNsxu+sxoQzRoXaOh8uaUKxYo=
44,45,j+eR4K5aUpQa3lET7Vn8gYLiwyk=,wI7ckJHVg0SOz8Y4RF8P496eB4U=
45,42,j+eR4K5aUpQa3lET7Vn8gYLiwyk=,Oiao6XHpfuM47XxPRtF/JcR+1zU=
43,44,j+eR4K5aUpQa3lET7Vn8gYLiwyk=,5HF+3jnoN/pbI78eOKApaPuGSuc=
43,45,j+eR4K5aUpQa3lET7Vn8gYLiwyk=,5HF+3jnoN/pbI78eOKApaPuGSuc=
42,45,j+eR4K5aUpQa3lET7Vn8gYLiwyk=,5HF+3jnoN/pbI78eOKApaPuGSuc=
37,43,j+eR4K5aUpQa3lET7Vn8gYLiwyk=,B2TNsxu+sxoQzRoXaOh8uaUKxYo=
45,45,j+eR4K5aUpQa3lET7Vn8gYLiwyk=,wI7ckJHVg0SOz8Y4RF8P496eB4U=
43,43,j+eR4K5aUpQa3lET7Vn8gYLiwyk=,ct5NhGZQEUYdU7ICmDAoCLOzSjE=
42,44,j+eR4K5aUpQa3lET7Vn8gYLiwyk=,5HF+3jnoN/pbI78eOKApaPuGSuc=
34,45,j+eR4K5aUpQa3lET7Vn8gYLiwyk=,g3L02tt5fPUAQWo94gBNZkV+8yM=
42,42,j+eR4K5aUpQa3lET7Vn8gYLiwyk=,ct5NhGZQEUYdU7ICmDAoCLOzSjE=
44,43,j+eR4K5aUpQa3lET7Vn8gYLiwyk=,Oiao6XHpfuM47XxPRtF/JcR+1zU=
45,44,j+eR4K5aUpQa3lET7Vn8gYLiwyk=,wI7ckJHVg0SOz8Y4RF8P496eB4U=
45,43,j+eR4K5aUpQa3lET7Vn8gYLiwyk=,Oiao6XHpfuM47XxPRtF/JcR+1zU=
44,42,j+eR4K5aUpQa3lET7Vn8gYLiwyk=,Oiao6XHpfuM47XxPRtF/JcR+1zU=
43,42,j+eR4K5aUpQa3lET7Vn8gYLiwyk=,ct5NhGZQEUYdU7ICmDAoCLOzSjE=
35,40,j+eR4K5aUpQa3lET7Vn8gYLiwyk=,lA87ibva0UD+CQfoplVfIJNgLwA=
34,42,j+eR4K5aUpQa3lET7Vn8gYLiwyk=,lA87ibva0UD+CQfoplVfIJNgLwA=
44,44,j+eR4K5aUpQa3lET7Vn8gYLiwyk=,wI7ckJHVg0SOz8Y4RF8P496eB4U=
47,43,j+eR4K5aUpQa3lET7Vn8gYLiwyk=,Oiao6XHpfuM47XxPRtF/JcR+1zU=
47,44,j+eR4K5aUpQa3lET7Vn8gYLiwyk=,wI7ckJHVg0SOz8Y4RF8P496eB4U=
42,43,j+eR4K5aUpQa3lET7Vn8gYLiwyk=,ct5NhGZQEUYdU7ICmDAoCLOzSjE=
35,42,j+eR4K5aUpQa3lET7Vn8gYLiwyk=,lA87ibva0UD+CQfoplVfIJNgLwA=
46,43,j+eR4K5aUpQa3lET7Vn8gYLiwyk=,Oiao6XHpfuM47XxPRtF/JcR+1zU=
44,47,j+eR4K5aUpQa3lET7Vn8gYLiwyk=,wI7ckJHVg0SOz8Y4RF8P496eB4U=
47,45,j+eR4K5aUpQa3lET7Vn8gYLiwyk=,wI7ckJHVg0SOz8Y4RF8P496eB4U=
43,47,j+eR4K5aUpQa3lET7Vn8gYLiwyk=,5HF+3jnoN/pbI78eOKApaPuGSuc=
46,42,j+eR4K5aUpQa3lET7Vn8gYLiwyk=,Oiao6XHpfuM47XxPRtF/JcR+1zU=
46,45,j+eR4K5aUpQa3lET7Vn8gYLiwyk=,wI7ckJHVg0SOz8Y4RF8P496eB4U=
46,44,j+eR4K5aUpQa3lET7Vn8gYLiwyk=,wI7ckJHVg0SOz8Y4RF8P496eB4U=
47,40,j+eR4K5aUpQa3lET7Vn8gYLiwyk=,Oiao6XHpfuM47XxPRtF/JcR+1zU=
45,47,j+eR4K5aUpQa3lET7Vn8gYLiwyk=,wI7ckJHVg0SOz8Y4RF8P496eB4U=
44,46,j+eR4K5aUpQa3lET7Vn8gYLiwyk=,wI7ckJHVg0SOz8Y4RF8P496eB4U=
45,46,j+eR4K5aUpQa3lET7Vn8gYLiwyk=,wI7ckJHVg0SOz8Y4RF8P496eB4U=
47,42,j+eR4K5aUpQa3lET7Vn8gYLiwyk=,Oiao6XHpfuM47XxPRtF/JcR+1zU=
42,47,j+eR4K5aUpQa3lET7Vn8gYLiwyk=,5HF+3jnoN/pbI78eOKApaPuGSuc=
46,34,j+eR4K5aUpQa3lET7Vn8gYLiwyk=,UGmfJBxjtX2Q+Qz2pi+VSnHP0ag=
47,37,j+eR4K5aUpQa3lET7Vn8gYLiwyk=,VGE7zVJC/U1tv+5cc2vghhPNBFI=
34,47,j+eR4K5aUpQa3lET7Vn8gYLiwyk=,g3L02tt5fPUAQWo94gBNZkV+8yM=
46,40,j+eR4K5aUpQa3lET7Vn8gYLiwyk=,Oiao6XHpfuM47XxPRtF/JcR+1zU=
47,38,j+eR4K5aUpQa3lET7Vn8gYLiwyk=,VGE7zVJC/U1tv+5cc2vghhPNBFI=
47,41,j+eR4K5aUpQa3lET7Vn8gYLiwyk=,Oiao6XHpfuM47XxPRtF/JcR+1zU=
47,35,j+eR4K5aUpQa3lET7Vn8gYLiwyk=,UGmfJBxjtX2Q+Qz2pi+VSnHP0ag=
43,46,j+eR4K5aUpQa3lET7Vn8gYLiwyk=,5HF+3jnoN/pbI78eOKApaPuGSuc=
46,41,j+eR4K5aUpQa3lET7Vn8gYLiwyk=,Oiao6XHpfuM47XxPRtF/JcR+1zU=
35,46,j+eR4K5aUpQa3lET7Vn8gYLiwyk=,g3L02tt5fPUAQWo94gBNZkV+8yM=
43,32,j+eR4K5aUpQa3lET7Vn8gYLiwyk=,W6w7uUyMsnJsr+Ie+DcMfWyQCxc=
42,46,j+eR4K5aUpQa3lET7Vn8gYLiwyk=,5HF+3jnoN/pbI78eOKApaPuGSuc=
40,47,j+eR4K5aUpQa3lET7Vn8gYLiwyk=,5HF+3jnoN/pbI78eOKApaPuGSuc=
47,36,j+eR4K5aUpQa3lET7Vn8gYLiwyk=,VGE7zVJC/U1tv+5cc2vghhPNBFI=
39,47,j+eR4K5aUpQa3lET7Vn8gYLiwyk=,uMMYvoWowssb7+MlXozUlA3zGe0=
41,47,j+eR4K5aUpQa3lET7Vn8gYLiwyk=,5HF+3jnoN/pbI78eOKApaPuGSuc=
37,46,j+eR4K5aUpQa3lET7Vn8gYLiwyk=,uMMYvoWowssb7+MlXozUlA3zGe0=
34,46,j+eR4K5aUpQa3lET7Vn8gYLiwyk=,g3L02tt5fPUAQWo94gBNZkV+8yM=
38,47,j+eR4K5aUpQa3lET7Vn8gYLiwyk=,uMMYvoWowssb7+MlXozUlA3zGe0=
41,46,j+eR4K5aUpQa3lET7Vn8gYLiwyk=,5HF+3jnoN/pbI78eOKApaPuGSuc=
35,47,j+eR4K5aUpQa3lET7Vn8gYLiwyk=,g3L02tt5fPUAQWo94gBNZkV+8yM=
40,46,j+eR4K5aUpQa3lET7Vn8gYLiwyk=,5HF+3jnoN/pbI78eOKApaPuGSuc=
37,47,j+eR4K5aUpQa3lET7Vn8gYLiwyk=,uMMYvoWowssb7+MlXozUlA3zGe0=
38,46,j+eR4K5aUpQa3lET7Vn8gYLiwyk=,uMMYvoWowssb7+MlXozUlA3zGe0=
47,39,j+eR4K5aUpQa3lET7Vn8gYLiwyk=,VGE7zVJC/U1tv+5cc2vghhPNBFI=
39,46,j+eR4K5aUpQa3lET7Vn8gYLiwyk=,uMMYvoWowssb7+MlXozUlA3zGe0=
42,32,j+eR4K5aUpQa3lET7Vn8gYLiwyk=,W6w7uUyMsnJsr+Ie+DcMfWyQCxc=
36,46,j+eR4K5aUpQa3lET7Vn8gYLiwyk=,uMMYvoWowssb7+MlXozUlA3zGe0=
47,34,j+eR4K5aUpQa3lET7Vn8gYLiwyk=,UGmfJBxjtX2Q+Qz2pi+VSnHP0ag=
36,47,j+eR4K5aUpQa3lET7Vn8gYLiwyk=,uMMYvoWowssb7+MlXozUlA3zGe0=
42,33,j+eR4K5aUpQa3lET7Vn8gYLiwyk=,W6w7uUyMsnJsr+Ie+DcMfWyQCxc=
46,39,j+eR4K5aUpQa3lET7Vn8gYLiwyk=,VGE7zVJC/U1tv+5cc2vghhPNBFI=
45,33,j+eR4K5aUpQa3lET7Vn8gYLiwyk=,UGmfJBxjtX2Q+Qz2pi+VSnHP0ag=
46,36,j+eR4K5aUpQa3lET7Vn8gYLiwyk=,VGE7zVJC/U1tv+5cc2vghhPNBFI=
44,33,j+eR4K5aUpQa3lET7Vn8gYLiwyk=,UGmfJBxjtX2Q+Qz2pi+VSnHP0ag=
46,37,j+eR4K5aUpQa3lET7Vn8gYLiwyk=,VGE7zVJC/U1tv+5cc2vghhPNBFI=
45,32,j+eR4K5aUpQa3lET7Vn8gYLiwyk=,UGmfJBxjtX2Q+Qz2pi+VSnHP0ag=
43,33,j+eR4K5aUpQa3lET7Vn8gYLiwyk=,W6w7uUyMsnJsr+Ie+DcMfWyQCxc=
44,32,j+eR4K5aUpQa3lET7Vn8gYLiwyk=,UGmfJBxjtX2Q+Qz2pi+VSnHP0ag=
46,38,j+eR4K5aUpQa3lET7Vn8gYLiwyk=,VGE7zVJC/U1tv+5cc2vghhPNBFI=
40,32,j+eR4K5aUpQa3lET7Vn8gYLiwyk=,W6w7uUyMsnJsr+Ie+DcMfWyQCxc=
46,35,j+eR4K5aUpQa3lET7Vn8gYLiwyk=,UGmfJBxjtX2Q+Qz2pi+VSnHP0ag=
40,36,j+eR4K5aUpQa3lET7Vn8gYLiwyk=,7nJVHOuXV+yAp8jomGBziB5FCsI=
40,34,j+eR4K5aUpQa3lET7Vn8gYLiwyk=,W6w7uUyMsnJsr+Ie+DcMfWyQCxc=
38,34,j+eR4K5aUpQa3lET7Vn8gYLiwyk=,126eVPzLjx6NXVa1lb3mxXSXsKs=
38,36,j+eR4K5aUpQa3lET7Vn8gYLiwyk=,tAu2Chgqv4OoesleQKNBypz8QOo=
38,35,j+eR4K5aUpQa3lET7Vn8gYLiwyk=,126eVPzLjx6NXVa1lb3mxXSXsKs=
32,34,j+eR4K5aUpQa3lET7Vn8gYLiwyk=,vg4jLvpLwI3u+yGlrhPx7lD3B2Q=
40,33,j+eR4K5aUpQa3lET7Vn8gYLiwyk=,W6w7uUyMsnJsr+Ie+DcMfWyQCxc=
40,35,j+eR4K5aUpQa3lET7Vn8gYLiwyk=,W6w7uUyMsnJsr+Ie+DcMfWyQCxc=
38,37,j+eR4K5aUpQa3lET7Vn8gYLiwyk=,tAu2Chgqv4OoesleQKNBypz8QOo=
38,33,j+eR4K5aUpQa3lET7Vn8gYLiwyk=,126eVPzLjx6NXVa1lb3mxXSXsKs=
39,37,j+eR4K5aUpQa3lET7Vn8gYLiwyk=,tAu2Chgqv4OoesleQKNBypz8QOo=
39,36,j+eR4K5aUpQa3lET7Vn8gYLiwyk=,tAu2Chgqv4OoesleQKNBypz8QOo=
39,34,j+eR4K5aUpQa3lET7Vn8gYLiwyk=,126eVPzLjx6NXVa1lb3mxXSXsKs=
39,35,j+eR4K5aUpQa3lET7Vn8gYLiwyk=,126eVPzLjx6NXVa1lb3mxXSXsKs=
38,32,j+eR4K5aUpQa3lET7Vn8gYLiwyk=,126eVPzLjx6NXVa1lb3mxXSXsKs=
39,32,j+eR4K5aUpQa3lET7Vn8gYLiwyk=,126eVPzLjx6NXVa1lb3mxXSXsKs=
41,32,j+eR4K5aUpQa3lET7Vn8gYLiwyk=,W6w7uUyMsnJsr+Ie+DcMfWyQCxc=
37,32,j+eR4K5aUpQa3lET7Vn8gYLiwyk=,126eVPzLjx6NXVa1lb3mxXSXsKs=
35,32,j+eR4K5aUpQa3lET7Vn8gYLiwyk=,vg4jLvpLwI3u+yGlrhPx7lD3B2Q=
32,32,j+eR4K5aUpQa3lET7Vn8gYLiwyk=,vg4jLvpLwI3u+yGlrhPx7lD3B2Q=
40,37,j+eR4K5aUpQa3lET7Vn8gYLiwyk=,7nJVHOuXV+yAp8jomGBziB5FCsI=
32,36,j+eR4K5aUpQa3lET7Vn8gYLiwyk=,9+fqbePtm+bn9NeYGltXVrAJXh8=
32,35,j+eR4K5aUpQa3lET7Vn8gYLiwyk=,vg4jLvpLwI3u+yGlrhPx7lD3B2Q=
47,47,j+eR4K5aUpQa3lET7Vn8gYLiwyk=,wI7ckJHVg0SOz8Y4RF8P496eB4U=
32,40,j+eR4K5aUpQa3lET7Vn8gYLiwyk=,lA87ibva0UD+CQfoplVfIJNgLwA=
41,37,j+eR4K5aUpQa3lET7Vn8gYLiwyk=,7nJVHOuXV+yAp8jomGBziB5FCsI=
47,46,j+eR4K5aUpQa3lET7Vn8gYLiwyk=,wI7ckJHVg0SOz8Y4RF8P496eB4U=
32,45,j+eR4K5aUpQa3lET7Vn8gYLiwyk=,g3L02tt5fPUAQWo94gBNZkV+8yM=
34,37,j+eR4K5aUpQa3lET7Vn8gYLiwyk=,9+fqbePtm+bn9NeYGltXVrAJXh8=
35,34,j+eR4K5aUpQa3lET7Vn8gYLiwyk=,vg4jLvpLwI3u+yGlrhPx7lD3B2Q=
32,46,j+eR4K5aUpQa3lET7Vn8gYLiwyk=,g3L02tt5fPUAQWo94gBNZkV+8yM=
33,35,j+eR4K5aUpQa3lET7Vn8gYLiwyk=,vg4jLvpLwI3u+yGlrhPx7lD3B2Q=
46,47,j+eR4K5aUpQa3lET7Vn8gYLiwyk=,wI7ckJHVg0SOz8Y4RF8P496eB4U=
33,34,j+eR4K5aUpQa3lET7Vn8gYLiwyk=,vg4jLvpLwI3u+yGlrhPx7lD3B2Q=
41,34,j+eR4K5aUpQa3lET7Vn8gYLiwyk=,W6w7uUyMsnJsr+Ie+DcMfWyQCxc=
39,33,j+eR4K5aUpQa3lET7Vn8gYLiwyk=,126eVPzLjx6NXVa1lb3mxXSXsKs=
46,46,j+eR4K5aUpQa3lET7Vn8gYLiwyk=,wI7ckJHVg0SOz8Y4RF8P496eB4U=
46,32,j+eR4K5aUpQa3lET7Vn8gYLiwyk=,UGmfJBxjtX2Q+Qz2pi+VSnHP0ag=
35,37,j+eR4K5aUpQa3lET7Vn8gYLiwyk=,9+fqbePtm+bn9NeYGltXVrAJXh8=
41,35,j+eR4K5aUpQa3lET7Vn8gYLiwyk=,W6w7uUyMsnJsr+Ie+DcMfWyQCxc=
41,36,j+eR4K5aUpQa3lET7Vn8gYLiwyk=,7nJVHOuXV+yAp8jomGBziB5FCsI=
36,37,j+eR4K5aUpQa3lET7Vn8gYLiwyk=,tAu2Chgqv4OoesleQKNBypz8QOo=
32,37,j+eR4K5aUpQa3lET7Vn8gYLiwyk=,9+fqbePtm+bn9NeYGltXVrAJXh8=
37,33,j+eR4K5aUpQa3lET7Vn8gYLiwyk=,126eVPzLjx6NXVa1lb3mxXSXsKs=
32,33,j+eR4K5aUpQa3lET7Vn8gYLiwyk=,vg4jLvpLwI3u+yGlrhPx7lD3B2Q=
33,47,j+eR4K5aUpQa3lET7Vn8gYLiwyk=,g3L02tt5fPUAQWo94gBNZkV+8yM=
32,43,j+eR4K5aUpQa3lET7Vn8gYLiwyk=,lA87ibva0UD+CQfoplVfIJNgLwA=
37,37,j+eR4K5aUpQa3lET7Vn8gYLiwyk=,tAu2Chgqv4OoesleQKNBypz8QOo=
47,32,j+eR4K5aUpQa3lET7Vn8gYLiwyk=,UGmfJBxjtX2Q+Qz2pi+VSnHP0ag=
32,42,j+eR4K5aUpQa3lET7Vn8gYLiwyk=,lA87ibva0UD+CQfoplVfIJNgLwA=
33,36,j+eR4K5aUpQa3lET7Vn8gYLiwyk=,9+fqbePtm+bn9NeYGltXVrAJXh8=
47,33,j+eR4K5aUpQa3lET7Vn8gYLiwyk=,UGmfJBxjtX2Q+Qz2pi+VSnHP0ag=
41,33,j+eR4K5aUpQa3lET7Vn8gYLiwyk=,W6w7uUyMsnJsr+Ie+DcMfWyQCxc=
33,44,j+eR4K5aUpQa3lET7Vn8gYLiwyk=,g3L02tt5fPUAQWo94gBNZkV+8yM=
36,32,j+eR4K5aUpQa3lET7Vn8gYLiwyk=,126eVPzLjx6NXVa1lb3mxXSXsKs=
37,34,j+eR4K5aUpQa3lET7Vn8gYLiwyk=,126eVPzLjx6NXVa1lb3mxXSXsKs=
46,33,j+eR4K5aUpQa3lET7Vn8gYLiwyk=,UGmfJBxjtX2Q+Qz2pi+VSnHP0ag=
32,39,j+eR4K5aUpQa3lET7Vn8gYLiwyk=,9+fqbePtm+bn9NeYGltXVrAJXh8=
33,46,j+eR4K5aUpQa3lET7Vn8gYLiwyk=,g3L02tt5fPUAQWo94gBNZkV+8yM=
36,35,j+eR4K5aUpQa3lET7Vn8gYLiwyk=,126eVPzLjx6NXVa1lb3mxXSXsKs=
37,36,j+eR4K5aUpQa3lET7Vn8gYLiwyk=,tAu2Chgqv4OoesleQKNBypz8QOo=
34,36,j+eR4K5aUpQa3lET7Vn8gYLiwyk=,9+fqbePtm+bn9NeYGltXVrAJXh8=
32,47,j+eR4K5aUpQa3lET7Vn8gYLiwyk=,g3L02tt5fPUAQWo94gBNZkV+8yM=
33,43,j+eR4K5aUpQa3lET7Vn8gYLiwyk=,lA87ibva0UD+CQfoplVfIJNgLwA=
35,35,j+eR4K5aUpQa3lET7Vn8gYLiwyk=,vg4jLvpLwI3u+yGlrhPx7lD3B2Q=
33,33,j+eR4K5aUpQa3lET7Vn8gYLiwyk=,vg4jLvpLwI3u+yGlrhPx7lD3B2Q=
34,33,j+eR4K5aUpQa3lET7Vn8gYLiwyk=,vg4jLvpLwI3u+yGlrhPx7lD3B2Q=
37,35,j+eR4K5aUpQa3lET7Vn8gYLiwyk=,126eVPzLjx6NXVa1lb3mxXSXsKs=
33,38,j+eR4K5aUpQa3lET7Vn8gYLiwyk=,9+fqbePtm+bn9NeYGltXVrAJXh8=
33,42,j+eR4K5aUpQa3lET7Vn8gYLiwyk=,lA87ibva0UD+CQfoplVfIJNgLwA=
36,34,j+eR4K5aUpQa3lET7Vn8gYLiwyk=,126eVPzLjx6NXVa1lb3mxXSXsKs=
36,36,j+eR4K5aUpQa3lET7Vn8gYLiwyk=,tAu2Chgqv4OoesleQKNBypz8QOo=
32,44,j+eR4K5aUpQa3lET7Vn8gYLiwyk=,g3L02tt5fPUAQWo94gBNZkV+8yM=
35,36,j+eR4K5aUpQa3lET7Vn8gYLiwyk=,9+fqbePtm+bn9NeYGltXVrAJXh8=
32,38,j+eR4K5aUpQa3lET7Vn8gYLiwyk=,9+fqbePtm+bn9NeYGltXVrAJXh8=
34,35,j+eR4K5aUpQa3lET7Vn8gYLiwyk=,vg4jLvpLwI3u+yGlrhPx7lD3B2Q=
35,33,j+eR4K5aUpQa3lET7Vn8gYLiwyk=,vg4jLvpLwI3u+yGlrhPx7lD3B2Q=
33,45,j+eR4K5aUpQa3lET7Vn8gYLiwyk=,g3L02tt5fPUAQWo94gBNZkV+8yM=
33,32,j+eR4K5aUpQa3lET7Vn8gYLiwyk=,vg4jLvpLwI3u+yGlrhPx7lD3B2Q=
36,33,j+eR4K5aUpQa3lET7Vn8gYLiwyk=,126eVPzLjx6NXVa1lb3mxXSXsKs=
33,40,j+eR4K5aUpQa3lET7Vn8gYLiwyk=,lA87ibva0UD+CQfoplVfIJNgLwA=
34,34,j+eR4K5aUpQa3lET7Vn8gYLiwyk=,vg4jLvpLwI3u+yGlrhPx7lD3B2Q=
33,39,j+eR4K5aUpQa3lET7Vn8gYLiwyk=,9+fqbePtm+bn9NeYGltXVrAJXh8=
33,37,j+eR4K5aUpQa3lET7Vn8gYLiwyk=,9+fqbePtm+bn9NeYGltXVrAJXh8=
34,32,j+eR4K5aUpQa3lET7Vn8gYLiwyk=,vg4jLvpLwI3u+yGlrhPx7lD3B2Q=
33,41,j+eR4K5aUpQa3lET7Vn8gYLiwyk=,lA87ibva0UD+CQfoplVfIJNgLwA=
32,41,j+eR4K5aUpQa3lET7Vn8gYLiwyk=,lA87ibva0UD+CQfoplVfIJNgLwA=
42,53,QMHLaR/q3VvzAy7DlkaE02UWAP8=,X5J/bPWQ9BSnL7V3H6Owa0OROho=
44,50,QMHLaR/q3VvzAy7DlkaE02UWAP8=,7qH4Dl/aiG3x5LHIv7dGd5GgXvI=
42,50,QMHLaR/q3VvzAy7DlkaE02UWAP8=,SrCWYBCyT0qMDnvBj8vTFsk1zgs=
43,53,QMHLaR/q3VvzAy7DlkaE02UWAP8=,X5J/bPWQ9BSnL7V3H6Owa0OROho=
43,50,QMHLaR/q3VvzAy7DlkaE02UWAP8=,SrCWYBCyT0qMDnvBj8vTFsk1zgs=
44,52,QMHLaR/q3VvzAy7DlkaE02UWAP8=,zrxLjq9QplAsfdK9Jd/KjWAlQZU=
44,51,1FhO3T4z77e+tDV/uhfOVrOuKqw=,7qH4Dl/aiG3x5LHIv7dGd5GgXvI=
43,52,1FhO3T4z77e+tDV/uhfOVrOuKqw=,X5J/bPWQ9BSnL7V3H6Owa0OROho=
45,51,1FhO3T4z77e+tDV/uhfOVrOuKqw=,7qH4Dl/aiG3x5LHIv7dGd5GgXvI=
43,51,1FhO3T4z77e+tDV/uhfOVrOuKqw=,SrCWYBCyT0qMDnvBj8vTFsk1zgs=
40,50,1FhO3T4z77e+tDV/uhfOVrOuKqw=,SrCWYBCyT0qMDnvBj8vTFsk1zgs=
42,51,1FhO3T4z77e+tDV/uhfOVrOuKqw=,SrCWYBCyT0qMDnvBj8vTFsk1zgs=
42,52,SiQUvC5OwKw0cXNAkoOW3GTH04A=,X5J/bPWQ9BSnL7V3H6Owa0OROho=
45,50,SiQUvC5OwKw0cXNAkoOW3GTH04A=,7qH4Dl/aiG3x5LHIv7dGd5GgXvI=
40,52,SiQUvC5OwKw0cXNAkoOW3GTH04A=,X5J/bPWQ9BSnL7V3H6Owa0OROho=
41,53,SiQUvC5OwKw0cXNAkoOW3GTH04A=,X5J/bPWQ9BSnL7V3H6Owa0OROho=
39,51,SiQUvC5OwKw0cXNAkoOW3GTH04A=,O5DG8bKB0ifsasoaWNok4JSLggE=
45,53,SiQUvC5OwKw0cXNAkoOW3GTH04A=,zrxLjq9QplAsfdK9Jd/KjWAlQZU=
44,53,SiQUvC5OwKw0cXNAkoOW3GTH04A=,zrxLjq9QplAsfdK9Jd/KjWAlQZU=
41,52,SiQUvC5OwKw0cXNAkoOW3GTH04A=,X5J/bPWQ9BSnL7V3H6Owa0OROho=
41,50,SiQUvC5OwKw0cXNAkoOW3GTH04A=,SrCWYBCyT0qMDnvBj8vTFsk1zgs=
41,51,SiQUvC5OwKw0cXNAkoOW3GTH04A=,SrCWYBCyT0qMDnvBj8vTFsk1zgs=
40,53,SiQUvC5OwKw0cXNAkoOW3GTH04A=,X5J/bPWQ9BSnL7V3H6Owa0OROho=
39,53,SiQUvC5OwKw0cXNAkoOW3GTH04A=,TsK+/5u3vP26zVwLJkadUgigxoc=
38,53,SiQUvC5OwKw0cXNAkoOW3GTH04A=,TsK+/5u3vP26zVwLJkadUgigxoc=
38,50,SiQUvC5OwKw0cXNAkoOW3GTH04A=,O5DG8bKB0ifsasoaWNok4JSLggE=
38,52,Jsv6z5oKIoQBS0+pmUyopIUDecU=,TsK+/5u3vP26zVwLJkadUgigxoc=
40,51,Jsv6z5oKIoQBS0+pmUyopIUDecU=,SrCWYBCyT0qMDnvBj8vTFsk1zgs=
45,52,Jsv6z5oKIoQBS0+pmUyopIUDecU=,zrxLjq9QplAsfdK9Jd/KjWAlQZU=
38,51,Jsv6z5oKIoQBS0+pmUyopIUDecU=,O5DG8bKB0ifsasoaWNok4JSLggE=
39,52,IudENtapXKQZu1m7bXd/Ck14YFg=,TsK+/5u3vP26zVwLJkadUgigxoc=
39,50,IudENtapXKQZu1m7bXd/Ck14YFg=,O5DG8bKB0ifsasoaWNok4JSLggE=
40,54,IudENtapXKQZu1m7bXd/Ck14YFg=,X5J/bPWQ9BSnL7V3H6Owa0OROho=
40,55,IudENtapXKQZu1m7bXd/Ck14YFg=,X5J/bPWQ9BSnL7V3H6Owa0OROho=
41,54,IudENtapXKQZu1m7bXd/Ck14YFg=,X5J/bPWQ9BSnL7V3H6Owa0OROho=
41,55,IudENtapXKQZu1m7bXd/Ck14YFg=,X5J/bPWQ9BSnL7V3H6Owa0OROho=
39,54,IudENtapXKQZu1m7bXd/Ck14YFg=,TsK+/5u3vP26zVwLJkadUgigxoc=
39,55,IudENtapXKQZu1m7bXd/Ck14YFg=,TsK+/5u3vP26zVwLJkadUgigxoc=
38,56,IudENtapXKQZu1m7bXd/Ck14YFg=,UVN6IiGxC0/n587CthGlNYJJxOc=
38,54,IudENtapXKQZu1m7bXd/Ck14YFg=,TsK+/5u3vP26zVwLJkadUgigxoc=
41,56,IudENtapXKQZu1m7bXd/Ck14YFg=,LFiWfhrUBy12RCALNPb8Ne6254w=
39,57,IudENtapXKQZu1m7bXd/Ck14YFg=,UVN6IiGxC0/n587CthGlNYJJxOc=
38,55,IudENtapXKQZu1m7bXd/Ck14YFg=,TsK+/5u3vP26zVwLJkadUgigxoc=
40,57,IudENtapXKQZu1m7bXd/Ck14YFg=,LFiWfhrUBy12RCALNPb8Ne6254w=
38,57,IudENtapXKQZu1m7bXd/Ck14YFg=,UVN6IiGxC0/n587CthGlNYJJxOc=
40,56,IudENtapXKQZu1m7bXd/Ck14YFg=,LFiWfhrUBy12RCALNPb8Ne6254w=
41,57,IudENtapXKQZu1m7bXd/Ck14YFg=,LFiWfhrUBy12RCALNPb8Ne6254w=
39,56,1Aj1BvFShmuyMiEekJjvqWP/NBg=,UVN6IiGxC0/n587CthGlNYJJxOc=
39,58,1Aj1BvFShmuyMiEekJjvqWP/NBg=,UVN6IiGxC0/n587CthGlNYJJxOc=
38,58,1Aj1BvFShmuyMiEekJjvqWP/NBg=,UVN6IiGxC0/n587CthGlNYJJxOc=
39,59,1Aj1BvFShmuyMiEekJjvqWP/NBg=,UVN6IiGxC0/n587CthGlNYJJxOc=
44,55,1Aj1BvFShmuyMiEekJjvqWP/NBg=,zrxLjq9QplAsfdK9Jd/KjWAlQZU=
38,59,1Aj1BvFShmuyMiEekJjvqWP/NBg=,UVN6IiGxC0/n587CthGlNYJJxOc=
42,55,1Aj1BvFShmuyMiEekJjvqWP/NBg=,X5J/bPWQ9BSnL7V3H6Owa0OROho=
43,55,1Aj1BvFShmuyMiEekJjvqWP/NBg=,X5J/bPWQ9BSnL7V3H6Owa0OROho=
43,54,1Aj1BvFShmuyMiEekJjvqWP/NBg=,X5J/bPWQ9BSnL7V3H6Owa0OROho=
40,60,1Aj1BvFShmuyMiEekJjvqWP/NBg=,rNS0flc436Mg5W2OwloiEo3TxJg=
44,54,1Aj1BvFShmuyMiEekJjvqWP/NBg=,zrxLjq9QplAsfdK9Jd/KjWAlQZU=
44,56,1Aj1BvFShmuyMiEekJjvqWP/NBg=,AsgX5d7PcYSpgjyqdjEKLkdgdCw=
42,57,1Aj1BvFShmuyMiEekJjvqWP/NBg=,LFiWfhrUBy12RCALNPb8Ne6254w=
43,57,1Aj1BvFShmuyMiEekJjvqWP/NBg=,LFiWfhrUBy12RCALNPb8Ne6254w=
42,61,fO4H+ZF10tqcZMCNGFEYKKK82G8=,rNS0flc436Mg5W2OwloiEo3TxJg=
41,61,fO4H+ZF10tqcZMCNGFEYKKK82G8=,rNS0flc436Mg5W2OwloiEo3TxJg=
40,59,fO4H+ZF10tqcZMCNGFEYKKK82G8=,LFiWfhrUBy12RCALNPb8Ne6254w=
38,61,fO4H+ZF10tqcZMCNGFEYKKK82G8=,xY4URoai1drLp0OAaEZtfhPQE5A=
41,60,fO4H+ZF10tqcZMCNGFEYKKK82G8=,rNS0flc436Mg5W2OwloiEo3TxJg=
42,54,fO4H+ZF10tqcZMCNGFEYKKK82G8=,X5J/bPWQ9BSnL7V3H6Owa0OROho=
40,58,fO4H+ZF10tqcZMCNGFEYKKK82G8=,LFiWfhrUBy12RCALNPb8Ne6254w=
45,56,fO4H+ZF10tqcZMCNGFEYKKK82G8=,AsgX5d7PcYSpgjyqdjEKLkdgdCw=
40,61,fO4H+ZF10tqcZMCNGFEYKKK82G8=,rNS0flc436Mg5W2OwloiEo3TxJg=
39,61,fO4H+ZF10tqcZMCNGFEYKKK82G8=,xY4URoai1drLp0OAaEZtfhPQE5A=
39,60,fO4H+ZF10tqcZMCNGFEYKKK82G8=,xY4URoai1drLp0OAaEZtfhPQE5A=
45,55,S+zBz03sw8OEX+xOAGyoLwHp/1I=,zrxLjq9QplAsfdK9Jd/KjWAlQZU=
42,60,S+zBz03sw8OEX+xOAGyoLwHp/1I=,rNS0flc436Mg5W2OwloiEo3TxJg=
44,57,S+zBz03sw8OEX+xOAGyoLwHp/1I=,AsgX5d7PcYSpgjyqdjEKLkdgdCw=
41,58,S+zBz03sw8OEX+xOAGyoLwHp/1I=,LFiWfhrUBy12RCALNPb8Ne6254w=
45,54,S+zBz03sw8OEX+xOAGyoLwHp/1I=,zrxLjq9QplAsfdK9Jd/KjWAlQZU=
42,56,S+zBz03sw8OEX+xOAGyoLwHp/1I=,LFiWfhrUBy12RCALNPb8Ne6254w=
38,60,S+zBz03sw8OEX+xOAGyoLwHp/1I=,xY4URoai1drLp0OAaEZtfhPQE5A=
45,57,S+zBz03sw8OEX+xOAGyoLwHp/1I=,AsgX5d7PcYSpgjyqdjEKLkdgdCw=
42,59,S+zBz03sw8OEX+xOAGyoLwHp/1I=,LFiWfhrUBy12RCALNPb8Ne6254w=
43,56,S+zBz03sw8OEX+xOAGyoLwHp/1I=,LFiWfhrUBy12RCALNPb8Ne6254w=
44,61,S+zBz03sw8OEX+xOAGyoLwHp/1I=,pGlht+4cGO+j7/64s0iUWgYxFXA=
45,60,S+zBz03sw8OEX+xOAGyoLwHp/1I=,pGlht+4cGO+j7/64s0iUWgYxFXA=
36,59,UhuC5FPFM22tsPcdAJVwP1kRu+8=,UVN6IiGxC0/n587CthGlNYJJxOc=
45,61,UhuC5FPFM22tsPcdAJVwP1kRu+8=,pGlht+4cGO+j7/64s0iUWgYxFXA=
44,60,UhuC5FPFM22tsPcdAJVwP1kRu+8=,pGlht+4cGO+j7/64s0iUWgYxFXA=
43,58,UhuC5FPFM22tsPcdAJVwP1kRu+8=,LFiWfhrUBy12RCALNPb8Ne6254w=
37,58,UhuC5FPFM22tsPcdAJVwP1kRu+8=,UVN6IiGxC0/n587CthGlNYJJxOc=
35,60,UhuC5FPFM22tsPcdAJVwP1kRu+8=,JAoCdCiVKmpTQR3nfoj8dB8Bj5I=
43,60,UhuC5FPFM22tsPcdAJVwP1kRu+8=,rNS0flc436Mg5W2OwloiEo3TxJg=
37,59,UhuC5FPFM22tsPcdAJVwP1kRu+8=,UVN6IiGxC0/n587CthGlNYJJxOc=
43,61,UhuC5FPFM22tsPcdAJVwP1kRu+8=,rNS0flc436Mg5W2OwloiEo3TxJg=
41,59,UhuC5FPFM22tsPcdAJVwP1kRu+8=,LFiWfhrUBy12RCALNPb8Ne6254w=
45,59,UhuC5FPFM22tsPcdAJVwP1kRu+8=,AsgX5d7PcYSpgjyqdjEKLkdgdCw=
35,58,UhuC5FPFM22tsPcdAJVwP1kRu+8=,rvXbz7uk0L5zBuTooP5Kl52Hmg8=
44,59,UhuC5FPFM22tsPcdAJVwP1kRu+8=,AsgX5d7PcYSpgjyqdjEKLkdgdCw=
43,59,UhuC5FPFM22tsPcdAJVwP1kRu+8=,LFiWfhrUBy12RCALNPb8Ne6254w=
36,58,UhuC5FPFM22tsPcdAJVwP1kRu+8=,UVN6IiGxC0/n587CthGlNYJJxOc=
34,58,UhuC5FPFM22tsPcdAJVwP1kRu+8=,rvXbz7uk0L5zBuTooP5Kl52Hmg8=
34,59,UhuC5FPFM22tsPcdAJVwP1kRu+8=,rvXbz7uk0L5zBuTooP5Kl52Hmg8=
42,58,UhuC5FPFM22tsPcdAJVwP1kRu+8=,LFiWfhrUBy12RCALNPb8Ne6254w=
44,58,UhuC5FPFM22tsPcdAJVwP1kRu+8=,AsgX5d7PcYSpgjyqdjEKLkdgdCw=
35,59,UhuC5FPFM22tsPcdAJVwP1kRu+8=,rvXbz7uk0L5zBuTooP5Kl52Hmg8=
34,60,UhuC5FPFM22tsPcdAJVwP1kRu+8=,JAoCdCiVKmpTQR3nfoj8dB8Bj5I=
37,61,UhuC5FPFM22tsPcdAJVwP1kRu+8=,xY4URoai1drLp0OAaEZtfhPQE5A=
37,54,UhuC5FPFM22tsPcdAJVwP1kRu+8=,TsK+/5u3vP26zVwLJkadUgigxoc=
34,54,UhuC5FPFM22tsPcdAJVwP1kRu+8=,iOxrAZS0kZvckTV5TZyohPzC9MA=
35,51,UhuC5FPFM22tsPcdAJVwP1kRu+8=,b0Ex85UcOjrDfleM+r9WNsBVvUk=
45,58,UhuC5FPFM22tsPcdAJVwP1kRu+8=,AsgX5d7PcYSpgjyqdjEKLkdgdCw=
37,53,UhuC5FPFM22tsPcdAJVwP1kRu+8=,TsK+/5u3vP26zVwLJkadUgigxoc=
36,51,UhuC5FPFM22tsPcdAJVwP1kRu+8=,O5DG8bKB0ifsasoaWNok4JSLggE=
37,57,UhuC5FPFM22tsPcdAJVwP1kRu+8=,UVN6IiGxC0/n587CthGlNYJJxOc=
34,61,UhuC5FPFM22tsPcdAJVwP1kRu+8=,JAoCdCiVKmpTQR3nfoj8dB8Bj5I=
35,54,UhuC5FPFM22tsPcdAJVwP1kRu+8=,iOxrAZS0kZvckTV5TZyohPzC9MA=
35,61,UhuC5FPFM22tsPcdAJVwP1kRu+8=,JAoCdCiVKmpTQR3nfoj8dB8Bj5I=
37,52,UhuC5FPFM22tsPcdAJVwP1kRu+8=,TsK+/5u3vP26zVwLJkadUgigxoc=
37,56,UhuC5FPFM22tsPcdAJVwP1kRu+8=,UVN6IiGxC0/n587CthGlNYJJxOc=
37,55,UhuC5FPFM22tsPcdAJVwP1kRu+8=,TsK+/5u3vP26zVwLJkadUgigxoc=
37,60,UhuC5FPFM22tsPcdAJVwP1kRu+8=,xY4URoai1drLp0OAaEZtfhPQE5A=
34,51,UhuC5FPFM22tsPcdAJVwP1kRu+8=,b0Ex85UcOjrDfleM+r9WNsBVvUk=
36,52,UhuC5FPFM22tsPcdAJVwP1kRu+8=,TsK+/5u3vP26zVwLJkadUgigxoc=
32,51,UhuC5FPFM22tsPcdAJVwP1kRu+8=,b0Ex85UcOjrDfleM+r9WNsBVvUk=
34,57,UhuC5FPFM22tsPcdAJVwP1kRu+8=,rvXbz7uk0L5zBuTooP5Kl52Hmg8=
36,61,UhuC5FPFM22tsPcdAJVwP1kRu+8=,xY4URoai1drLp0OAaEZtfhPQE5A=
36,53,UhuC5FPFM22tsPcdAJVwP1kRu+8=,TsK+/5u3vP26zVwLJkadUgigxoc=
35,50,UhuC5FPFM22tsPcdAJVwP1kRu+8=,b0Ex85UcOjrDfleM+r9WNsBVvUk=
34,52,UhuC5FPFM22tsPcdAJVwP1kRu+8=,iOxrAZS0kZvckTV5TZyohPzC9MA=
36,57,UhuC5FPFM22tsPcdAJVwP1kRu+8=,UVN6IiGxC0/n587CthGlNYJJxOc=
37,50,UhuC5FPFM22tsPcdAJVwP1kRu+8=,O5DG8bKB0ifsasoaWNok4JSLggE=
36,56,UhuC5FPFM22tsPcdAJVwP1kRu+8=,UVN6IiGxC0/n587CthGlNYJJxOc=
32,50,UhuC5FPFM22tsPcdAJVwP1kRu+8=,b0Ex85UcOjrDfleM+r9WNsBVvUk=
37,48,UhuC5FPFM22tsPcdAJVwP1kRu+8=,O5DG8bKB0ifsasoaWNok4JSLggE=
38,48,UhuC5FPFM22tsPcdAJVwP1kRu+8=,O5DG8bKB0ifsasoaWNok4JSLggE=
36,50,UhuC5FPFM22tsPcdAJVwP1kRu+8=,O5DG8bKB0ifsasoaWNok4JSLggE=
35,52,UhuC5FPFM22tsPcdAJVwP1kRu+8=,iOxrAZS0kZvckTV5TZyohPzC9MA=
39,48,UhuC5FPFM22tsPcdAJVwP1kRu+8=,O5DG8bKB0ifsasoaWNok4JSLggE=
41,48,UhuC5FPFM22tsPcdAJVwP1kRu+8=,SrCWYBCyT0qMDnvBj8vTFsk1zgs=
40,49,UhuC5FPFM22tsPcdAJVwP1kRu+8=,SrCWYBCyT0qMDnvBj8vTFsk1zgs=
33,51,UhuC5FPFM22tsPcdAJVwP1kRu+8=,b0Ex85UcOjrDfleM+r9WNsBVvUk=
35,57,UhuC5FPFM22tsPcdAJVwP1kRu+8=,rvXbz7uk0L5zBuTooP5Kl52Hmg8=
36,48,UhuC5FPFM22tsPcdAJVwP1kRu+8=,O5DG8bKB0ifsasoaWNok4JSLggE=
34,50,UhuC5FPFM22tsPcdAJVwP1kRu+8=,b0Ex85UcOjrDfleM+r9WNsBVvUk=
43,48,UhuC5FPFM22tsPcdAJVwP1kRu+8=,SrCWYBCyT0qMDnvBj8vTFsk1zgs=
34,55,UhuC5FPFM22tsPcdAJVwP1kRu+8=,iOxrAZS0kZvckTV5TZyohPzC9MA=
40,48,UhuC5FPFM22tsPcdAJVwP1kRu+8=,SrCWYBCyT0qMDnvBj8vTFsk1zgs=
34,53,UhuC5FPFM22tsPcdAJVwP1kRu+8=,iOxrAZS0kZvckTV5TZyohPzC9MA=
35,53,UhuC5FPFM22tsPcdAJVwP1kRu+8=,iOxrAZS0kZvckTV5TZyohPzC9MA=
36,55,UhuC5FPFM22tsPcdAJVwP1kRu+8=,TsK+/5u3vP26zVwLJkadUgigxoc=
38,49,UhuC5FPFM22tsPcdAJVwP1kRu+8=,O5DG8bKB0ifsasoaWNok4JSLggE=
35,48,UhuC5FPFM22tsPcdAJVwP1kRu+8=,b0Ex85UcOjrDfleM+r9WNsBVvUk=
41,49,UhuC5FPFM22tsPcdAJVwP1kRu+8=,SrCWYBCyT0qMDnvBj8vTFsk1zgs=
34,56,UhuC5FPFM22tsPcdAJVwP1kRu+8=,rvXbz7uk0L5zBuTooP5Kl52Hmg8=
45,49,UhuC5FPFM22tsPcdAJVwP1kRu+8=,7qH4Dl/aiG3x5LHIv7dGd5GgXvI=
35,56,UhuC5FPFM22tsPcdAJVwP1kRu+8=,rvXbz7uk0L5zBuTooP5Kl52Hmg8=
33,50,UhuC5FPFM22tsPcdAJVwP1kRu+8=,b0Ex85UcOjrDfleM+r9WNsBVvUk=
37,51,UhuC5FPFM22tsPcdAJVwP1kRu+8=,O5DG8bKB0ifsasoaWNok4JSLggE=
47,53,UhuC5FPFM22tsPcdAJVwP1kRu+8=,zrxLjq9QplAsfdK9Jd/KjWAlQZU=
36,49,UhuC5FPFM22tsPcdAJVwP1kRu+8=,O5DG8bKB0ifsasoaWNok4JSLggE=
34,49,UhuC5FPFM22tsPcdAJVwP1kRu+8=,b0Ex85UcOjrDfleM+r9WNsBVvUk=
39,49,UhuC5FPFM22tsPcdAJVwP1kRu+8=,O5DG8bKB0ifsasoaWNok4JSLggE=
35,55,UhuC5FPFM22tsPcdAJVwP1kRu+8=,iOxrAZS0kZvckTV5TZyohPzC9MA=
35,49,UhuC5FPFM22tsPcdAJVwP1kRu+8=,b0Ex85UcOjrDfleM+r9WNsBVvUk=
47,48,UhuC5FPFM22tsPcdAJVwP1kRu+8=,7qH4Dl/aiG3x5LHIv7dGd5GgXvI=
34,48,UhuC5FPFM22tsPcdAJVwP1kRu+8=,b0Ex85UcOjrDfleM+r9WNsBVvUk=
36,54,UhuC5FPFM22tsPcdAJVwP1kRu+8=,TsK+/5u3vP26zVwLJkadUgigxoc=
36,60,UhuC5FPFM22tsPcdAJVwP1kRu+8=,xY4URoai1drLp0OAaEZtfhPQE5A=
37,49,UhuC5FPFM22tsPcdAJVwP1kRu+8=,O5DG8bKB0ifsasoaWNok4JSLggE=
46,48,UhuC5FPFM22tsPcdAJVwP1kRu+8=,7qH4Dl/aiG3x5LHIv7dGd5GgXvI=
45,48,UhuC5FPFM22tsPcdAJVwP1kRu+8=,7qH4Dl/aiG3x5LHIv7dGd5GgXvI=
47,49,UhuC5FPFM22tsPcdAJVwP1kRu+8=,7qH4Dl/aiG3x5LHIv7dGd5GgXvI=
47,55,UhuC5FPFM22tsPcdAJVwP1kRu+8=,zrxLjq9QplAsfdK9Jd/KjWAlQZU=
46,49,UhuC5FPFM22tsPcdAJVwP1kRu+8=,7qH4Dl/aiG3x5LHIv7dGd5GgXvI=
32,54,UhuC5FPFM22tsPcdAJVwP1kRu+8=,iOxrAZS0kZvckTV5TZyohPzC9MA=
44,48,UhuC5FPFM22tsPcdAJVwP1kRu+8=,7qH4Dl/aiG3x5LHIv7dGd5GgXvI=
33,57,UhuC5FPFM22tsPcdAJVwP1kRu+8=,rvXbz7uk0L5zBuTooP5Kl52Hmg8=
47,52,UhuC5FPFM22tsPcdAJVwP1kRu+8=,zrxLjq9QplAsfdK9Jd/KjWAlQZU=
32,57,UhuC5FPFM22tsPcdAJVwP1kRu+8=,rvXbz7uk0L5zBuTooP5Kl52Hmg8=
47,58,UhuC5FPFM22tsPcdAJVwP1kRu+8=,AsgX5d7PcYSpgjyqdjEKLkdgdCw=
47,54,UhuC5FPFM22tsPcdAJVwP1kRu+8=,zrxLjq9QplAsfdK9Jd/KjWAlQZU=
47,63,UhuC5FPFM22tsPcdAJVwP1kRu+8=,pGlht+4cGO+j7/64s0iUWgYxFXA=
46,51,UhuC5FPFM22tsPcdAJVwP1kRu+8=,7qH4Dl/aiG3x5LHIv7dGd5GgXvI=
42,48,UhuC5FPFM22tsPcdAJVwP1kRu+8=,SrCWYBCyT0qMDnvBj8vTFsk1zgs=
46,61,UhuC5FPFM22tsPcdAJVwP1kRu+8=,pGlht+4cGO+j7/64s0iUWgYxFXA=
44,49,UhuC5FPFM22tsPcdAJVwP1kRu+8=,7qH4Dl/aiG3x5LHIv7dGd5GgXvI=
32,56,UhuC5FPFM22tsPcdAJVwP1kRu+8=,rvXbz7uk0L5zBuTooP5Kl52Hmg8=
47,57,UhuC5FPFM22tsPcdAJVwP1kRu+8=,AsgX5d7PcYSpgjyqdjEKLkdgdCw=
46,55,UhuC5FPFM22tsPcdAJVwP1kRu+8=,zrxLjq9QplAsfdK9Jd/KjWAlQZU=
43,49,UhuC5FPFM22tsPcdAJVwP1kRu+8=,SrCWYBCyT0qMDnvBj8vTFsk1zgs=
47,59,UhuC5FPFM22tsPcdAJVwP1kRu+8=,AsgX5d7PcYSpgjyqdjEKLkdgdCw=
46,62,UhuC5FPFM22tsPcdAJVwP1kRu+8=,pGlht+4cGO+j7/64s0iUWgYxFXA=
47,62,UhuC5FPFM22tsPcdAJVwP1kRu+8=,pGlht+4cGO+j7/64s0iUWgYxFXA=
46,60,UhuC5FPFM22tsPcdAJVwP1kRu+8=,pGlht+4cGO+j7/64s0iUWgYxFXA=
47,50,UhuC5FPFM22tsPcdAJVwP1kRu+8=,7qH4Dl/aiG3x5LHIv7dGd5GgXvI=
47,51,UhuC5FPFM22tsPcdAJVwP1kRu+8=,7qH4Dl/aiG3x5LHIv7dGd5GgXvI=
46,63,UhuC5FPFM22tsPcdAJVwP1kRu+8=,pGlht+4cGO+j7/64s0iUWgYxFXA=
42,49,UhuC5FPFM22tsPcdAJVwP1kRu+8=,SrCWYBCyT0qMDnvBj8vTFsk1zgs=
44,63,UhuC5FPFM22tsPcdAJVwP1kRu+8=,pGlht+4cGO+j7/64s0iUWgYxFXA=
47,61,UhuC5FPFM22tsPcdAJVwP1kRu+8=,pGlht+4cGO+j7/64s0iUWgYxFXA=
32,55,UhuC5FPFM22tsPcdAJVwP1kRu+8=,iOxrAZS0kZvckTV5TZyohPzC9MA=
46,50,UhuC5FPFM22tsPcdAJVwP1kRu+8=,7qH4Dl/aiG3x5LHIv7dGd5GgXvI=
46,57,UhuC5FPFM22tsPcdAJVwP1kRu+8=,AsgX5d7PcYSpgjyqdjEKLkdgdCw=
46,52,UhuC5FPFM22tsPcdAJVwP1kRu+8=,zrxLjq9QplAsfdK9Jd/KjWAlQZU=
46,54,UhuC5FPFM22tsPcdAJVwP1kRu+8=,zrxLjq9QplAsfdK9Jd/KjWAlQZU=
47,56,UhuC5FPFM22tsPcdAJVwP1kRu+8=,AsgX5d7PcYSpgjyqdjEKLkdgdCw=
39,63,UhuC5FPFM22tsPcdAJVwP1kRu+8=,xY4URoai1drLp0OAaEZtfhPQE5A=
41,62,UhuC5FPFM22tsPcdAJVwP1kRu+8=,rNS0flc436Mg5W2OwloiEo3TxJg=
46,56,UhuC5FPFM22tsPcdAJVwP1kRu+8=,AsgX5d7PcYSpgjyqdjEKLkdgdCw=
42,62,UhuC5FPFM22tsPcdAJVwP1kRu+8=,rNS0flc436Mg5W2OwloiEo3TxJg=
46,53,UhuC5FPFM22tsPcdAJVwP1kRu+8=,zrxLjq9QplAsfdK9Jd/KjWAlQZU=
46,59,UhuC5FPFM22tsPcdAJVwP1kRu+8=,AsgX5d7PcYSpgjyqdjEKLkdgdCw=
35,63,UhuC5FPFM22tsPcdAJVwP1kRu+8=,JAoCdCiVKmpTQR3nfoj8dB8Bj5I=
32,61,UhuC5FPFM22tsPcdAJVwP1kRu+8=,JAoCdCiVKmpTQR3nfoj8dB8Bj5I=
32,49,UhuC5FPFM22tsPcdAJVwP1kRu+8=,b0Ex85UcOjrDfleM+r9WNsBVvUk=
47,60,UhuC5FPFM22tsPcdAJVwP1kRu+8=,pGlht+4cGO+j7/64s0iUWgYxFXA=
44,62,UhuC5FPFM22tsPcdAJVwP1kRu+8=,pGlht+4cGO+j7/64s0iUWgYxFXA=
45,63,UhuC5FPFM22tsPcdAJVwP1kRu+8=,pGlht+4cGO+j7/64s0iUWgYxFXA=
45,62,UhuC5FPFM22tsPcdAJVwP1kRu+8=,pGlht+4cGO+j7/64s0iUWgYxFXA=
33,52,UhuC5FPFM22tsPcdAJVwP1kRu+8=,iOxrAZS0kZvckTV5TZyohPzC9MA=
40,62,UhuC5FPFM22tsPcdAJVwP1kRu+8=,rNS0flc436Mg5W2OwloiEo3TxJg=
39,62,UhuC5FPFM22tsPcdAJVwP1kRu+8=,xY4URoai1drLp0OAaEZtfhPQE5A=
38,63,UhuC5FPFM22tsPcdAJVwP1kRu+8=,xY4URoai1drLp0OAaEZtfhPQE5A=
32,48,UhuC5FPFM22tsPcdAJVwP1kRu+8=,b0Ex85UcOjrDfleM+r9WNsBVvUk=
32,53,UhuC5FPFM22tsPcdAJVwP1kRu+8=,iOxrAZS0kZvckTV5TZyohPzC9MA=
33,49,UhuC5FPFM22tsPcdAJVwP1kRu+8=,b0Ex85UcOjrDfleM+r9WNsBVvUk=
33,48,UhuC5FPFM22tsPcdAJVwP1kRu+8=,b0Ex85UcOjrDfleM+r9WNsBVvUk=
33,53,UhuC5FPFM22tsPcdAJVwP1kRu+8=,iOxrAZS0kZvckTV5TZyohPzC9MA=
32,60,UhuC5FPFM22tsPcdAJVwP1kRu+8=,JAoCdCiVKmpTQR3nfoj8dB8Bj5I=
32,62,UhuC5FPFM22tsPcdAJVwP1kRu+8=,JAoCdCiVKmpTQR3nfoj8dB8Bj5I=
43,62,UhuC5FPFM22tsPcdAJVwP1kRu+8=,rNS0flc436Mg5W2OwloiEo3TxJg=
33,54,UhuC5FPFM22tsPcdAJVwP1kRu+8=,iOxrAZS0kZvckTV5TZyohPzC9MA=
40,63,UhuC5FPFM22tsPcdAJVwP1kRu+8=,rNS0flc436Mg5W2OwloiEo3TxJg=
46,58,UhuC5FPFM22tsPcdAJVwP1kRu+8=,AsgX5d7PcYSpgjyqdjEKLkdgdCw=
43,63,UhuC5FPFM22tsPcdAJVwP1kRu+8=,rNS0flc436Mg5W2OwloiEo3TxJg=
33,56,UhuC5FPFM22tsPcdAJVwP1kRu+8=,rvXbz7uk0L5zBuTooP5Kl52Hmg8=
32,52,UhuC5FPFM22tsPcdAJVwP1kRu+8=,iOxrAZS0kZvckTV5TZyohPzC9MA=
34,63,UhuC5FPFM22tsPcdAJVwP1kRu+8=,JAoCdCiVKmpTQR3nfoj8dB8Bj5I=
33,55,UhuC5FPFM22tsPcdAJVwP1kRu+8=,iOxrAZS0kZvckTV5TZyohPzC9MA=
33,62,UhuC5FPFM22tsPcdAJVwP1kRu+8=,JAoCdCiVKmpTQR3nfoj8dB8Bj5I=
32,59,UhuC5FPFM22tsPcdAJVwP1kRu+8=,rvXbz7uk0L5zBuTooP5Kl52Hmg8=
41,63,UhuC5FPFM22tsPcdAJVwP1kRu+8=,rNS0flc436Mg5W2OwloiEo3TxJg=
42,63,UhuC5FPFM22tsPcdAJVwP1kRu+8=,rNS0flc436Mg5W2OwloiEo3TxJg=
38,62,UhuC5FPFM22tsPcdAJVwP1kRu+8=,xY4URoai1drLp0OAaEZtfhPQE5A=
37,62,UhuC5FPFM22tsPcdAJVwP1kRu+8=,xY4URoai1drLp0OAaEZtfhPQE5A=
33,58,UhuC5FPFM22tsPcdAJVwP1kRu+8=,rvXbz7uk0L5zBuTooP5Kl52Hmg8=
36,63,UhuC5FPFM22tsPcdAJVwP1kRu+8=,xY4URoai1drLp0OAaEZtfhPQE5A=
35,62,UhuC5FPFM22tsPcdAJVwP1kRu+8=,JAoCdCiVKmpTQR3nfoj8dB8Bj5I=
33,63,UhuC5FPFM22tsPcdAJVwP1kRu+8=,JAoCdCiVKmpTQR3nfoj8dB8Bj5I=
33,59,UhuC5FPFM22tsPcdAJVwP1kRu+8=,rvXbz7uk0L5zBuTooP5Kl52Hmg8=
37,63,UhuC5FPFM22tsPcdAJVwP1kRu+8=,xY4URoai1drLp0OAaEZtfhPQE5A=
34,62,UhuC5FPFM22tsPcdAJVwP1kRu+8=,JAoCdCiVKmpTQR3nfoj8dB8Bj5I=
33,60,UhuC5FPFM22tsPcdAJVwP1kRu+8=,JAoCdCiVKmpTQR3nfoj8dB8Bj5I=
32,63,UhuC5FPFM22tsPcdAJVwP1kRu+8=,JAoCdCiVKmpTQR3nfoj8dB8Bj5I=
33,61,UhuC5FPFM22tsPcdAJVwP1kRu+8=,JAoCdCiVKmpTQR3nfoj8dB8Bj5I=
32,58,UhuC5FPFM22tsPcdAJVwP1kRu+8=,rvXbz7uk0L5zBuTooP5Kl52Hmg8=
36,62,UhuC5FPFM22tsPcdAJVwP1kRu+8=,xY4URoai1drLp0OAaEZtfhPQE5A=
60,52,daXR1cokBI3rWxtcDHcsYZWJT60=,w3dRlGSOBOfDL0Lgmy79Qa59DSc=
58,50,daXR1cokBI3rWxtcDHcsYZWJT60=,HVrRAYhJNnZomUoDOyCc9n74L1A=
58,52,daXR1cokBI3rWxtcDHcsYZWJT60=,EdcpOIisqbwhLp2evYClaHsmY08=
60,50,daXR1cokBI3rWxtcDHcsYZWJT60=,bDRuGUPTSg5Xwxseg97QThMitOk=
61,50,daXR1cokBI3rWxtcDHcsYZWJT60=,bDRuGUPTSg5Xwxseg97QThMitOk=
59,50,daXR1cokBI3rWxtcDHcsYZWJT60=,HVrRAYhJNnZomUoDOyCc9n74L1A=
61,52,daXR1cokBI3rWxtcDHcsYZWJT60=,w3dRlGSOBOfDL0Lgmy79Qa59DSc=
59,52,daXR1cokBI3rWxtcDHcsYZWJT60=,EdcpOIisqbwhLp2evYClaHsmY08=
59,51,daXR1cokBI3rWxtcDHcsYZWJT60=,HVrRAYhJNnZomUoDOyCc9n74L1A=
60,53,daXR1cokBI3rWxtcDHcsYZWJT60=,w3dRlGSOBOfDL0Lgmy79Qa59DSc=
60,51,daXR1cokBI3rWxtcDHcsYZWJT60=,bDRuGUPTSg5Xwxseg97QThMitOk=
59,53,daXR1cokBI3rWxtcDHcsYZWJT60=,EdcpOIisqbwhLp2evYClaHsmY08=
55,50,daXR1cokBI3rWxtcDHcsYZWJT60=,W1BNMhrSiHn+2lX6QFqqU3abuvU=
58,51,daXR1cokBI3rWxtcDHcsYZWJT60=,HVrRAYhJNnZomUoDOyCc9n74L1A=
61,51,daXR1cokBI3rWxtcDHcsYZWJT60=,bDRuGUPTSg5Xwxseg97QThMitOk=
58,53,daXR1cokBI3rWxtcDHcsYZWJT60=,EdcpOIisqbwhLp2evYClaHsmY08=
61,53,+ZrXD3VfpkCH3gjZCNripVvPl0A=,w3dRlGSOBOfDL0Lgmy79Qa59DSc=
56,51,+ZrXD3VfpkCH3gjZCNripVvPl0A=,HVrRAYhJNnZomUoDOyCc9n74L1A=
54,51,+ZrXD3VfpkCH3gjZCNripVvPl0A=,W1BNMhrSiHn+2lX6QFqqU3abuvU=
55,51,+ZrXD3VfpkCH3gjZCNripVvPl0A=,W1BNMhrSiHn+2lX6QFqqU3abuvU=
54,50,+ZrXD3VfpkCH3gjZCNripVvPl0A=,W1BNMhrSiHn+2lX6QFqqU3abuvU=
56,50,+ZrXD3VfpkCH3gjZCNripVvPl0A=,HVrRAYhJNnZomUoDOyCc9n74L1A=
57,52,+ZrXD3VfpkCH3gjZCNripVvPl0A=,EdcpOIisqbwhLp2evYClaHsmY08=
57,53,+ZrXD3VfpkCH3gjZCNripVvPl0A=,EdcpOIisqbwhLp2evYClaHsmY08=
56,53,+ZrXD3VfpkCH3gjZCNripVvPl0A=,EdcpOIisqbwhLp2evYClaHsmY08=
55,53,+ZrXD3VfpkCH3gjZCNripVvPl0A=,InASXdOTe44wA8Xl55LkJKwBCAU=
55,52,+ZrXD3VfpkCH3gjZCNripVvPl0A=,InASXdOTe44wA8Xl55LkJKwBCAU=
56,52,+ZrXD3VfpkCH3gjZCNripVvPl0A=,EdcpOIisqbwhLp2evYClaHsmY08=
57,50,+ZrXD3VfpkCH3gjZCNripVvPl0A=,HVrRAYhJNnZomUoDOyCc9n74L1A=
54,52,+ZrXD3VfpkCH3gjZCNripVvPl0A=,InASXdOTe44wA8Xl55LkJKwBCAU=
57,51,+ZrXD3VfpkCH3gjZCNripVvPl0A=,HVrRAYhJNnZomUoDOyCc9n74L1A=
54,53,+ZrXD3VfpkCH3gjZCNripVvPl0A=,InASXdOTe44wA8Xl55LkJKwBCAU=
51,50,+ZrXD3VfpkCH3gjZCNripVvPl0A=,D/9spLJ42lFYgIwtvT+6sQ/wfSQ=
51,53,+ZrXD3VfpkCH3gjZCNripVvPl0A=,eEFUbqGrPrYZ1V9y+250EUgvvok=
50,52,+ZrXD3VfpkCH3gjZCNripVvPl0A=,eEFUbqGrPrYZ1V9y+250EUgvvok=
50,53,+ZrXD3VfpkCH3gjZCNripVvPl0A=,eEFUbqGrPrYZ1V9y+250EUgvvok=
51,52,+ZrXD3VfpkCH3gjZCNripVvPl0A=,eEFUbqGrPrYZ1V9y+250EUgvvok=
50,51,n2Tuj96ey6U8tMWenAujdtuf4jY=,D/9spLJ42lFYgIwtvT+6sQ/wfSQ=
50,50,n2Tuj96ey6U8tMWenAujdtuf4jY=,D/9spLJ42lFYgIwtvT+6sQ/wfSQ=
51,51,n2Tuj96ey6U8tMWenAujdtuf4jY=,D/9spLJ42lFYgIwtvT+6sQ/wfSQ=
52,52,n2Tuj96ey6U8tMWenAujdtuf4jY=,InASXdOTe44wA8Xl55LkJKwBCAU=
52,51,n2Tuj96ey6U8tMWenAujdtuf4jY=,W1BNMhrSiHn+2lX6QFqqU3abuvU=
53,51,n2Tuj96ey6U8tMWenAujdtuf4jY=,W1BNMhrSiHn+2lX6QFqqU3abuvU=
52,53,n2Tuj96ey6U8tMWenAujdtuf4jY=,InASXdOTe44wA8Xl55LkJKwBCAU=
53,52,n2Tuj96ey6U8tMWenAujdtuf4jY=,InASXdOTe44wA8Xl55LkJKwBCAU=
53,53,n2Tuj96ey6U8tMWenAujdtuf4jY=,InASXdOTe44wA8Xl55LkJKwBCAU=
52,50,n2Tuj96ey6U8tMWenAujdtuf4jY=,W1BNMhrSiHn+2lX6QFqqU3abuvU=
51,55,n2Tuj96ey6U8tMWenAujdtuf4jY=,eEFUbqGrPrYZ1V9y+250EUgvvok=
52,57,n2Tuj96ey6U8tMWenAujdtuf4jY=,5oWoJd6mkqo1b9G5ThEhZVh5dRU=
50,55,n2Tuj96ey6U8tMWenAujdtuf4jY=,eEFUbqGrPrYZ1V9y+250EUgvvok=
50,56,n2Tuj96ey6U8tMWenAujdtuf4jY=,cMXAVvWrfqyMQrB0uut2g6ZH7fg=
50,57,n2Tuj96ey6U8tMWenAujdtuf4jY=,cMXAVvWrfqyMQrB0uut2g6ZH7fg=
51,57,n2Tuj96ey6U8tMWenAujdtuf4jY=,cMXAVvWrfqyMQrB0uut2g6ZH7fg=
53,57,n2Tuj96ey6U8tMWenAujdtuf4jY=,5oWoJd6mkqo1b9G5ThEhZVh5dRU=
62,60,n2Tuj96ey6U8tMWenAujdtuf4jY=,hyydpFVGWQR3M9OSPnghhph1eRw=
61,61,n2Tuj96ey6U8tMWenAujdtuf4jY=,hyydpFVGWQR3M9OSPnghhph1eRw=
62,61,n2Tuj96ey6U8tMWenAujdtuf4jY=,hyydpFVGWQR3M9OSPnghhph1eRw=
61,62,n2Tuj96ey6U8tMWenAujdtuf4jY=,hyydpFVGWQR3M9OSPnghhph1eRw=
62,62,n2Tuj96ey6U8tMWenAujdtuf4jY=,hyydpFVGWQR3M9OSPnghhph1eRw=
53,55,n2Tuj96ey6U8tMWenAujdtuf4jY=,InASXdOTe44wA8Xl55LkJKwBCAU=
52,55,n2Tuj96ey6U8tMWenAujdtuf4jY=,InASXdOTe44wA8Xl55LkJKwBCAU=
50,54,CFfIDE7QOxV7uvm+opgiRkNfOxA=,eEFUbqGrPrYZ1V9y+250EUgvvok=
53,50,CFfIDE7QOxV7uvm+opgiRkNfOxA=,W1BNMhrSiHn+2lX6QFqqU3abuvU=
52,56,CFfIDE7QOxV7uvm+opgiRkNfOxA=,5oWoJd6mkqo1b9G5ThEhZVh5dRU=
51,56,CFfIDE7QOxV7uvm+opgiRkNfOxA=,cMXAVvWrfqyMQrB0uut2g6ZH7fg=
60,62,CFfIDE7QOxV7uvm+opgiRkNfOxA=,hyydpFVGWQR3M9OSPnghhph1eRw=
52,54,CFfIDE7QOxV7uvm+opgiRkNfOxA=,InASXdOTe44wA8Xl55LkJKwBCAU=
53,54,CFfIDE7QOxV7uvm+opgiRkNfOxA=,InASXdOTe44wA8Xl55LkJKwBCAU=
61,55,CFfIDE7QOxV7uvm+opgiRkNfOxA=,w3dRlGSOBOfDL0Lgmy79Qa59DSc=
59,54,CFfIDE7QOxV7uvm+opgiRkNfOxA=,EdcpOIisqbwhLp2evYClaHsmY08=
51,54,CFfIDE7QOxV7uvm+opgiRkNfOxA=,eEFUbqGrPrYZ1V9y+250EUgvvok=
55,55,CFfIDE7QOxV7uvm+opgiRkNfOxA=,InASXdOTe44wA8Xl55LkJKwBCAU=
53,56,CFfIDE7QOxV7uvm+opgiRkNfOxA=,5oWoJd6mkqo1b9G5ThEhZVh5dRU=
57,54,CFfIDE7QOxV7uvm+opgiRkNfOxA=,EdcpOIisqbwhLp2evYClaHsmY08=
58,54,CFfIDE7QOxV7uvm+opgiRkNfOxA=,EdcpOIisqbwhLp2evYClaHsmY08=
61,54,CFfIDE7QOxV7uvm+opgiRkNfOxA=,w3dRlGSOBOfDL0Lgmy79Qa59DSc=
59,55,CFfIDE7QOxV7uvm+opgiRkNfOxA=,EdcpOIisqbwhLp2evYClaHsmY08=
54,54,CFfIDE7QOxV7uvm+opgiRkNfOxA=,InASXdOTe44wA8Xl55LkJKwBCAU=
60,54,OYBFkd/AOHYPfwlXyxILk34GaXc=,w3dRlGSOBOfDL0Lgmy79Qa59DSc=
56,54,OYBFkd/AOHYPfwlXyxILk34GaXc=,EdcpOIisqbwhLp2evYClaHsmY08=
58,55,OYBFkd/AOHYPfwlXyxILk34GaXc=,EdcpOIisqbwhLp2evYClaHsmY08=
60,57,OYBFkd/AOHYPfwlXyxILk34GaXc=,r277gQ79Aoek0OmNsz8ruyIyv40=
55,54,OYBFkd/AOHYPfwlXyxILk34GaXc=,InASXdOTe44wA8Xl55LkJKwBCAU=
57,55,OYBFkd/AOHYPfwlXyxILk34GaXc=,EdcpOIisqbwhLp2evYClaHsmY08=
60,61,OYBFkd/AOHYPfwlXyxILk34GaXc=,hyydpFVGWQR3M9OSPnghhph1eRw=
50,59,OYBFkd/AOHYPfwlXyxILk34GaXc=,cMXAVvWrfqyMQrB0uut2g6ZH7fg=
60,60,OYBFkd/AOHYPfwlXyxILk34GaXc=,hyydpFVGWQR3M9OSPnghhph1eRw=
54,55,OYBFkd/AOHYPfwlXyxILk34GaXc=,InASXdOTe44wA8Xl55LkJKwBCAU=
51,58,OYBFkd/AOHYPfwlXyxILk34GaXc=,cMXAVvWrfqyMQrB0uut2g6ZH7fg=
56,55,OYBFkd/AOHYPfwlXyxILk34GaXc=,EdcpOIisqbwhLp2evYClaHsmY08=
60,55,OYBFkd/AOHYPfwlXyxILk34GaXc=,w3dRlGSOBOfDL0Lgmy79Qa59DSc=
51,59,RL3iQ4UuBE1VQU542oJsXwpDSV0=,cMXAVvWrfqyMQrB0uut2g6ZH7fg=
60,59,RL3iQ4UuBE1VQU542oJsXwpDSV0=,r277gQ79Aoek0OmNsz8ruyIyv40=
58,56,RL3iQ4UuBE1VQU542oJsXwpDSV0=,YmTvBJZnTjjX3ijftyu4xbSqCME=
59,58,RL3iQ4UuBE1VQU542oJsXwpDSV0=,YmTvBJZnTjjX3ijftyu4xbSqCME=
50,58,RL3iQ4UuBE1VQU542oJsXwpDSV0=,cMXAVvWrfqyMQrB0uut2g6ZH7fg=
60,58,RL3iQ4UuBE1VQU542oJsXwpDSV0=,r277gQ79Aoek0OmNsz8ruyIyv40=
60,56,RL3iQ4UuBE1VQU542oJsXwpDSV0=,r277gQ79Aoek0OmNsz8ruyIyv40=
58,58,RL3iQ4UuBE1VQU542oJsXwpDSV0=,YmTvBJZnTjjX3ijftyu4xbSqCME=
54,57,RL3iQ4UuBE1VQU542oJsXwpDSV0=,5oWoJd6mkqo1b9G5ThEhZVh5dRU=
55,57,RL3iQ4UuBE1VQU542oJsXwpDSV0=,5oWoJd6mkqo1b9G5ThEhZVh5dRU=
61,60,RL3iQ4UuBE1VQU542oJsXwpDSV0=,hyydpFVGWQR3M9OSPnghhph1eRw=
59,56,RL3iQ4UuBE1VQU542oJsXwpDSV0=,YmTvBJZnTjjX3ijftyu4xbSqCME=
48,58,RL3iQ4UuBE1VQU542oJsXwpDSV0=,cMXAVvWrfqyMQrB0uut2g6ZH7fg=
54,56,RL3iQ4UuBE1VQU542oJsXwpDSV0=,5oWoJd6mkqo1b9G5ThEhZVh5dRU=
61,56,RL3iQ4UuBE1VQU542oJsXwpDSV0=,r277gQ79Aoek0OmNsz8ruyIyv40=
61,59,RL3iQ4UuBE1VQU542oJsXwpDSV0=,r277gQ79Aoek0OmNsz8ruyIyv40=
51,63,RL3iQ4UuBE1VQU542oJsXwpDSV0=,zmBk55nKkuFyuL1tYhS/yQZb1Wo=
48,59,RL3iQ4UuBE1VQU542oJsXwpDSV0=,cMXAVvWrfqyMQrB0uut2g6ZH7fg=
59,59,RL3iQ4UuBE1VQU542oJsXwpDSV0=,YmTvBJZnTjjX3ijftyu4xbSqCME=
61,57,RL3iQ4UuBE1VQU542oJsXwpDSV0=,r277gQ79Aoek0OmNsz8ruyIyv40=
48,56,RL3iQ4UuBE1VQU542oJsXwpDSV0=,cMXAVvWrfqyMQrB0uut2g6ZH7fg=
49,54,RL3iQ4UuBE1VQU542oJsXwpDSV0=,eEFUbqGrPrYZ1V9y+250EUgvvok=
61,58,RL3iQ4UuBE1VQU542oJsXwpDSV0=,r277gQ79Aoek0OmNsz8ruyIyv40=
49,56,RL3iQ4UuBE1VQU542oJsXwpDSV0=,cMXAVvWrfqyMQrB0uut2g6ZH7fg=
48,57,RL3iQ4UuBE1VQU542oJsXwpDSV0=,cMXAVvWrfqyMQrB0uut2g6ZH7fg=
56,57,RL3iQ4UuBE1VQU542oJsXwpDSV0=,YmTvBJZnTjjX3ijftyu4xbSqCME=
49,57,RL3iQ4UuBE1VQU542oJsXwpDSV0=,cMXAVvWrfqyMQrB0uut2g6ZH7fg=
58,60,RL3iQ4UuBE1VQU542oJsXwpDSV0=,TN264ZMQ/TJAalvt6n+6Z2FxCVY=
51,61,RL3iQ4UuBE1VQU542oJsXwpDSV0=,zmBk55nKkuFyuL1tYhS/yQZb1Wo=
50,63,RL3iQ4UuBE1VQU542oJsXwpDSV0=,zmBk55nKkuFyuL1tYhS/yQZb1Wo=
48,55,RL3iQ4UuBE1VQU542oJsXwpDSV0=,eEFUbqGrPrYZ1V9y+250EUgvvok=
48,50,RL3iQ4UuBE1VQU542oJsXwpDSV0=,D/9spLJ42lFYgIwtvT+6sQ/wfSQ=
53,62,RL3iQ4UuBE1VQU542oJsXwpDSV0=,eEBbjj/aCPj7VM0axpM6tRis+bg=
48,60,RL3iQ4UuBE1VQU542oJsXwpDSV0=,zmBk55nKkuFyuL1tYhS/yQZb1Wo=
53,58,RL3iQ4UuBE1VQU542oJsXwpDSV0=,5oWoJd6mkqo1b9G5ThEhZVh5dRU=
59,60,RL3iQ4UuBE1VQU542oJsXwpDSV0=,TN264ZMQ/TJAalvt6n+6Z2FxCVY=
57,57,RL3iQ4UuBE1VQU542oJsXwpDSV0=,YmTvBJZnTjjX3ijftyu4xbSqCME=
56,61,RL3iQ4UuBE1VQU542oJsXwpDSV0=,TN264ZMQ/TJAalvt6n+6Z2FxCVY=
58,59,RL3iQ4UuBE1VQU542oJsXwpDSV0=,YmTvBJZnTjjX3ijftyu4xbSqCME=
54,59,RL3iQ4UuBE1VQU542oJsXwpDSV0=,5oWoJd6mkqo1b9G5ThEhZVh5dRU=
58,61,RL3iQ4UuBE1VQU542oJsXwpDSV0=,TN264ZMQ/TJAalvt6n+6Z2FxCVY=
52,62,RL3iQ4UuBE1VQU542oJsXwpDSV0=,eEBbjj/aCPj7VM0axpM6tRis+bg=
48,52,RL3iQ4UuBE1VQU542oJsXwpDSV0=,eEFUbqGrPrYZ1V9y+250EUgvvok=
48,61,RL3iQ4UuBE1VQU542oJsXwpDSV0=,zmBk55nKkuFyuL1tYhS/yQZb1Wo=
52,48,RL3iQ4UuBE1VQU542oJsXwpDSV0=,W1BNMhrSiHn+2lX6QFqqU3abuvU=
54,62,RL3iQ4UuBE1VQU542oJsXwpDSV0=,eEBbjj/aCPj7VM0axpM6tRis+bg=
59,63,RL3iQ4UuBE1VQU542oJsXwpDSV0=,TN264ZMQ/TJAalvt6n+6Z2FxCVY=
55,61,RL3iQ4UuBE1VQU542oJsXwpDSV0=,eEBbjj/aCPj7VM0axpM6tRis+bg=
60,63,RL3iQ4UuBE1VQU542oJsXwpDSV0=,hyydpFVGWQR3M9OSPnghhph1eRw=
61,63,RL3iQ4UuBE1VQU542oJsXwpDSV0=,hyydpFVGWQR3M9OSPnghhph1eRw=
62,63,RL3iQ4UuBE1VQU542oJsXwpDSV0=,hyydpFVGWQR3M9OSPnghhph1eRw=
55,59,RL3iQ4UuBE1VQU542oJsXwpDSV0=,5oWoJd6mkqo1b9G5ThEhZVh5dRU=
58,63,RL3iQ4UuBE1VQU542oJsXwpDSV0=,TN264ZMQ/TJAalvt6n+6Z2FxCVY=
55,56,RL3iQ4UuBE1VQU542oJsXwpDSV0=,5oWoJd6mkqo1b9G5ThEhZVh5dRU=
59,62,RL3iQ4UuBE1VQU542oJsXwpDSV0=,TN264ZMQ/TJAalvt6n+6Z2FxCVY=
55,48,RL3iQ4UuBE1VQU542oJsXwpDSV0=,W1BNMhrSiHn+2lX6QFqqU3abuvU=
48,54,RL3iQ4UuBE1VQU542oJsXwpDSV0=,eEFUbqGrPrYZ1V9y+250EUgvvok=
49,53,RL3iQ4UuBE1VQU542oJsXwpDSV0=,eEFUbqGrPrYZ1V9y+250EUgvvok=
53,59,RL3iQ4UuBE1VQU542oJsXwpDSV0=,5oWoJd6mkqo1b9G5ThEhZVh5dRU=
54,49,RL3iQ4UuBE1VQU542oJsXwpDSV0=,W1BNMhrSiHn+2lX6QFqqU3abuvU=
58,57,RL3iQ4UuBE1VQU542oJsXwpDSV0=,YmTvBJZnTjjX3ijftyu4xbSqCME=
53,61,RL3iQ4UuBE1VQU542oJsXwpDSV0=,eEBbjj/aCPj7VM0axpM6tRis+bg=
58,62,RL3iQ4UuBE1VQU542oJsXwpDSV0=,TN264ZMQ/TJAalvt6n+6Z2FxCVY=
59,61,RL3iQ4UuBE1VQU542oJsXwpDSV0=,TN264ZMQ/TJAalvt6n+6Z2FxCVY=
48,51,RL3iQ4UuBE1VQU542oJsXwpDSV0=,D/9spLJ42lFYgIwtvT+6sQ/wfSQ=
51,60,RL3iQ4UuBE1VQU542oJsXwpDSV0=,zmBk55nKkuFyuL1tYhS/yQZb1Wo=
50,48,RL3iQ4UuBE1VQU542oJsXwpDSV0=,D/9spLJ42lFYgIwtvT+6sQ/wfSQ=
63,61,RL3iQ4UuBE1VQU542oJsXwpDSV0=,hyydpFVGWQR3M9OSPnghhph1eRw=
63,62,RL3iQ4UuBE1VQU542oJsXwpDSV0=,hyydpFVGWQR3M9OSPnghhph1eRw=
63,63,RL3iQ4UuBE1VQU542oJsXwpDSV0=,hyydpFVGWQR3M9OSPnghhph1eRw=
57,49,RL3iQ4UuBE1VQU542oJsXwpDSV0=,HVrRAYhJNnZomUoDOyCc9n74L1A=
57,48,RL3iQ4UuBE1VQU542oJsXwpDSV0=,HVrRAYhJNnZomUoDOyCc9n74L1A=
56,49,RL3iQ4UuBE1VQU542oJsXwpDSV0=,HVrRAYhJNnZomUoDOyCc9n74L1A=
59,57,RL3iQ4UuBE1VQU542oJsXwpDSV0=,YmTvBJZnTjjX3ijftyu4xbSqCME=
59,48,RL3iQ4UuBE1VQU542oJsXwpDSV0=,HVrRAYhJNnZomUoDOyCc9n74L1A=
52,49,RL3iQ4UuBE1VQU542oJsXwpDSV0=,W1BNMhrSiHn+2lX6QFqqU3abuvU=
49,55,RL3iQ4UuBE1VQU542oJsXwpDSV0=,eEFUbqGrPrYZ1V9y+250EUgvvok=
51,62,RL3iQ4UuBE1VQU542oJsXwpDSV0=,zmBk55nKkuFyuL1tYhS/yQZb1Wo=
54,48,RL3iQ4UuBE1VQU542oJsXwpDSV0=,W1BNMhrSiHn+2lX6QFqqU3abuvU=
52,58,RL3iQ4UuBE1VQU542oJsXwpDSV0=,5oWoJd6mkqo1b9G5ThEhZVh5dRU=
49,61,RL3iQ4UuBE1VQU542oJsXwpDSV0=,zmBk55nKkuFyuL1tYhS/yQZb1Wo=
49,51,RL3iQ4UuBE1VQU542oJsXwpDSV0=,D/9spLJ42lFYgIwtvT+6sQ/wfSQ=
51,49,RL3iQ4UuBE1VQU542oJsXwpDSV0=,D/9spLJ42lFYgIwtvT+6sQ/wfSQ=
57,56,RL3iQ4UuBE1VQU542oJsXwpDSV0=,YmTvBJZnTjjX3ijftyu4xbSqCME=
52,59,RL3iQ4UuBE1VQU542oJsXwpDSV0=,5oWoJd6mkqo1b9G5ThEhZVh5dRU=
56,48,RL3iQ4UuBE1VQU542oJsXwpDSV0=,HVrRAYhJNnZomUoDOyCc9n74L1A=
49,59,RL3iQ4UuBE1VQU542oJsXwpDSV0=,cMXAVvWrfqyMQrB0uut2g6ZH7fg=
49,60,RL3iQ4UuBE1VQU542oJsXwpDSV0=,zmBk55nKkuFyuL1tYhS/yQZb1Wo=
63,48,RL3iQ4UuBE1VQU542oJsXwpDSV0=,bDRuGUPTSg5Xwxseg97QThMitOk=
55,49,RL3iQ4UuBE1VQU542oJsXwpDSV0=,W1BNMhrSiHn+2lX6QFqqU3abuvU=
49,52,RL3iQ4UuBE1VQU542oJsXwpDSV0=,eEFUbqGrPrYZ1V9y+250EUgvvok=
50,60,RL3iQ4UuBE1VQU542oJsXwpDSV0=,zmBk55nKkuFyuL1tYhS/yQZb1Wo=
54,61,RL3iQ4UuBE1VQU542oJsXwpDSV0=,eEBbjj/aCPj7VM0axpM6tRis+bg=
56,56,RL3iQ4UuBE1VQU542oJsXwpDSV0=,YmTvBJZnTjjX3ijftyu4xbSqCME=
63,59,RL3iQ4UuBE1VQU542oJsXwpDSV0=,r277gQ79Aoek0OmNsz8ruyIyv40=
63,60,RL3iQ4UuBE1VQU542oJsXwpDSV0=,hyydpFVGWQR3M9OSPnghhph1eRw=
48,53,RL3iQ4UuBE1VQU542oJsXwpDSV0=,eEFUbqGrPrYZ1V9y+250EUgvvok=
56,58,RL3iQ4UuBE1VQU542oJsXwpDSV0=,YmTvBJZnTjjX3ijftyu4xbSqCME=
58,48,RL3iQ4UuBE1VQU542oJsXwpDSV0=,HVrRAYhJNnZomUoDOyCc9n74L1A=
57,58,RL3iQ4UuBE1VQU542oJsXwpDSV0=,YmTvBJZnTjjX3ijftyu4xbSqCME=
54,58,RL3iQ4UuBE1VQU542oJsXwpDSV0=,5oWoJd6mkqo1b9G5ThEhZVh5dRU=
49,50,RL3iQ4UuBE1VQU542oJsXwpDSV0=,D/9spLJ42lFYgIwtvT+6sQ/wfSQ=
50,62,RL3iQ4UuBE1VQU542oJsXwpDSV0=,zmBk55nKkuFyuL1tYhS/yQZb1Wo=
50,61,RL3iQ4UuBE1VQU542oJsXwpDSV0=,zmBk55nKkuFyuL1tYhS/yQZb1Wo=
62,59,RL3iQ4UuBE1VQU542oJsXwpDSV0=,r277gQ79Aoek0OmNsz8ruyIyv40=
50,49,RL3iQ4UuBE1VQU542oJsXwpDSV0=,D/9spLJ42lFYgIwtvT+6sQ/wfSQ=
62,48,RL3iQ4UuBE1VQU542oJsXwpDSV0=,bDRuGUPTSg5Xwxseg97QThMitOk=
56,60,RL3iQ4UuBE1VQU542oJsXwpDSV0=,TN264ZMQ/TJAalvt6n+6Z2FxCVY=
49,58,RL3iQ4UuBE1VQU542oJsXwpDSV0=,cMXAVvWrfqyMQrB0uut2g6ZH7fg=
63,58,RL3iQ4UuBE1VQU542oJsXwpDSV0=,r277gQ79Aoek0OmNsz8ruyIyv40=
58,49,RL3iQ4UuBE1VQU542oJsXwpDSV0=,HVrRAYhJNnZomUoDOyCc9n74L1A=
53,48,RL3iQ4UuBE1VQU542oJsXwpDSV0=,W1BNMhrSiHn+2lX6QFqqU3abuvU=
57,61,RL3iQ4UuBE1VQU542oJsXwpDSV0=,TN264ZMQ/TJAalvt6n+6Z2FxCVY=
57,60,RL3iQ4UuBE1VQU542oJsXwpDSV0=,TN264ZMQ/TJAalvt6n+6Z2FxCVY=
62,58,RL3iQ4UuBE1VQU542oJsXwpDSV0=,r277gQ79Aoek0OmNsz8ruyIyv40=
57,59,RL3iQ4UuBE1VQU542oJsXwpDSV0=,YmTvBJZnTjjX3ijftyu4xbSqCME=
63,56,RL3iQ4UuBE1VQU542oJsXwpDSV0=,r277gQ79Aoek0OmNsz8ruyIyv40=
51,48,RL3iQ4UuBE1VQU542oJsXwpDSV0=,D/9spLJ42lFYgIwtvT+6sQ/wfSQ=
53,49,RL3iQ4UuBE1VQU542oJsXwpDSV0=,W1BNMhrSiHn+2lX6QFqqU3abuvU=
61,48,RL3iQ4UuBE1VQU542oJsXwpDSV0=,bDRuGUPTSg5Xwxseg97QThMitOk=
48,48,RL3iQ4UuBE1VQU542oJsXwpDSV0=,D/9spLJ42lFYgIwtvT+6sQ/wfSQ=
63,55,RL3iQ4UuBE1VQU542oJsXwpDSV0=,w3dRlGSOBOfDL0Lgmy79Qa59DSc=
61,49,RL3iQ4UuBE1VQU542oJsXwpDSV0=,bDRuGUPTSg5Xwxseg97QThMitOk=
48,62,RL3iQ4UuBE1VQU542oJsXwpDSV0=,zmBk55nKkuFyuL1tYhS/yQZb1Wo=
60,48,RL3iQ4UuBE1VQU542oJsXwpDSV0=,bDRuGUPTSg5Xwxseg97QThMitOk=
52,61,RL3iQ4UuBE1VQU542oJsXwpDSV0=,eEBbjj/aCPj7VM0axpM6tRis+bg=
62,49,RL3iQ4UuBE1VQU542oJsXwpDSV0=,bDRuGUPTSg5Xwxseg97QThMitOk=
63,51,RL3iQ4UuBE1VQU542oJsXwpDSV0=,bDRuGUPTSg5Xwxseg97QThMitOk=
62,56,RL3iQ4UuBE1VQU542oJsXwpDSV0=,r277gQ79Aoek0OmNsz8ruyIyv40=
63,49,RL3iQ4UuBE1VQU542oJsXwpDSV0=,bDRuGUPTSg5Xwxseg97QThMitOk=
62,57,RL3iQ4UuBE1VQU542oJsXwpDSV0=,r277gQ79Aoek0OmNsz8ruyIyv40=
59,49,RL3iQ4UuBE1VQU542oJsXwpDSV0=,HVrRAYhJNnZomUoDOyCc9n74L1A=
60,49,RL3iQ4UuBE1VQU542oJsXwpDSV0=,bDRuGUPTSg5Xwxseg97QThMitOk=
63,57,RL3iQ4UuBE1VQU542oJsXwpDSV0=,r277gQ79Aoek0OmNsz8ruyIyv40=
49,49,RL3iQ4UuBE1VQU542oJsXwpDSV0=,D/9spLJ42lFYgIwtvT+6sQ/wfSQ=
57,63,RL3iQ4UuBE1VQU542oJsXwpDSV0=,TN264ZMQ/TJAalvt6n+6Z2FxCVY=
49,63,RL3iQ4UuBE1VQU542oJsXwpDSV0=,zmBk55nKkuFyuL1tYhS/yQZb1Wo=
55,63,RL3iQ4UuBE1VQU542oJsXwpDSV0=,eEBbjj/aCPj7VM0axpM6tRis+bg=
57,62,RL3iQ4UuBE1VQU542oJsXwpDSV0=,TN264ZMQ/TJAalvt6n+6Z2FxCVY=
63,54,RL3iQ4UuBE1VQU542oJsXwpDSV0=,w3dRlGSOBOfDL0Lgmy79Qa59DSc=
55,60,RL3iQ4UuBE1VQU542oJsXwpDSV0=,eEBbjj/aCPj7VM0axpM6tRis+bg=
56,62,RL3iQ4UuBE1VQU542oJsXwpDSV0=,TN264ZMQ/TJAalvt6n+6Z2FxCVY=
52,60,RL3iQ4UuBE1VQU542oJsXwpDSV0=,eEBbjj/aCPj7VM0axpM6tRis+bg=
55,62,RL3iQ4UuBE1VQU542oJsXwpDSV0=,eEBbjj/aCPj7VM0axpM6tRis+bg=
52,63,RL3iQ4UuBE1VQU542oJsXwpDSV0=,eEBbjj/aCPj7VM0axpM6tRis+bg=
55,58,RL3iQ4UuBE1VQU542oJsXwpDSV0=,5oWoJd6mkqo1b9G5ThEhZVh5dRU=
54,63,RL3iQ4UuBE1VQU542oJsXwpDSV0=,eEBbjj/aCPj7VM0axpM6tRis+bg=
56,63,RL3iQ4UuBE1VQU542oJsXwpDSV0=,TN264ZMQ/TJAalvt6n+6Z2FxCVY=
62,50,RL3iQ4UuBE1VQU542oJsXwpDSV0=,bDRuGUPTSg5Xwxseg97QThMitOk=
53,63,RL3iQ4UuBE1VQU542oJsXwpDSV0=,eEBbjj/aCPj7VM0axpM6tRis+bg=
62,54,RL3iQ4UuBE1VQU542oJsXwpDSV0=,w3dRlGSOBOfDL0Lgmy79Qa59DSc=
53,60,RL3iQ4UuBE1VQU542oJsXwpDSV0=,eEBbjj/aCPj7VM0axpM6tRis+bg=
62,52,RL3iQ4UuBE1VQU542oJsXwpDSV0=,w3dRlGSOBOfDL0Lgmy79Qa59DSc=
62,55,RL3iQ4UuBE1VQU542oJsXwpDSV0=,w3dRlGSOBOfDL0Lgmy79Qa59DSc=
49,48,RL3iQ4UuBE1VQU542oJsXwpDSV0=,D/9spLJ42lFYgIwtvT+6sQ/wfSQ=
48,49,RL3iQ4UuBE1VQU542oJsXwpDSV0=,D/9spLJ42lFYgIwtvT+6sQ/wfSQ=
54,60,RL3iQ4UuBE1VQU542oJsXwpDSV0=,eEBbjj/aCPj7VM0axpM6tRis+bg=
63,50,RL3iQ4UuBE1VQU542oJsXwpDSV0=,bDRuGUPTSg5Xwxseg97QThMitOk=
56,59,RL3iQ4UuBE1VQU542oJsXwpDSV0=,YmTvBJZnTjjX3ijftyu4xbSqCME=
48,63,RL3iQ4UuBE1VQU542oJsXwpDSV0=,zmBk55nKkuFyuL1tYhS/yQZb1Wo=
63,53,RL3iQ4UuBE1VQU542oJsXwpDSV0=,w3dRlGSOBOfDL0Lgmy79Qa59DSc=
62,53,RL3iQ4UuBE1VQU542oJsXwpDSV0=,w3dRlGSOBOfDL0Lgmy79Qa59DSc=
63,52,RL3iQ4UuBE1VQU542oJsXwpDSV0=,w3dRlGSOBOfDL0Lgmy79Qa59DSc=
49,62,RL3iQ4UuBE1VQU542oJsXwpDSV0=,zmBk55nKkuFyuL1tYhS/yQZb1Wo=
62,51,RL3iQ4UuBE1VQU542oJsXwpDSV0=,bDRuGUPTSg5Xwxseg97QThMitOk=
61,34,EhPHTexx+Jk22YDmAKFVKWVOzoo=,Ot3jEjRuKi4ZVU7r2PBj+gTLxhA=
60,34,EhPHTexx+Jk22YDmAKFVKWVOzoo=,Ot3jEjRuKi4ZVU7r2PBj+gTLxhA=
58,34,EhPHTexx+Jk22YDmAKFVKWVOzoo=,BshXxRszNWPkTkkLJTS+mQM36Ks=
59,34,EhPHTexx+Jk22YDmAKFVKWVOzoo=,BshXxRszNWPkTkkLJTS+mQM36Ks=
59,35,EhPHTexx+Jk22YDmAKFVKWVOzoo=,BshXxRszNWPkTkkLJTS+mQM36Ks=
60,37,EhPHTexx+Jk22YDmAKFVKWVOzoo=,AjF5NXdo3m3bNrdnqYnRJSUEA8U=
61,37,EhPHTexx+Jk22YDmAKFVKWVOzoo=,AjF5NXdo3m3bNrdnqYnRJSUEA8U=
58,35,EhPHTexx+Jk22YDmAKFVKWVOzoo=,BshXxRszNWPkTkkLJTS+mQM36Ks=
61,36,EhPHTexx+Jk22YDmAKFVKWVOzoo=,AjF5NXdo3m3bNrdnqYnRJSUEA8U=
59,36,EhPHTexx+Jk22YDmAKFVKWVOzoo=,PeMGupg5x/IY8NyMEwJAJ/rKEHI=
60,36,EhPHTexx+Jk22YDmAKFVKWVOzoo=,AjF5NXdo3m3bNrdnqYnRJSUEA8U=
58,36,EhPHTexx+Jk22YDmAKFVKWVOzoo=,PeMGupg5x/IY8NyMEwJAJ/rKEHI=
59,37,EhPHTexx+Jk22YDmAKFVKWVOzoo=,PeMGupg5x/IY8NyMEwJAJ/rKEHI=
60,35,EhPHTexx+Jk22YDmAKFVKWVOzoo=,Ot3jEjRuKi4ZVU7r2PBj+gTLxhA=
58,37,EhPHTexx+Jk22YDmAKFVKWVOzoo=,PeMGupg5x/IY8NyMEwJAJ/rKEHI=
61,35,EhPHTexx+Jk22YDmAKFVKWVOzoo=,Ot3jEjRuKi4ZVU7r2PBj+gTLxhA=
61,38,EhPHTexx+Jk22YDmAKFVKWVOzoo=,AjF5NXdo3m3bNrdnqYnRJSUEA8U=
61,39,EhPHTexx+Jk22YDmAKFVKWVOzoo=,AjF5NXdo3m3bNrdnqYnRJSUEA8U=
58,38,EhPHTexx+Jk22YDmAKFVKWVOzoo=,PeMGupg5x/IY8NyMEwJAJ/rKEHI=
59,38,EhPHTexx+Jk22YDmAKFVKWVOzoo=,PeMGupg5x/IY8NyMEwJAJ/rKEHI=
60,41,EhPHTexx+Jk22YDmAKFVKWVOzoo=,kzac9nt1hE9E5/cGMDxwvsrZGfk=
61,40,EhPHTexx+Jk22YDmAKFVKWVOzoo=,kzac9nt1hE9E5/cGMDxwvsrZGfk=
60,38,EhPHTexx+Jk22YDmAKFVKWVOzoo=,AjF5NXdo3m3bNrdnqYnRJSUEA8U=
58,40,EhPHTexx+Jk22YDmAKFVKWVOzoo=,mTMbnEUmORtbfAEVEgL4zls0akE=
61,41,EhPHTexx+Jk22YDmAKFVKWVOzoo=,kzac9nt1hE9E5/cGMDxwvsrZGfk=
60,39,EhPHTexx+Jk22YDmAKFVKWVOzoo=,AjF5NXdo3m3bNrdnqYnRJSUEA8U=
60,40,EhPHTexx+Jk22YDmAKFVKWVOzoo=,kzac9nt1hE9E5/cGMDxwvsrZGfk=
58,39,EhPHTexx+Jk22YDmAKFVKWVOzoo=,PeMGupg5x/IY8NyMEwJAJ/rKEHI=
59,41,EhPHTexx+Jk22YDmAKFVKWVOzoo=,mTMbnEUmORtbfAEVEgL4zls0akE=
58,41,EhPHTexx+Jk22YDmAKFVKWVOzoo=,mTMbnEUmORtbfAEVEgL4zls0akE=
59,43,EhPHTexx+Jk22YDmAKFVKWVOzoo=,mTMbnEUmORtbfAEVEgL4zls0akE=
61,45,EhPHTexx+Jk22YDmAKFVKWVOzoo=,S3H5BW3NSWJokhkGp4+16wd8ato=
60,42,EhPHTexx+Jk22YDmAKFVKWVOzoo=,kzac9nt1hE9E5/cGMDxwvsrZGfk=
60,43,EhPHTexx+Jk22YDmAKFVKWVOzoo=,kzac9nt1hE9E5/cGMDxwvsrZGfk=
61,43,EhPHTexx+Jk22YDmAKFVKWVOzoo=,kzac9nt1hE9E5/cGMDxwvsrZGfk=
61,42,ovVEGb5C0zFGJPAHOZcR3W0obhs=,kzac9nt1hE9E5/cGMDxwvsrZGfk=
59,44,ovVEGb5C0zFGJPAHOZcR3W0obhs=,SZiqioe8xTPwBrv1I9vZwkosmG4=
59,40,ovVEGb5C0zFGJPAHOZcR3W0obhs=,mTMbnEUmORtbfAEVEgL4zls0akE=
58,43,ovVEGb5C0zFGJPAHOZcR3W0obhs=,mTMbnEUmORtbfAEVEgL4zls0akE=
59,39,ovVEGb5C0zFGJPAHOZcR3W0obhs=,PeMGupg5x/IY8NyMEwJAJ/rKEHI=
56,43,ovVEGb5C0zFGJPAHOZcR3W0obhs=,mTMbnEUmORtbfAEVEgL4zls0akE=
60,45,ovVEGb5C0zFGJPAHOZcR3W0obhs=,S3H5BW3NSWJokhkGp4+16wd8ato=
58,44,ovVEGb5C0zFGJPAHOZcR3W0obhs=,SZiqioe8xTPwBrv1I9vZwkosmG4=
60,44,ovVEGb5C0zFGJPAHOZcR3W0obhs=,S3H5BW3NSWJokhkGp4+16wd8ato=
59,42,ovVEGb5C0zFGJPAHOZcR3W0obhs=,mTMbnEUmORtbfAEVEgL4zls0akE=
59,45,ovVEGb5C0zFGJPAHOZcR3W0obhs=,SZiqioe8xTPwBrv1I9vZwkosmG4=
58,42,ovVEGb5C0zFGJPAHOZcR3W0obhs=,mTMbnEUmORtbfAEVEgL4zls0akE=
61,44,ovVEGb5C0zFGJPAHOZcR3W0obhs=,S3H5BW3NSWJokhkGp4+16wd8ato=
57,45,ovVEGb5C0zFGJPAHOZcR3W0obhs=,SZiqioe8xTPwBrv1I9vZwkosmG4=
55,43,bglZ3bVFDP3HIJXDpLIe3aaTlLg=,V8dc4V02wRSvm5Dt4b9uIzT/BEg=
56,42,bglZ3bVFDP3HIJXDpLIe3aaTlLg=,mTMbnEUmORtbfAEVEgL4zls0akE=
58,45,bglZ3bVFDP3HIJXDpLIe3aaTlLg=,SZiqioe8xTPwBrv1I9vZwkosmG4=
56,45,bglZ3bVFDP3HIJXDpLIe3aaTlLg=,SZiqioe8xTPwBrv1I9vZwkosmG4=
55,42,bglZ3bVFDP3HIJXDpLIe3aaTlLg=,V8dc4V02wRSvm5Dt4b9uIzT/BEg=
54,43,bglZ3bVFDP3HIJXDpLIe3aaTlLg=,V8dc4V02wRSvm5Dt4b9uIzT/BEg=
54,44,bglZ3bVFDP3HIJXDpLIe3aaTlLg=,lU1ARobxg50qoDRNExogn65+7/s=
56,44,bglZ3bVFDP3HIJXDpLIe3aaTlLg=,SZiqioe8xTPwBrv1I9vZwkosmG4=
54,42,bglZ3bVFDP3HIJXDpLIe3aaTlLg=,V8dc4V02wRSvm5Dt4b9uIzT/BEg=
57,44,bglZ3bVFDP3HIJXDpLIe3aaTlLg=,SZiqioe8xTPwBrv1I9vZwkosmG4=
57,42,bglZ3bVFDP3HIJXDpLIe3aaTlLg=,mTMbnEUmORtbfAEVEgL4zls0akE=
57,43,PA5QzWNd4r6gXfCjlimebLCx2JM=,mTMbnEUmORtbfAEVEgL4zls0akE=
55,44,PA5QzWNd4r6gXfCjlimebLCx2JM=,lU1ARobxg50qoDRNExogn65+7/s=
55,45,PA5QzWNd4r6gXfCjlimebLCx2JM=,lU1ARobxg50qoDRNExogn65+7/s=
52,42,PA5QzWNd4r6gXfCjlimebLCx2JM=,V8dc4V02wRSvm5Dt4b9uIzT/BEg=
51,42,PA5QzWNd4r6gXfCjlimebLCx2JM=,EdLiQ+2qhl9nqaJR0l7onXNHdfk=
54,45,PA5QzWNd4r6gXfCjlimebLCx2JM=,lU1ARobxg50qoDRNExogn65+7/s=
52,43,PA5QzWNd4r6gXfCjlimebLCx2JM=,V8dc4V02wRSvm5Dt4b9uIzT/BEg=
53,44,PA5QzWNd4r6gXfCjlimebLCx2JM=,lU1ARobxg50qoDRNExogn65+7/s=
53,42,PA5QzWNd4r6gXfCjlimebLCx2JM=,V8dc4V02wRSvm5Dt4b9uIzT/BEg=
50,43,PA5QzWNd4r6gXfCjlimebLCx2JM=,EdLiQ+2qhl9nqaJR0l7onXNHdfk=
52,44,PA5QzWNd4r6gXfCjlimebLCx2JM=,lU1ARobxg50qoDRNExogn65+7/s=
53,43,PA5QzWNd4r6gXfCjlimebLCx2JM=,V8dc4V02wRSvm5Dt4b9uIzT/BEg=
51,43,PA5QzWNd4r6gXfCjlimebLCx2JM=,EdLiQ+2qhl9nqaJR0l7onXNHdfk=
51,45,PA5QzWNd4r6gXfCjlimebLCx2JM=,JdxcHh6176YD0wUi3k6r1aoZqrQ=
51,44,AMtjDRwTd+B0y3l5F8lCLBShOeg=,JdxcHh6176YD0wUi3k6r1aoZqrQ=
52,45,AMtjDRwTd+B0y3l5F8lCLBShOeg=,lU1ARobxg50qoDRNExogn65+7/s=
50,42,AMtjDRwTd+B0y3l5F8lCLBShOeg=,EdLiQ+2qhl9nqaJR0l7onXNHdfk=
53,45,AMtjDRwTd+B0y3l5F8lCLBShOeg=,lU1ARobxg50qoDRNExogn65+7/s=
50,45,AMtjDRwTd+B0y3l5F8lCLBShOeg=,JdxcHh6176YD0wUi3k6r1aoZqrQ=
56,40,AMtjDRwTd+B0y3l5F8lCLBShOeg=,mTMbnEUmORtbfAEVEgL4zls0akE=
51,39,AMtjDRwTd+B0y3l5F8lCLBShOeg=,sAWyHsdCScKUiShbdlUz9V7Kylc=
54,39,AMtjDRwTd+B0y3l5F8lCLBShOeg=,au4j9Sun9Xp5cGml7/P7IFAz73k=
52,39,AMtjDRwTd+B0y3l5F8lCLBShOeg=,au4j9Sun9Xp5cGml7/P7IFAz73k=
57,41,AMtjDRwTd+B0y3l5F8lCLBShOeg=,mTMbnEUmORtbfAEVEgL4zls0akE=
56,34,AMtjDRwTd+B0y3l5F8lCLBShOeg=,BshXxRszNWPkTkkLJTS+mQM36Ks=
57,38,AMtjDRwTd+B0y3l5F8lCLBShOeg=,PeMGupg5x/IY8NyMEwJAJ/rKEHI=
56,41,AMtjDRwTd+B0y3l5F8lCLBShOeg=,mTMbnEUmORtbfAEVEgL4zls0akE=
54,41,AMtjDRwTd+B0y3l5F8lCLBShOeg=,V8dc4V02wRSvm5Dt4b9uIzT/BEg=
55,40,AMtjDRwTd+B0y3l5F8lCLBShOeg=,V8dc4V02wRSvm5Dt4b9uIzT/BEg=
54,38,AMtjDRwTd+B0y3l5F8lCLBShOeg=,au4j9Sun9Xp5cGml7/P7IFAz73k=
55,38,AMtjDRwTd+B0y3l5F8lCLBShOeg=,au4j9Sun9Xp5cGml7/P7IFAz73k=
55,39,AMtjDRwTd+B0y3l5F8lCLBShOeg=,au4j9Sun9Xp5cGml7/P7IFAz73k=
50,44,AMtjDRwTd+B0y3l5F8lCLBShOeg=,JdxcHh6176YD0wUi3k6r1aoZqrQ=
52,40,JcTM5+JoQafGIR8NsL1owQtMSbk=,V8dc4V02wRSvm5Dt4b9uIzT/BEg=
53,39,JcTM5+JoQafGIR8NsL1owQtMSbk=,au4j9Sun9Xp5cGml7/P7IFAz73k=
54,40,JcTM5+JoQafGIR8NsL1owQtMSbk=,V8dc4V02wRSvm5Dt4b9uIzT/BEg=
51,40,JcTM5+JoQafGIR8NsL1owQtMSbk=,EdLiQ+2qhl9nqaJR0l7onXNHdfk=
52,41,JcTM5+JoQafGIR8NsL1owQtMSbk=,V8dc4V02wRSvm5Dt4b9uIzT/BEg=
57,39,JcTM5+JoQafGIR8NsL1owQtMSbk=,PeMGupg5x/IY8NyMEwJAJ/rKEHI=
56,39,JcTM5+JoQafGIR8NsL1owQtMSbk=,PeMGupg5x/IY8NyMEwJAJ/rKEHI=
52,38,JcTM5+JoQafGIR8NsL1owQtMSbk=,au4j9Sun9Xp5cGml7/P7IFAz73k=
51,38,JcTM5+JoQafGIR8NsL1owQtMSbk=,sAWyHsdCScKUiShbdlUz9V7Kylc=
53,38,JcTM5+JoQafGIR8NsL1owQtMSbk=,au4j9Sun9Xp5cGml7/P7IFAz73k=
57,40,JcTM5+JoQafGIR8NsL1owQtMSbk=,mTMbnEUmORtbfAEVEgL4zls0akE=
51,41,JcTM5+JoQafGIR8NsL1owQtMSbk=,EdLiQ+2qhl9nqaJR0l7onXNHdfk=
50,38,JcTM5+JoQafGIR8NsL1owQtMSbk=,sAWyHsdCScKUiShbdlUz9V7Kylc=
55,41,JcTM5+JoQafGIR8NsL1owQtMSbk=,V8dc4V02wRSvm5Dt4b9uIzT/BEg=
56,38,JcTM5+JoQafGIR8NsL1owQtMSbk=,PeMGupg5x/IY8NyMEwJAJ/rKEHI=
53,40,JcTM5+JoQafGIR8NsL1owQtMSbk=,V8dc4V02wRSvm5Dt4b9uIzT/BEg=
50,41,JcTM5+JoQafGIR8NsL1owQtMSbk=,EdLiQ+2qhl9nqaJR0l7onXNHdfk=
53,41,JcTM5+JoQafGIR8NsL1owQtMSbk=,V8dc4V02wRSvm5Dt4b9uIzT/BEg=
50,40,JcTM5+JoQafGIR8NsL1owQtMSbk=,EdLiQ+2qhl9nqaJR0l7onXNHdfk=
50,39,JcTM5+JoQafGIR8NsL1owQtMSbk=,sAWyHsdCScKUiShbdlUz9V7Kylc=
56,37,JcTM5+JoQafGIR8NsL1owQtMSbk=,PeMGupg5x/IY8NyMEwJAJ/rKEHI=
53,37,JcTM5+JoQafGIR8NsL1owQtMSbk=,au4j9Sun9Xp5cGml7/P7IFAz73k=
48,34,JcTM5+JoQafGIR8NsL1owQtMSbk=,/g7gM6ir+rxU3pNU+IqqeM3gv/U=
48,36,JcTM5+JoQafGIR8NsL1owQtMSbk=,sAWyHsdCScKUiShbdlUz9V7Kylc=
52,36,yRWGRPeb25nucHXuzPSwYTNh0Zk=,au4j9Sun9Xp5cGml7/P7IFAz73k=
49,34,yRWGRPeb25nucHXuzPSwYTNh0Zk=,/g7gM6ir+rxU3pNU+IqqeM3gv/U=
54,37,yRWGRPeb25nucHXuzPSwYTNh0Zk=,au4j9Sun9Xp5cGml7/P7IFAz73k=
57,36,yRWGRPeb25nucHXuzPSwYTNh0Zk=,PeMGupg5x/IY8NyMEwJAJ/rKEHI=
56,32,yRWGRPeb25nucHXuzPSwYTNh0Zk=,BshXxRszNWPkTkkLJTS+mQM36Ks=
56,33,yRWGRPeb25nucHXuzPSwYTNh0Zk=,BshXxRszNWPkTkkLJTS+mQM36Ks=
48,35,yRWGRPeb25nucHXuzPSwYTNh0Zk=,/g7gM6ir+rxU3pNU+IqqeM3gv/U=
49,37,yRWGRPeb25nucHXuzPSwYTNh0Zk=,sAWyHsdCScKUiShbdlUz9V7Kylc=
49,36,yRWGRPeb25nucHXuzPSwYTNh0Zk=,sAWyHsdCScKUiShbdlUz9V7Kylc=
49,35,yRWGRPeb25nucHXuzPSwYTNh0Zk=,/g7gM6ir+rxU3pNU+IqqeM3gv/U=
55,37,yRWGRPeb25nucHXuzPSwYTNh0Zk=,au4j9Sun9Xp5cGml7/P7IFAz73k=
62,33,yRWGRPeb25nucHXuzPSwYTNh0Zk=,Ot3jEjRuKi4ZVU7r2PBj+gTLxhA=
48,37,yRWGRPeb25nucHXuzPSwYTNh0Zk=,sAWyHsdCScKUiShbdlUz9V7Kylc=
59,32,yRWGRPeb25nucHXuzPSwYTNh0Zk=,BshXxRszNWPkTkkLJTS+mQM36Ks=
61,33,yRWGRPeb25nucHXuzPSwYTNh0Zk=,Ot3jEjRuKi4ZVU7r2PBj+gTLxhA=
57,35,yRWGRPeb25nucHXuzPSwYTNh0Zk=,BshXxRszNWPkTkkLJTS+mQM36Ks=
57,32,yRWGRPeb25nucHXuzPSwYTNh0Zk=,BshXxRszNWPkTkkLJTS+mQM36Ks=
57,33,yRWGRPeb25nucHXuzPSwYTNh0Zk=,BshXxRszNWPkTkkLJTS+mQM36Ks=
51,36,yRWGRPeb25nucHXuzPSwYTNh0Zk=,sAWyHsdCScKUiShbdlUz9V7Kylc=
63,36,yRWGRPeb25nucHXuzPSwYTNh0Zk=,AjF5NXdo3m3bNrdnqYnRJSUEA8U=
63,33,yRWGRPeb25nucHXuzPSwYTNh0Zk=,Ot3jEjRuKi4ZVU7r2PBj+gTLxhA=
60,33,yRWGRPeb25nucHXuzPSwYTNh0Zk=,Ot3jEjRuKi4ZVU7r2PBj+gTLxhA=
59,33,yRWGRPeb25nucHXuzPSwYTNh0Zk=,BshXxRszNWPkTkkLJTS+mQM36Ks=
63,32,yRWGRPeb25nucHXuzPSwYTNh0Zk=,Ot3jEjRuKi4ZVU7r2PBj+gTLxhA=
60,32,yRWGRPeb25nucHXuzPSwYTNh0Zk=,Ot3jEjRuKi4ZVU7r2PBj+gTLxhA=
58,33,yRWGRPeb25nucHXuzPSwYTNh0Zk=,BshXxRszNWPkTkkLJTS+mQM36Ks=
57,34,yRWGRPeb25nucHXuzPSwYTNh0Zk=,BshXxRszNWPkTkkLJTS+mQM36Ks=
63,47,yRWGRPeb25nucHXuzPSwYTNh0Zk=,S3H5BW3NSWJokhkGp4+16wd8ato=
63,39,yRWGRPeb25nucHXuzPSwYTNh0Zk=,AjF5NXdo3m3bNrdnqYnRJSUEA8U=
51,37,yRWGRPeb25nucHXuzPSwYTNh0Zk=,sAWyHsdCScKUiShbdlUz9V7Kylc=
58,32,yRWGRPeb25nucHXuzPSwYTNh0Zk=,BshXxRszNWPkTkkLJTS+mQM36Ks=
62,32,yRWGRPeb25nucHXuzPSwYTNh0Zk=,Ot3jEjRuKi4ZVU7r2PBj+gTLxhA=
62,47,yRWGRPeb25nucHXuzPSwYTNh0Zk=,S3H5BW3NSWJokhkGp4+16wd8ato=
61,32,yRWGRPeb25nucHXuzPSwYTNh0Zk=,Ot3jEjRuKi4ZVU7r2PBj+gTLxhA=
62,40,yRWGRPeb25nucHXuzPSwYTNh0Zk=,kzac9nt1hE9E5/cGMDxwvsrZGfk=
50,37,yRWGRPeb25nucHXuzPSwYTNh0Zk=,sAWyHsdCScKUiShbdlUz9V7Kylc=
63,42,yRWGRPeb25nucHXuzPSwYTNh0Zk=,kzac9nt1hE9E5/cGMDxwvsrZGfk=
54,36,yRWGRPeb25nucHXuzPSwYTNh0Zk=,au4j9Sun9Xp5cGml7/P7IFAz73k=
62,39,yRWGRPeb25nucHXuzPSwYTNh0Zk=,AjF5NXdo3m3bNrdnqYnRJSUEA8U=
57,37,yRWGRPeb25nucHXuzPSwYTNh0Zk=,PeMGupg5x/IY8NyMEwJAJ/rKEHI=
62,35,yRWGRPeb25nucHXuzPSwYTNh0Zk=,Ot3jEjRuKi4ZVU7r2PBj+gTLxhA=
62,42,yRWGRPeb25nucHXuzPSwYTNh0Zk=,kzac9nt1hE9E5/cGMDxwvsrZGfk=
50,36,yRWGRPeb25nucHXuzPSwYTNh0Zk=,sAWyHsdCScKUiShbdlUz9V7Kylc=
52,37,yRWGRPeb25nucHXuzPSwYTNh0Zk=,au4j9Sun9Xp5cGml7/P7IFAz73k=
62,43,yRWGRPeb25nucHXuzPSwYTNh0Zk=,kzac9nt1hE9E5/cGMDxwvsrZGfk=
62,41,yRWGRPeb25nucHXuzPSwYTNh0Zk=,kzac9nt1hE9E5/cGMDxwvsrZGfk=
63,46,yRWGRPeb25nucHXuzPSwYTNh0Zk=,S3H5BW3NSWJokhkGp4+16wd8ato=
62,45,yRWGRPeb25nucHXuzPSwYTNh0Zk=,S3H5BW3NSWJokhkGp4+16wd8ato=
60,47,yRWGRPeb25nucHXuzPSwYTNh0Zk=,S3H5BW3NSWJokhkGp4+16wd8ato=
62,44,yRWGRPeb25nucHXuzPSwYTNh0Zk=,S3H5BW3NSWJokhkGp4+16wd8ato=
62,46,yRWGRPeb25nucHXuzPSwYTNh0Zk=,S3H5BW3NSWJokhkGp4+16wd8ato=
63,45,yRWGRPeb25nucHXuzPSwYTNh0Zk=,S3H5BW3NSWJokhkGp4+16wd8ato=
59,47,yRWGRPeb25nucHXuzPSwYTNh0Zk=,SZiqioe8xTPwBrv1I9vZwkosmG4=
63,43,yRWGRPeb25nucHXuzPSwYTNh0Zk=,kzac9nt1hE9E5/cGMDxwvsrZGfk=
63,40,yRWGRPeb25nucHXuzPSwYTNh0Zk=,kzac9nt1hE9E5/cGMDxwvsrZGfk=
59,46,yRWGRPeb25nucHXuzPSwYTNh0Zk=,SZiqioe8xTPwBrv1I9vZwkosmG4=
58,47,yRWGRPeb25nucHXuzPSwYTNh0Zk=,SZiqioe8xTPwBrv1I9vZwkosmG4=
63,41,yRWGRPeb25nucHXuzPSwYTNh0Zk=,kzac9nt1hE9E5/cGMDxwvsrZGfk=
56,35,yRWGRPeb25nucHXuzPSwYTNh0Zk=,BshXxRszNWPkTkkLJTS+mQM36Ks=
60,46,yRWGRPeb25nucHXuzPSwYTNh0Zk=,S3H5BW3NSWJokhkGp4+16wd8ato=
63,44,yRWGRPeb25nucHXuzPSwYTNh0Zk=,S3H5BW3NSWJokhkGp4+16wd8ato=
58,46,yRWGRPeb25nucHXuzPSwYTNh0Zk=,SZiqioe8xTPwBrv1I9vZwkosmG4=
62,38,yRWGRPeb25nucHXuzPSwYTNh0Zk=,AjF5NXdo3m3bNrdnqYnRJSUEA8U=
62,37,yRWGRPeb25nucHXuzPSwYTNh0Zk=,AjF5NXdo3m3bNrdnqYnRJSUEA8U=
61,46,yRWGRPeb25nucHXuzPSwYTNh0Zk=,S3H5BW3NSWJokhkGp4+16wd8ato=
55,32,yRWGRPeb25nucHXuzPSwYTNh0Zk=,S+1tvnDqroHc61suQXKT36IzcKs=
61,47,yRWGRPeb25nucHXuzPSwYTNh0Zk=,S3H5BW3NSWJokhkGp4+16wd8ato=
56,47,yRWGRPeb25nucHXuzPSwYTNh0Zk=,SZiqioe8xTPwBrv1I9vZwkosmG4=
56,36,yRWGRPeb25nucHXuzPSwYTNh0Zk=,PeMGupg5x/IY8NyMEwJAJ/rKEHI=
54,35,yRWGRPeb25nucHXuzPSwYTNh0Zk=,S+1tvnDqroHc61suQXKT36IzcKs=
53,35,yRWGRPeb25nucHXuzPSwYTNh0Zk=,S+1tvnDqroHc61suQXKT36IzcKs=
53,36,yRWGRPeb25nucHXuzPSwYTNh0Zk=,au4j9Sun9Xp5cGml7/P7IFAz73k=
54,34,yRWGRPeb25nucHXuzPSwYTNh0Zk=,S+1tvnDqroHc61suQXKT36IzcKs=
54,47,yRWGRPeb25nucHXuzPSwYTNh0Zk=,lU1ARobxg50qoDRNExogn65+7/s=
51,47,yRWGRPeb25nucHXuzPSwYTNh0Zk=,JdxcHh6176YD0wUi3k6r1aoZqrQ=
63,38,yRWGRPeb25nucHXuzPSwYTNh0Zk=,AjF5NXdo3m3bNrdnqYnRJSUEA8U=
57,47,yRWGRPeb25nucHXuzPSwYTNh0Zk=,SZiqioe8xTPwBrv1I9vZwkosmG4=
53,33,yRWGRPeb25nucHXuzPSwYTNh0Zk=,S+1tvnDqroHc61suQXKT36IzcKs=
55,34,yRWGRPeb25nucHXuzPSwYTNh0Zk=,S+1tvnDqroHc61suQXKT36IzcKs=
55,47,yRWGRPeb25nucHXuzPSwYTNh0Zk=,lU1ARobxg50qoDRNExogn65+7/s=
57,46,yRWGRPeb25nucHXuzPSwYTNh0Zk=,SZiqioe8xTPwBrv1I9vZwkosmG4=
55,36,yRWGRPeb25nucHXuzPSwYTNh0Zk=,au4j9Sun9Xp5cGml7/P7IFAz73k=
62,36,yRWGRPeb25nucHXuzPSwYTNh0Zk=,AjF5NXdo3m3bNrdnqYnRJSUEA8U=
55,46,yRWGRPeb25nucHXuzPSwYTNh0Zk=,lU1ARobxg50qoDRNExogn65+7/s=
53,47,yRWGRPeb25nucHXuzPSwYTNh0Zk=,lU1ARobxg50qoDRNExogn65+7/s=
50,33,yRWGRPeb25nucHXuzPSwYTNh0Zk=,/g7gM6ir+rxU3pNU+IqqeM3gv/U=
52,33,yRWGRPeb25nucHXuzPSwYTNh0Zk=,S+1tvnDqroHc61suQXKT36IzcKs=
55,35,yRWGRPeb25nucHXuzPSwYTNh0Zk=,S+1tvnDqroHc61suQXKT36IzcKs=
52,35,yRWGRPeb25nucHXuzPSwYTNh0Zk=,S+1tvnDqroHc61suQXKT36IzcKs=
50,35,yRWGRPeb25nucHXuzPSwYTNh0Zk=,/g7gM6ir+rxU3pNU+IqqeM3gv/U=
54,33,yRWGRPeb25nucHXuzPSwYTNh0Zk=,S+1tvnDqroHc61suQXKT36IzcKs=
54,46,yRWGRPeb25nucHXuzPSwYTNh0Zk=,lU1ARobxg50qoDRNExogn65+7/s=
56,46,yRWGRPeb25nucHXuzPSwYTNh0Zk=,SZiqioe8xTPwBrv1I9vZwkosmG4=
50,47,yRWGRPeb25nucHXuzPSwYTNh0Zk=,JdxcHh6176YD0wUi3k6r1aoZqrQ=
51,35,yRWGRPeb25nucHXuzPSwYTNh0Zk=,/g7gM6ir+rxU3pNU+IqqeM3gv/U=
54,32,yRWGRPeb25nucHXuzPSwYTNh0Zk=,S+1tvnDqroHc61suQXKT36IzcKs=
52,47,yRWGRPeb25nucHXuzPSwYTNh0Zk=,lU1ARobxg50qoDRNExogn65+7/s=
53,34,yRWGRPeb25nucHXuzPSwYTNh0Zk=,S+1tvnDqroHc61suQXKT36IzcKs=
51,33,yRWGRPeb25nucHXuzPSwYTNh0Zk=,/g7gM6ir+rxU3pNU+IqqeM3gv/U=
63,34,yRWGRPeb25nucHXuzPSwYTNh0Zk=,Ot3jEjRuKi4ZVU7r2PBj+gTLxhA=
63,35,yRWGRPeb25nucHXuzPSwYTNh0Zk=,Ot3jEjRuKi4ZVU7r2PBj+gTLxhA=
50,34,yRWGRPeb25nucHXuzPSwYTNh0Zk=,/g7gM6ir+rxU3pNU+IqqeM3gv/U=
48,33,yRWGRPeb25nucHXuzPSwYTNh0Zk=,/g7gM6ir+rxU3pNU+IqqeM3gv/U=
50,32,yRWGRPeb25nucHXuzPSwYTNh0Zk=,/g7gM6ir+rxU3pNU+IqqeM3gv/U=
49,33,yRWGRPeb25nucHXuzPSwYTNh0Zk=,/g7gM6ir+rxU3pNU+IqqeM3gv/U=
48,47,yRWGRPeb25nucHXuzPSwYTNh0Zk=,JdxcHh6176YD0wUi3k6r1aoZqrQ=
48,38,yRWGRPeb25nucHXuzPSwYTNh0Zk=,sAWyHsdCScKUiShbdlUz9V7Kylc=
53,32,yRWGRPeb25nucHXuzPSwYTNh0Zk=,S+1tvnDqroHc61suQXKT36IzcKs=
51,32,yRWGRPeb25nucHXuzPSwYTNh0Zk=,/g7gM6ir+rxU3pNU+IqqeM3gv/U=
49,32,yRWGRPeb25nucHXuzPSwYTNh0Zk=,/g7gM6ir+rxU3pNU+IqqeM3gv/U=
62,34,yRWGRPeb25nucHXuzPSwYTNh0Zk=,Ot3jEjRuKi4ZVU7r2PBj+gTLxhA=
48,32,yRWGRPeb25nucHXuzPSwYTNh0Zk=,/g7gM6ir+rxU3pNU+IqqeM3gv/U=
51,46,yRWGRPeb25nucHXuzPSwYTNh0Zk=,JdxcHh6176YD0wUi3k6r1aoZqrQ=
52,34,yRWGRPeb25nucHXuzPSwYTNh0Zk=,S+1tvnDqroHc61suQXKT36IzcKs=
50,46,yRWGRPeb25nucHXuzPSwYTNh0Zk=,JdxcHh6176YD0wUi3k6r1aoZqrQ=
63,37,yRWGRPeb25nucHXuzPSwYTNh0Zk=,AjF5NXdo3m3bNrdnqYnRJSUEA8U=
51,34,yRWGRPeb25nucHXuzPSwYTNh0Zk=,/g7gM6ir+rxU3pNU+IqqeM3gv/U=
55,33,yRWGRPeb25nucHXuzPSwYTNh0Zk=,S+1tvnDqroHc61suQXKT36IzcKs=
53,46,yRWGRPeb25nucHXuzPSwYTNh0Zk=,lU1ARobxg50qoDRNExogn65+7/s=
49,43,yRWGRPeb25nucHXuzPSwYTNh0Zk=,EdLiQ+2qhl9nqaJR0l7onXNHdfk=
48,44,yRWGRPeb25nucHXuzPSwYTNh0Zk=,JdxcHh6176YD0wUi3k6r1aoZqrQ=
49,46,yRWGRPeb25nucHXuzPSwYTNh0Zk=,JdxcHh6176YD0wUi3k6r1aoZqrQ=
52,46,yRWGRPeb25nucHXuzPSwYTNh0Zk=,lU1ARobxg50qoDRNExogn65+7/s=
49,45,yRWGRPeb25nucHXuzPSwYTNh0Zk=,JdxcHh6176YD0wUi3k6r1aoZqrQ=
49,42,yRWGRPeb25nucHXuzPSwYTNh0Zk=,EdLiQ+2qhl9nqaJR0l7onXNHdfk=
49,47,yRWGRPeb25nucHXuzPSwYTNh0Zk=,JdxcHh6176YD0wUi3k6r1aoZqrQ=
52,32,yRWGRPeb25nucHXuzPSwYTNh0Zk=,S+1tvnDqroHc61suQXKT36IzcKs=
49,39,yRWGRPeb25nucHXuzPSwYTNh0Zk=,sAWyHsdCScKUiShbdlUz9V7Kylc=
48,41,yRWGRPeb25nucHXuzPSwYTNh0Zk=,EdLiQ+2qhl9nqaJR0l7onXNHdfk=
48,45,yRWGRPeb25nucHXuzPSwYTNh0Zk=,JdxcHh6176YD0wUi3k6r1aoZqrQ=
48,43,yRWGRPeb25nucHXuzPSwYTNh0Zk=,EdLiQ+2qhl9nqaJR0l7onXNHdfk=
48,46,yRWGRPeb25nucHXuzPSwYTNh0Zk=,JdxcHh6176YD0wUi3k6r1aoZqrQ=
49,38,yRWGRPeb25nucHXuzPSwYTNh0Zk=,sAWyHsdCScKUiShbdlUz9V7Kylc=
48,39,yRWGRPeb25nucHXuzPSwYTNh0Zk=,sAWyHsdCScKUiShbdlUz9V7Kylc=
48,40,yRWGRPeb25nucHXuzPSwYTNh0Zk=,EdLiQ+2qhl9nqaJR0l7onXNHdfk=
49,40,yRWGRPeb25nucHXuzPSwYTNh0Zk=,EdLiQ+2qhl9nqaJR0l7onXNHdfk=
49,41,yRWGRPeb25nucHXuzPSwYTNh0Zk=,EdLiQ+2qhl9nqaJR0l7onXNHdfk=
49,44,yRWGRPeb25nucHXuzPSwYTNh0Zk=,JdxcHh6176YD0wUi3k6r1aoZqrQ=
48,42,yRWGRPeb25nucHXuzPSwYTNh0Zk=,EdLiQ+2qhl9nqaJR0l7onXNHdfk=
