5,-1,pvy1UXfjcr37csfMDOX6nRmc76I=,MsSK9AhM+KwCNe1xTkk3qQhya/M=
5,-2,pvy1UXfjcr37csfMDOX6nRmc76I=,kAM4BiyXSjZSnJI5ngpB1YaZEts=
4,-3,pvy1UXfjcr37csfMDOX6nRmc76I=,RnWBJ6XKqhbTQGMLBFgwv+PXZ78=
4,-2,pvy1UXfjcr37csfMDOX6nRmc76I=,RnWBJ6XKqhbTQGMLBFgwv+PXZ78=
4,-1,pvy1UXfjcr37csfMDOX6nRmc76I=,RnWBJ6XKqhbTQGMLBFgwv+PXZ78=
4,-4,pvy1UXfjcr37csfMDOX6nRmc76I=,kAM4BiyXSjZSnJI5ngpB1YaZEts=
3,-1,cyfIMI4Udk4pf4sXJsbWUe6ShzI=,pgEqxIQn7Kf+3e24AIy2ss8vIiM=
3,-2,cyfIMI4Udk4pf4sXJsbWUe6ShzI=,pgEqxIQn7Kf+3e24AIy2ss8vIiM=
3,-3,cyfIMI4Udk4pf4sXJsbWUe6ShzI=,pgEqxIQn7Kf+3e24AIy2ss8vIiM=
3,-4,cyfIMI4Udk4pf4sXJsbWUe6ShzI=,pgEqxIQn7Kf+3e24AIy2ss8vIiM=
3,-5,cyfIMI4Udk4pf4sXJsbWUe6ShzI=,G4GBoriRK6nGDm2zTDR6kdUiTWo=
2,-5,cyfIMI4Udk4pf4sXJsbWUe6ShzI=,eUmaYEdfDEiMpFj8+jxGEsekfh0=
2,-2,cyfIMI4Udk4pf4sXJsbWUe6ShzI=,eUmaYEdfDEiMpFj8+jxGEsekfh0=
2,-1,cyfIMI4Udk4pf4sXJsbWUe6ShzI=,eUmaYEdfDEiMpFj8+jxGEsekfh0=
2,-4,cyfIMI4Udk4pf4sXJsbWUe6ShzI=,eUmaYEdfDEiMpFj8+jxGEsekfh0=
2,-3,cyfIMI4Udk4pf4sXJsbWUe6ShzI=,eUmaYEdfDEiMpFj8+jxGEsekfh0=
1,-5,cyfIMI4Udk4pf4sXJsbWUe6ShzI=,THk2ie5CBZIxhelX3v2qX16rGAs=
1,-6,cyfIMI4Udk4pf4sXJsbWUe6ShzI=,kid2KdzyWkhrKO+JtRccRudbRHA=
1,-3,cyfIMI4Udk4pf4sXJsbWUe6ShzI=,THk2ie5CBZIxhelX3v2qX16rGAs=
1,-4,cyfIMI4Udk4pf4sXJsbWUe6ShzI=,THk2ie5CBZIxhelX3v2qX16rGAs=
1,-1,cyfIMI4Udk4pf4sXJsbWUe6ShzI=,THk2ie5CBZIxhelX3v2qX16rGAs=
1,-2,cyfIMI4Udk4pf4sXJsbWUe6ShzI=,XjRUBjgL5HjbrB/iHmIHzfXFx8A=
0,-6,syZxCJEoChSzgp9aOSpsu7J0kGo=,hjleJj+xXHjmUHxqeFikTwxHSyk=
0,-5,syZxCJEoChSzgp9aOSpsu7J0kGo=,5fyg3tn743zmC/iVpGv5snvEOSY=
0,-4,syZxCJEoChSzgp9aOSpsu7J0kGo=,5fyg3tn743zmC/iVpGv5snvEOSY=
0,-3,syZxCJEoChSzgp9aOSpsu7J0kGo=,EprQYrOvofj8PDTXIvB1UZJQV2c=
0,-2,syZxCJEoChSzgp9aOSpsu7J0kGo=,hf8WEcEQaWsnypKXOM7Ubvp1Bsw=
0,-1,syZxCJEoChSzgp9aOSpsu7J0kGo=,hf8WEcEQaWsnypKXOM7Ubvp1Bsw=
