-18,1,LKxL6A3WyZ3Nag33JIokOR2s+18=,c0q/7z4y7/wumRyKtXRMWYNiB3o=
-19,1,LKxL6A3WyZ3Nag33JIokOR2s+18=,ijMP/VCa06eked3FD865hjVsAUQ=
-19,2,LKxL6A3WyZ3Nag33JIokOR2s+18=,E6e41fg+kKZZk6BLi54SM5/H+TU=
-18,2,LKxL6A3WyZ3Nag33JIokOR2s+18=,OpvbGmpXsyiuCdqlCacpSFzy7Qw=
-21,2,LKxL6A3WyZ3Nag33JIokOR2s+18=,5eqVt3ssIH+8qQv+hi3WeAJMCvk=
-20,2,bq5az6aYUBGFDcSow9Jn8T0FiPg=,E6e41fg+kKZZk6BLi54SM5/H+TU=
-21,1,bq5az6aYUBGFDcSow9Jn8T0FiPg=,i8+2d/oePXMrAk/aXp1XFWJyUDA=
-20,1,bq5az6aYUBGFDcSow9Jn8T0FiPg=,ijMP/VCa06eked3FD865hjVsAUQ=
-22,1,bq5az6aYUBGFDcSow9Jn8T0FiPg=,i8+2d/oePXMrAk/aXp1XFWJyUDA=
-22,3,bq5az6aYUBGFDcSow9Jn8T0FiPg=,5eqVt3ssIH+8qQv+hi3WeAJMCvk=
-22,4,bq5az6aYUBGFDcSow9Jn8T0FiPg=,2AU4HlQHsL0ushYJise6b9qbqQ4=
-23,4,bq5az6aYUBGFDcSow9Jn8T0FiPg=,ySpPCQtVFAgg0++8e9xRG+YMbN8=
-23,1,bq5az6aYUBGFDcSow9Jn8T0FiPg=,t+h2fD96MoqnGJiBetgtzvh4l0M=
-23,2,bq5az6aYUBGFDcSow9Jn8T0FiPg=,h6vfXcwEYzuUxEXY3zjuYe0Ck6o=
-23,3,bq5az6aYUBGFDcSow9Jn8T0FiPg=,h6vfXcwEYzuUxEXY3zjuYe0Ck6o=
-22,2,bq5az6aYUBGFDcSow9Jn8T0FiPg=,5eqVt3ssIH+8qQv+hi3WeAJMCvk=
-25,5,bq5az6aYUBGFDcSow9Jn8T0FiPg=,Oj08H/TMvrfzy0/6GowfVoHRL2U=
-24,6,aqpFxNE9Y7797rSwXWQolSEuQ+c=,N89DCFKKPmMkLBFcayALpoOyS9w=
-24,5,aqpFxNE9Y7797rSwXWQolSEuQ+c=,ySpPCQtVFAgg0++8e9xRG+YMbN8=
-25,6,aqpFxNE9Y7797rSwXWQolSEuQ+c=,6MWGTpQ8h+9Jbd5E/YBPGglWuUA=
-24,4,aqpFxNE9Y7797rSwXWQolSEuQ+c=,ySpPCQtVFAgg0++8e9xRG+YMbN8=
-24,3,aqpFxNE9Y7797rSwXWQolSEuQ+c=,h6vfXcwEYzuUxEXY3zjuYe0Ck6o=
-25,3,aqpFxNE9Y7797rSwXWQolSEuQ+c=,ddwsCslQg9sv7B6kptVmurFvnBQ=
-25,4,aqpFxNE9Y7797rSwXWQolSEuQ+c=,Oj08H/TMvrfzy0/6GowfVoHRL2U=
-26,8,aqpFxNE9Y7797rSwXWQolSEuQ+c=,F1Dm3T0qZQwKBUs6hJWhR0X7xHQ=
-27,7,aqpFxNE9Y7797rSwXWQolSEuQ+c=,IguXh69caXJgvMp+7m2pQI6g57s=
-27,8,aqpFxNE9Y7797rSwXWQolSEuQ+c=,WVcMYzmmw3A6dH8JsbP1/967C/M=
-26,7,aqpFxNE9Y7797rSwXWQolSEuQ+c=,6MWGTpQ8h+9Jbd5E/YBPGglWuUA=
-26,5,aqpFxNE9Y7797rSwXWQolSEuQ+c=,Oj08H/TMvrfzy0/6GowfVoHRL2U=
-26,6,aqpFxNE9Y7797rSwXWQolSEuQ+c=,6MWGTpQ8h+9Jbd5E/YBPGglWuUA=
-27,6,aqpFxNE9Y7797rSwXWQolSEuQ+c=,IguXh69caXJgvMp+7m2pQI6g57s=
-27,5,aqpFxNE9Y7797rSwXWQolSEuQ+c=,XN8mwXkBlHmwyn3x5iauOvVUj5c=
-27,9,aqpFxNE9Y7797rSwXWQolSEuQ+c=,WVcMYzmmw3A6dH8JsbP1/967C/M=
-27,10,aqpFxNE9Y7797rSwXWQolSEuQ+c=,sFpCWcbTVbAY9ebOkCvZRM9HGXw=
-26,10,aqpFxNE9Y7797rSwXWQolSEuQ+c=,XZcyo1o4VHlHlxV27Egf1R7ilkg=
-26,9,jHA6g3yzaGnHuu2ZVQCn551jOfM=,F1Dm3T0qZQwKBUs6hJWhR0X7xHQ=
-26,11,jHA6g3yzaGnHuu2ZVQCn551jOfM=,XZcyo1o4VHlHlxV27Egf1R7ilkg=
-27,12,jHA6g3yzaGnHuu2ZVQCn551jOfM=,CmsvO+e8oi8p6NCtuBglR21jRMU=
-26,12,jHA6g3yzaGnHuu2ZVQCn551jOfM=,hPNWGcVu8YI7H0s3JLGjNy0CbvQ=
-27,11,jHA6g3yzaGnHuu2ZVQCn551jOfM=,sFpCWcbTVbAY9ebOkCvZRM9HGXw=
-26,13,jHA6g3yzaGnHuu2ZVQCn551jOfM=,hPNWGcVu8YI7H0s3JLGjNy0CbvQ=
-27,13,jHA6g3yzaGnHuu2ZVQCn551jOfM=,CmsvO+e8oi8p6NCtuBglR21jRMU=
-27,14,jHA6g3yzaGnHuu2ZVQCn551jOfM=,3WIDTPTbRJRKyTgYSdCUGOuT2+0=
-28,14,jHA6g3yzaGnHuu2ZVQCn551jOfM=,3WIDTPTbRJRKyTgYSdCUGOuT2+0=
-29,14,jHA6g3yzaGnHuu2ZVQCn551jOfM=,7slhMQBEJaRqf81oGtFiEjuk/Fc=
-28,13,jHA6g3yzaGnHuu2ZVQCn551jOfM=,CmsvO+e8oi8p6NCtuBglR21jRMU=
-29,13,jHA6g3yzaGnHuu2ZVQCn551jOfM=,4ipCek4KXDoxS2chUkH2rIREYdo=
-26,14,jHA6g3yzaGnHuu2ZVQCn551jOfM=,X8I2tbGNRzxA0HHYZc9OJYnYg7I=
-29,12,jHA6g3yzaGnHuu2ZVQCn551jOfM=,4ipCek4KXDoxS2chUkH2rIREYdo=
-31,13,jHA6g3yzaGnHuu2ZVQCn551jOfM=,VPgBd6ctNyiB77J4scqNm7cGG8c=
-28,11,jHA6g3yzaGnHuu2ZVQCn551jOfM=,sFpCWcbTVbAY9ebOkCvZRM9HGXw=
-30,14,jHA6g3yzaGnHuu2ZVQCn551jOfM=,7slhMQBEJaRqf81oGtFiEjuk/Fc=
-28,12,jHA6g3yzaGnHuu2ZVQCn551jOfM=,CmsvO+e8oi8p6NCtuBglR21jRMU=
-29,11,jHA6g3yzaGnHuu2ZVQCn551jOfM=,np9vkiXKzv/jnKwh2hF2aB8UY0Y=
-30,13,jHA6g3yzaGnHuu2ZVQCn551jOfM=,4ipCek4KXDoxS2chUkH2rIREYdo=
-30,12,jHA6g3yzaGnHuu2ZVQCn551jOfM=,4ipCek4KXDoxS2chUkH2rIREYdo=
-31,14,smmeaLiG4prsM9q0cwykM5nqhFg=,qsEP26kcbLLiTka7mFhcltWTpuU=
-30,11,smmeaLiG4prsM9q0cwykM5nqhFg=,np9vkiXKzv/jnKwh2hF2aB8UY0Y=
-31,12,smmeaLiG4prsM9q0cwykM5nqhFg=,VPgBd6ctNyiB77J4scqNm7cGG8c=
-29,10,smmeaLiG4prsM9q0cwykM5nqhFg=,np9vkiXKzv/jnKwh2hF2aB8UY0Y=
-28,9,smmeaLiG4prsM9q0cwykM5nqhFg=,WVcMYzmmw3A6dH8JsbP1/967C/M=
-30,9,smmeaLiG4prsM9q0cwykM5nqhFg=,3bmQRwH+LFsWcVEU2fF60cIIOIs=
-29,9,smmeaLiG4prsM9q0cwykM5nqhFg=,3bmQRwH+LFsWcVEU2fF60cIIOIs=
-28,10,smmeaLiG4prsM9q0cwykM5nqhFg=,sFpCWcbTVbAY9ebOkCvZRM9HGXw=
-31,10,smmeaLiG4prsM9q0cwykM5nqhFg=,1dmKqAjy2CyBD54YiKEfsz/WrZA=
-30,10,smmeaLiG4prsM9q0cwykM5nqhFg=,np9vkiXKzv/jnKwh2hF2aB8UY0Y=
-31,9,smmeaLiG4prsM9q0cwykM5nqhFg=,RxMHXaOdEvW9OvFiv4kFCbScmnE=
-31,11,smmeaLiG4prsM9q0cwykM5nqhFg=,1dmKqAjy2CyBD54YiKEfsz/WrZA=
-28,7,smmeaLiG4prsM9q0cwykM5nqhFg=,IguXh69caXJgvMp+7m2pQI6g57s=
-30,8,smmeaLiG4prsM9q0cwykM5nqhFg=,3bmQRwH+LFsWcVEU2fF60cIIOIs=
-28,5,smmeaLiG4prsM9q0cwykM5nqhFg=,XN8mwXkBlHmwyn3x5iauOvVUj5c=
-31,7,smmeaLiG4prsM9q0cwykM5nqhFg=,3smJCMlCWbDlVhMSIM7brLBe6So=
-29,7,mVE1vpEWPl5nbs4U83kpZANJ4JY=,0wTjS3rU7TigGp0OynU3RrFsli0=
-28,8,mVE1vpEWPl5nbs4U83kpZANJ4JY=,WVcMYzmmw3A6dH8JsbP1/967C/M=
-30,7,mVE1vpEWPl5nbs4U83kpZANJ4JY=,0wTjS3rU7TigGp0OynU3RrFsli0=
-29,8,mVE1vpEWPl5nbs4U83kpZANJ4JY=,3bmQRwH+LFsWcVEU2fF60cIIOIs=
-28,6,mVE1vpEWPl5nbs4U83kpZANJ4JY=,IguXh69caXJgvMp+7m2pQI6g57s=
-29,5,mVE1vpEWPl5nbs4U83kpZANJ4JY=,NFhKHnXOwPBkqEcx49f6hDkT4LA=
-31,8,mVE1vpEWPl5nbs4U83kpZANJ4JY=,RxMHXaOdEvW9OvFiv4kFCbScmnE=
-29,6,mVE1vpEWPl5nbs4U83kpZANJ4JY=,0wTjS3rU7TigGp0OynU3RrFsli0=
-31,6,mVE1vpEWPl5nbs4U83kpZANJ4JY=,3smJCMlCWbDlVhMSIM7brLBe6So=
-30,6,mVE1vpEWPl5nbs4U83kpZANJ4JY=,0wTjS3rU7TigGp0OynU3RrFsli0=
-31,5,mVE1vpEWPl5nbs4U83kpZANJ4JY=,ObRpK0LYIJMSXQje83X+M8Zbzps=
-30,5,mVE1vpEWPl5nbs4U83kpZANJ4JY=,NFhKHnXOwPBkqEcx49f6hDkT4LA=
-30,4,mVE1vpEWPl5nbs4U83kpZANJ4JY=,NFhKHnXOwPBkqEcx49f6hDkT4LA=
-26,3,mVE1vpEWPl5nbs4U83kpZANJ4JY=,ddwsCslQg9sv7B6kptVmurFvnBQ=
-30,3,mVE1vpEWPl5nbs4U83kpZANJ4JY=,laCZ8kLe54zgZCxg34yD0viIpIM=
-28,4,mVE1vpEWPl5nbs4U83kpZANJ4JY=,XN8mwXkBlHmwyn3x5iauOvVUj5c=
-24,2,mVE1vpEWPl5nbs4U83kpZANJ4JY=,h6vfXcwEYzuUxEXY3zjuYe0Ck6o=
-26,4,mVE1vpEWPl5nbs4U83kpZANJ4JY=,Oj08H/TMvrfzy0/6GowfVoHRL2U=
-27,4,mVE1vpEWPl5nbs4U83kpZANJ4JY=,XN8mwXkBlHmwyn3x5iauOvVUj5c=
-29,4,mVE1vpEWPl5nbs4U83kpZANJ4JY=,NFhKHnXOwPBkqEcx49f6hDkT4LA=
-31,4,mVE1vpEWPl5nbs4U83kpZANJ4JY=,ObRpK0LYIJMSXQje83X+M8Zbzps=
-28,3,mVE1vpEWPl5nbs4U83kpZANJ4JY=,ZJp6YOXoDqPmL/Q57WThs9gtEaU=
-28,2,bgO+WPoe8LA6JePUvfoZW1H5SVs=,ZJp6YOXoDqPmL/Q57WThs9gtEaU=
-27,2,bgO+WPoe8LA6JePUvfoZW1H5SVs=,ZJp6YOXoDqPmL/Q57WThs9gtEaU=
-31,3,bgO+WPoe8LA6JePUvfoZW1H5SVs=,H3KlA4fkhMFXu2oIq8Z9yzEa7dc=
-29,3,bgO+WPoe8LA6JePUvfoZW1H5SVs=,laCZ8kLe54zgZCxg34yD0viIpIM=
-27,3,bgO+WPoe8LA6JePUvfoZW1H5SVs=,ZJp6YOXoDqPmL/Q57WThs9gtEaU=
-31,2,bgO+WPoe8LA6JePUvfoZW1H5SVs=,H3KlA4fkhMFXu2oIq8Z9yzEa7dc=
-31,1,bgO+WPoe8LA6JePUvfoZW1H5SVs=,8IElkhk3/EJWVX9/5Od/xl+mrj0=
-29,2,bgO+WPoe8LA6JePUvfoZW1H5SVs=,laCZ8kLe54zgZCxg34yD0viIpIM=
-26,2,bgO+WPoe8LA6JePUvfoZW1H5SVs=,ddwsCslQg9sv7B6kptVmurFvnBQ=
-25,2,bgO+WPoe8LA6JePUvfoZW1H5SVs=,ddwsCslQg9sv7B6kptVmurFvnBQ=
-29,1,bgO+WPoe8LA6JePUvfoZW1H5SVs=,HpiGo4IhxlBoBKnzQ5BPsyACRL0=
-27,1,bgO+WPoe8LA6JePUvfoZW1H5SVs=,OGWSaY3mLtc6KwUAnhfLzcGZHV0=
-24,1,bgO+WPoe8LA6JePUvfoZW1H5SVs=,t+h2fD96MoqnGJiBetgtzvh4l0M=
-30,2,bgO+WPoe8LA6JePUvfoZW1H5SVs=,laCZ8kLe54zgZCxg34yD0viIpIM=
-30,1,bgO+WPoe8LA6JePUvfoZW1H5SVs=,HpiGo4IhxlBoBKnzQ5BPsyACRL0=
-30,0,bgO+WPoe8LA6JePUvfoZW1H5SVs=,HpiGo4IhxlBoBKnzQ5BPsyACRL0=
-31,0,bgO+WPoe8LA6JePUvfoZW1H5SVs=,8IElkhk3/EJWVX9/5Od/xl+mrj0=
-26,1,bgO+WPoe8LA6JePUvfoZW1H5SVs=,UiaV4G5ZFFPnYNxAglrHSOs3zT0=
-25,1,bgO+WPoe8LA6JePUvfoZW1H5SVs=,UiaV4G5ZFFPnYNxAglrHSOs3zT0=
-28,1,bgO+WPoe8LA6JePUvfoZW1H5SVs=,OGWSaY3mLtc6KwUAnhfLzcGZHV0=
-32,2,bgO+WPoe8LA6JePUvfoZW1H5SVs=,H3KlA4fkhMFXu2oIq8Z9yzEa7dc=
-32,1,bgO+WPoe8LA6JePUvfoZW1H5SVs=,8IElkhk3/EJWVX9/5Od/xl+mrj0=
-32,3,bgO+WPoe8LA6JePUvfoZW1H5SVs=,H3KlA4fkhMFXu2oIq8Z9yzEa7dc=
-32,4,Bin2hPBoU59HgJr4UAA6iA3/1rI=,ObRpK0LYIJMSXQje83X+M8Zbzps=
-32,6,Bin2hPBoU59HgJr4UAA6iA3/1rI=,3smJCMlCWbDlVhMSIM7brLBe6So=
-32,7,Bin2hPBoU59HgJr4UAA6iA3/1rI=,3smJCMlCWbDlVhMSIM7brLBe6So=
-32,8,Bin2hPBoU59HgJr4UAA6iA3/1rI=,RxMHXaOdEvW9OvFiv4kFCbScmnE=
-32,13,Bin2hPBoU59HgJr4UAA6iA3/1rI=,VPgBd6ctNyiB77J4scqNm7cGG8c=
-32,10,Bin2hPBoU59HgJr4UAA6iA3/1rI=,1dmKqAjy2CyBD54YiKEfsz/WrZA=
-30,15,Bin2hPBoU59HgJr4UAA6iA3/1rI=,7slhMQBEJaRqf81oGtFiEjuk/Fc=
-32,12,Bin2hPBoU59HgJr4UAA6iA3/1rI=,VPgBd6ctNyiB77J4scqNm7cGG8c=
-32,11,Bin2hPBoU59HgJr4UAA6iA3/1rI=,1dmKqAjy2CyBD54YiKEfsz/WrZA=
-31,15,Bin2hPBoU59HgJr4UAA6iA3/1rI=,qsEP26kcbLLiTka7mFhcltWTpuU=
-32,14,Bin2hPBoU59HgJr4UAA6iA3/1rI=,qsEP26kcbLLiTka7mFhcltWTpuU=
-32,9,Bin2hPBoU59HgJr4UAA6iA3/1rI=,RxMHXaOdEvW9OvFiv4kFCbScmnE=
-32,5,Bin2hPBoU59HgJr4UAA6iA3/1rI=,ObRpK0LYIJMSXQje83X+M8Zbzps=
-28,15,Bin2hPBoU59HgJr4UAA6iA3/1rI=,3WIDTPTbRJRKyTgYSdCUGOuT2+0=
-29,15,Bin2hPBoU59HgJr4UAA6iA3/1rI=,7slhMQBEJaRqf81oGtFiEjuk/Fc=
-27,15,Bin2hPBoU59HgJr4UAA6iA3/1rI=,3WIDTPTbRJRKyTgYSdCUGOuT2+0=
-26,15,Bin2hPBoU59HgJr4UAA6iA3/1rI=,X8I2tbGNRzxA0HHYZc9OJYnYg7I=
-23,13,Bin2hPBoU59HgJr4UAA6iA3/1rI=,bsTEipCQoWKfe7GBz904YaLXuus=
-24,13,Bin2hPBoU59HgJr4UAA6iA3/1rI=,bsTEipCQoWKfe7GBz904YaLXuus=
-25,14,Bin2hPBoU59HgJr4UAA6iA3/1rI=,X8I2tbGNRzxA0HHYZc9OJYnYg7I=
-24,14,Bin2hPBoU59HgJr4UAA6iA3/1rI=,2IyUYSl1/v91w9xxNdRzsFbTg2s=
-25,13,Bin2hPBoU59HgJr4UAA6iA3/1rI=,hPNWGcVu8YI7H0s3JLGjNy0CbvQ=
-22,13,Bin2hPBoU59HgJr4UAA6iA3/1rI=,HrSpbyhRuukfcnsoD3HPBbLc3so=
-22,14,Bin2hPBoU59HgJr4UAA6iA3/1rI=,4y2POaiBvLHUsSlj/F2S6Rs4/Jw=
-23,14,Bin2hPBoU59HgJr4UAA6iA3/1rI=,2IyUYSl1/v91w9xxNdRzsFbTg2s=
-20,13,Bin2hPBoU59HgJr4UAA6iA3/1rI=,WVG+uBd5TIp8stv6QnVecvU3KaI=
-21,14,Bin2hPBoU59HgJr4UAA6iA3/1rI=,4y2POaiBvLHUsSlj/F2S6Rs4/Jw=
-20,14,Bin2hPBoU59HgJr4UAA6iA3/1rI=,VuJcYSQpFwsdb1Khbk83DyK8tLQ=
-21,13,Bin2hPBoU59HgJr4UAA6iA3/1rI=,HrSpbyhRuukfcnsoD3HPBbLc3so=
-18,11,Bin2hPBoU59HgJr4UAA6iA3/1rI=,0byJmJ7K3eMfd7v0d7j3yxzFEmw=
-19,11,3PN//uibsnYL0yOFmCQ8BFtx3/0=,ac5GixOjKkHlfm01El8EJfKgZDw=
-19,12,3PN//uibsnYL0yOFmCQ8BFtx3/0=,WVG+uBd5TIp8stv6QnVecvU3KaI=
-18,12,3PN//uibsnYL0yOFmCQ8BFtx3/0=,BxcHAtYQ6bFHQG6/klh4CIZ4c9s=
-18,10,3PN//uibsnYL0yOFmCQ8BFtx3/0=,0byJmJ7K3eMfd7v0d7j3yxzFEmw=
-19,10,3PN//uibsnYL0yOFmCQ8BFtx3/0=,ac5GixOjKkHlfm01El8EJfKgZDw=
-18,9,3PN//uibsnYL0yOFmCQ8BFtx3/0=,ahrkrOIzAYN9bW6gdSIZTqJ4TZA=
-19,9,3PN//uibsnYL0yOFmCQ8BFtx3/0=,xVpItrnr4L/rN9uPuRkAfISzTE8=
-20,8,3PN//uibsnYL0yOFmCQ8BFtx3/0=,xVpItrnr4L/rN9uPuRkAfISzTE8=
-23,6,3PN//uibsnYL0yOFmCQ8BFtx3/0=,N89DCFKKPmMkLBFcayALpoOyS9w=
-23,5,3PN//uibsnYL0yOFmCQ8BFtx3/0=,ySpPCQtVFAgg0++8e9xRG+YMbN8=
-20,7,3PN//uibsnYL0yOFmCQ8BFtx3/0=,EqeWwUw5LfyfdXF9ip72D8A9tQE=
-21,7,3PN//uibsnYL0yOFmCQ8BFtx3/0=,naoa3N9GXzw9/14vUyCPqKaIkhY=
-21,8,/3KdGIJLgSCkNbD8ihjG4k5aT3A=,F1HKIAQLR/vQUT+/dqSe+NNZRk8=
-18,7,/3KdGIJLgSCkNbD8ihjG4k5aT3A=,FVtXHIl4R6dLrLCHWlLmlvljsRw=
-18,8,/3KdGIJLgSCkNbD8ihjG4k5aT3A=,ahrkrOIzAYN9bW6gdSIZTqJ4TZA=
-22,6,/3KdGIJLgSCkNbD8ihjG4k5aT3A=,naoa3N9GXzw9/14vUyCPqKaIkhY=
-19,8,/3KdGIJLgSCkNbD8ihjG4k5aT3A=,xVpItrnr4L/rN9uPuRkAfISzTE8=
-20,12,/3KdGIJLgSCkNbD8ihjG4k5aT3A=,WVG+uBd5TIp8stv6QnVecvU3KaI=
-19,7,/3KdGIJLgSCkNbD8ihjG4k5aT3A=,EqeWwUw5LfyfdXF9ip72D8A9tQE=
-20,9,/3KdGIJLgSCkNbD8ihjG4k5aT3A=,xVpItrnr4L/rN9uPuRkAfISzTE8=
-20,6,/3KdGIJLgSCkNbD8ihjG4k5aT3A=,EqeWwUw5LfyfdXF9ip72D8A9tQE=
-20,10,/3KdGIJLgSCkNbD8ihjG4k5aT3A=,ac5GixOjKkHlfm01El8EJfKgZDw=
-21,12,/3KdGIJLgSCkNbD8ihjG4k5aT3A=,HrSpbyhRuukfcnsoD3HPBbLc3so=
-20,11,/3KdGIJLgSCkNbD8ihjG4k5aT3A=,ac5GixOjKkHlfm01El8EJfKgZDw=
-22,5,/3KdGIJLgSCkNbD8ihjG4k5aT3A=,2AU4HlQHsL0ushYJise6b9qbqQ4=
-21,11,/3KdGIJLgSCkNbD8ihjG4k5aT3A=,fo9YSkwsWSiOIXeFrVWa8pY4Tx0=
-21,10,ftCwNusDyqi5eKZElenrE4Upr8s=,fo9YSkwsWSiOIXeFrVWa8pY4Tx0=
-21,5,ftCwNusDyqi5eKZElenrE4Upr8s=,2AU4HlQHsL0ushYJise6b9qbqQ4=
-19,3,ftCwNusDyqi5eKZElenrE4Upr8s=,E6e41fg+kKZZk6BLi54SM5/H+TU=
-21,3,ftCwNusDyqi5eKZElenrE4Upr8s=,5eqVt3ssIH+8qQv+hi3WeAJMCvk=
-21,6,ftCwNusDyqi5eKZElenrE4Upr8s=,naoa3N9GXzw9/14vUyCPqKaIkhY=
-18,3,ftCwNusDyqi5eKZElenrE4Upr8s=,OpvbGmpXsyiuCdqlCacpSFzy7Qw=
-25,8,ftCwNusDyqi5eKZElenrE4Upr8s=,F1Dm3T0qZQwKBUs6hJWhR0X7xHQ=
-19,6,ftCwNusDyqi5eKZElenrE4Upr8s=,EqeWwUw5LfyfdXF9ip72D8A9tQE=
-19,5,ftCwNusDyqi5eKZElenrE4Upr8s=,8HenCRW/q/KMfqRttGji8WP6vKA=
-20,3,ftCwNusDyqi5eKZElenrE4Upr8s=,E6e41fg+kKZZk6BLi54SM5/H+TU=
-21,9,UVMJa/BiDuE5rQPM4HzBPQlYoHk=,F1HKIAQLR/vQUT+/dqSe+NNZRk8=
-19,4,UVMJa/BiDuE5rQPM4HzBPQlYoHk=,8HenCRW/q/KMfqRttGji8WP6vKA=
-25,12,UVMJa/BiDuE5rQPM4HzBPQlYoHk=,hPNWGcVu8YI7H0s3JLGjNy0CbvQ=
-25,11,UVMJa/BiDuE5rQPM4HzBPQlYoHk=,XZcyo1o4VHlHlxV27Egf1R7ilkg=
-18,5,UVMJa/BiDuE5rQPM4HzBPQlYoHk=,uUSQQ3tOUYv1boO9oASb1FWF/6o=
-18,4,UVMJa/BiDuE5rQPM4HzBPQlYoHk=,uUSQQ3tOUYv1boO9oASb1FWF/6o=
-21,4,UVMJa/BiDuE5rQPM4HzBPQlYoHk=,2AU4HlQHsL0ushYJise6b9qbqQ4=
-18,6,UVMJa/BiDuE5rQPM4HzBPQlYoHk=,FVtXHIl4R6dLrLCHWlLmlvljsRw=
-20,5,UVMJa/BiDuE5rQPM4HzBPQlYoHk=,8HenCRW/q/KMfqRttGji8WP6vKA=
-24,12,UVMJa/BiDuE5rQPM4HzBPQlYoHk=,bsTEipCQoWKfe7GBz904YaLXuus=
-20,4,UVMJa/BiDuE5rQPM4HzBPQlYoHk=,8HenCRW/q/KMfqRttGji8WP6vKA=
-22,11,UVMJa/BiDuE5rQPM4HzBPQlYoHk=,fo9YSkwsWSiOIXeFrVWa8pY4Tx0=
-24,11,UVMJa/BiDuE5rQPM4HzBPQlYoHk=,lanoXzHpT+7i31nbxb01OQwI8K8=
-25,10,UVMJa/BiDuE5rQPM4HzBPQlYoHk=,XZcyo1o4VHlHlxV27Egf1R7ilkg=
-23,12,UVMJa/BiDuE5rQPM4HzBPQlYoHk=,bsTEipCQoWKfe7GBz904YaLXuus=
-17,1,UVMJa/BiDuE5rQPM4HzBPQlYoHk=,c0q/7z4y7/wumRyKtXRMWYNiB3o=
-22,12,UVMJa/BiDuE5rQPM4HzBPQlYoHk=,HrSpbyhRuukfcnsoD3HPBbLc3so=
-25,9,UVMJa/BiDuE5rQPM4HzBPQlYoHk=,F1Dm3T0qZQwKBUs6hJWhR0X7xHQ=
-17,6,UVMJa/BiDuE5rQPM4HzBPQlYoHk=,FVtXHIl4R6dLrLCHWlLmlvljsRw=
-23,11,UVMJa/BiDuE5rQPM4HzBPQlYoHk=,lanoXzHpT+7i31nbxb01OQwI8K8=
-17,3,UVMJa/BiDuE5rQPM4HzBPQlYoHk=,OpvbGmpXsyiuCdqlCacpSFzy7Qw=
-25,7,UVMJa/BiDuE5rQPM4HzBPQlYoHk=,6MWGTpQ8h+9Jbd5E/YBPGglWuUA=
-17,2,UVMJa/BiDuE5rQPM4HzBPQlYoHk=,OpvbGmpXsyiuCdqlCacpSFzy7Qw=
-17,7,UVMJa/BiDuE5rQPM4HzBPQlYoHk=,FVtXHIl4R6dLrLCHWlLmlvljsRw=
-23,7,UVMJa/BiDuE5rQPM4HzBPQlYoHk=,N89DCFKKPmMkLBFcayALpoOyS9w=
-22,10,UVMJa/BiDuE5rQPM4HzBPQlYoHk=,fo9YSkwsWSiOIXeFrVWa8pY4Tx0=
-23,10,UVMJa/BiDuE5rQPM4HzBPQlYoHk=,lanoXzHpT+7i31nbxb01OQwI8K8=
-17,4,UVMJa/BiDuE5rQPM4HzBPQlYoHk=,uUSQQ3tOUYv1boO9oASb1FWF/6o=
-17,8,UVMJa/BiDuE5rQPM4HzBPQlYoHk=,ahrkrOIzAYN9bW6gdSIZTqJ4TZA=
-22,7,UVMJa/BiDuE5rQPM4HzBPQlYoHk=,naoa3N9GXzw9/14vUyCPqKaIkhY=
-17,5,UVMJa/BiDuE5rQPM4HzBPQlYoHk=,uUSQQ3tOUYv1boO9oASb1FWF/6o=
-24,7,UVMJa/BiDuE5rQPM4HzBPQlYoHk=,N89DCFKKPmMkLBFcayALpoOyS9w=
-24,10,UVMJa/BiDuE5rQPM4HzBPQlYoHk=,lanoXzHpT+7i31nbxb01OQwI8K8=
-17,12,UVMJa/BiDuE5rQPM4HzBPQlYoHk=,BxcHAtYQ6bFHQG6/klh4CIZ4c9s=
-17,9,UVMJa/BiDuE5rQPM4HzBPQlYoHk=,ahrkrOIzAYN9bW6gdSIZTqJ4TZA=
-17,10,UVMJa/BiDuE5rQPM4HzBPQlYoHk=,0byJmJ7K3eMfd7v0d7j3yxzFEmw=
-17,11,UVMJa/BiDuE5rQPM4HzBPQlYoHk=,0byJmJ7K3eMfd7v0d7j3yxzFEmw=
-22,8,UVMJa/BiDuE5rQPM4HzBPQlYoHk=,F1HKIAQLR/vQUT+/dqSe+NNZRk8=
-20,15,UVMJa/BiDuE5rQPM4HzBPQlYoHk=,VuJcYSQpFwsdb1Khbk83DyK8tLQ=
-22,9,UVMJa/BiDuE5rQPM4HzBPQlYoHk=,F1HKIAQLR/vQUT+/dqSe+NNZRk8=
-21,15,UVMJa/BiDuE5rQPM4HzBPQlYoHk=,4y2POaiBvLHUsSlj/F2S6Rs4/Jw=
-18,13,UVMJa/BiDuE5rQPM4HzBPQlYoHk=,BxcHAtYQ6bFHQG6/klh4CIZ4c9s=
-17,13,UVMJa/BiDuE5rQPM4HzBPQlYoHk=,BxcHAtYQ6bFHQG6/klh4CIZ4c9s=
-19,13,UVMJa/BiDuE5rQPM4HzBPQlYoHk=,WVG+uBd5TIp8stv6QnVecvU3KaI=
-25,15,UVMJa/BiDuE5rQPM4HzBPQlYoHk=,X8I2tbGNRzxA0HHYZc9OJYnYg7I=
-19,15,UVMJa/BiDuE5rQPM4HzBPQlYoHk=,VuJcYSQpFwsdb1Khbk83DyK8tLQ=
-19,14,UVMJa/BiDuE5rQPM4HzBPQlYoHk=,VuJcYSQpFwsdb1Khbk83DyK8tLQ=
-22,15,UVMJa/BiDuE5rQPM4HzBPQlYoHk=,4y2POaiBvLHUsSlj/F2S6Rs4/Jw=
-20,0,UVMJa/BiDuE5rQPM4HzBPQlYoHk=,ijMP/VCa06eked3FD865hjVsAUQ=
-21,0,UVMJa/BiDuE5rQPM4HzBPQlYoHk=,i8+2d/oePXMrAk/aXp1XFWJyUDA=
-23,15,UVMJa/BiDuE5rQPM4HzBPQlYoHk=,2IyUYSl1/v91w9xxNdRzsFbTg2s=
-18,0,UVMJa/BiDuE5rQPM4HzBPQlYoHk=,c0q/7z4y7/wumRyKtXRMWYNiB3o=
-22,0,UVMJa/BiDuE5rQPM4HzBPQlYoHk=,i8+2d/oePXMrAk/aXp1XFWJyUDA=
-23,0,UVMJa/BiDuE5rQPM4HzBPQlYoHk=,t+h2fD96MoqnGJiBetgtzvh4l0M=
-17,0,UVMJa/BiDuE5rQPM4HzBPQlYoHk=,c0q/7z4y7/wumRyKtXRMWYNiB3o=
-19,0,UVMJa/BiDuE5rQPM4HzBPQlYoHk=,ijMP/VCa06eked3FD865hjVsAUQ=
-23,8,UVMJa/BiDuE5rQPM4HzBPQlYoHk=,pIm2t8Y8MaGyf11rsz/p5oyZmn4=
-29,0,UVMJa/BiDuE5rQPM4HzBPQlYoHk=,HpiGo4IhxlBoBKnzQ5BPsyACRL0=
-24,8,UVMJa/BiDuE5rQPM4HzBPQlYoHk=,pIm2t8Y8MaGyf11rsz/p5oyZmn4=
-25,0,UVMJa/BiDuE5rQPM4HzBPQlYoHk=,UiaV4G5ZFFPnYNxAglrHSOs3zT0=
-26,0,UVMJa/BiDuE5rQPM4HzBPQlYoHk=,UiaV4G5ZFFPnYNxAglrHSOs3zT0=
-24,0,UVMJa/BiDuE5rQPM4HzBPQlYoHk=,t+h2fD96MoqnGJiBetgtzvh4l0M=
-32,15,UVMJa/BiDuE5rQPM4HzBPQlYoHk=,qsEP26kcbLLiTka7mFhcltWTpuU=
-24,15,UVMJa/BiDuE5rQPM4HzBPQlYoHk=,2IyUYSl1/v91w9xxNdRzsFbTg2s=
-32,0,UVMJa/BiDuE5rQPM4HzBPQlYoHk=,8IElkhk3/EJWVX9/5Od/xl+mrj0=
-27,0,UVMJa/BiDuE5rQPM4HzBPQlYoHk=,OGWSaY3mLtc6KwUAnhfLzcGZHV0=
-28,0,UVMJa/BiDuE5rQPM4HzBPQlYoHk=,OGWSaY3mLtc6KwUAnhfLzcGZHV0=
-23,9,UVMJa/BiDuE5rQPM4HzBPQlYoHk=,pIm2t8Y8MaGyf11rsz/p5oyZmn4=
-24,9,UVMJa/BiDuE5rQPM4HzBPQlYoHk=,pIm2t8Y8MaGyf11rsz/p5oyZmn4=
-17,14,UVMJa/BiDuE5rQPM4HzBPQlYoHk=,QEOj+YqPOrh7Rd/SYgRF9QL7AFU=
-18,14,UVMJa/BiDuE5rQPM4HzBPQlYoHk=,QEOj+YqPOrh7Rd/SYgRF9QL7AFU=
-17,15,UVMJa/BiDuE5rQPM4HzBPQlYoHk=,QEOj+YqPOrh7Rd/SYgRF9QL7AFU=
-18,15,UVMJa/BiDuE5rQPM4HzBPQlYoHk=,QEOj+YqPOrh7Rd/SYgRF9QL7AFU=
-19,17,iCGz3GkDS2zckhreRxF1Nlvrhv4=,9u7BA5TJiOYpOUMOllu9sRYs634=
-19,18,iCGz3GkDS2zckhreRxF1Nlvrhv4=,4DOv8bbOpR22iocvI+oLIHvYJd0=
-18,18,iCGz3GkDS2zckhreRxF1Nlvrhv4=,R9dbrdW+j8C5fDBTx4on5Vaie2E=
-19,19,3wvDCScv8+u/WhM6JaFQZfRL0TA=,4DOv8bbOpR22iocvI+oLIHvYJd0=
-18,20,3wvDCScv8+u/WhM6JaFQZfRL0TA=,aqqwlHyuNJHz174ZGSwSpSlxx/U=
-18,17,3wvDCScv8+u/WhM6JaFQZfRL0TA=,hzmLZs1C67xKsamoNKCeiiPiV/c=
-19,20,3wvDCScv8+u/WhM6JaFQZfRL0TA=,W4Y2p71ixKeHqZUuCaV2C52gc/E=
-18,19,3wvDCScv8+u/WhM6JaFQZfRL0TA=,R9dbrdW+j8C5fDBTx4on5Vaie2E=
-21,19,3wvDCScv8+u/WhM6JaFQZfRL0TA=,LUYqfP4UMMZX95TVJk5cRZHs2hA=
-20,19,3wvDCScv8+u/WhM6JaFQZfRL0TA=,4DOv8bbOpR22iocvI+oLIHvYJd0=
-20,20,3wvDCScv8+u/WhM6JaFQZfRL0TA=,W4Y2p71ixKeHqZUuCaV2C52gc/E=
-21,20,3wvDCScv8+u/WhM6JaFQZfRL0TA=,Egca9HXeVg46iUVfuU94AqceAfU=
-20,22,3wvDCScv8+u/WhM6JaFQZfRL0TA=,lpgRMyEEC4mMS4i53ETkBuEErxE=
-20,21,3wvDCScv8+u/WhM6JaFQZfRL0TA=,W4Y2p71ixKeHqZUuCaV2C52gc/E=
-21,22,3wvDCScv8+u/WhM6JaFQZfRL0TA=,GgJbJHflRJpwirKOtgzUKB4xXsk=
-21,21,3wvDCScv8+u/WhM6JaFQZfRL0TA=,Egca9HXeVg46iUVfuU94AqceAfU=
-23,22,3wvDCScv8+u/WhM6JaFQZfRL0TA=,WPm5gZ4SIKVZ1cWGAm21F0tQBLw=
-23,21,3wvDCScv8+u/WhM6JaFQZfRL0TA=,qbuwV+oVrdTWGP056oNBpxgumOk=
-22,21,3wvDCScv8+u/WhM6JaFQZfRL0TA=,Egca9HXeVg46iUVfuU94AqceAfU=
-22,22,3wvDCScv8+u/WhM6JaFQZfRL0TA=,GgJbJHflRJpwirKOtgzUKB4xXsk=
-23,23,P7F1p6rFRqyPmFYVaE5ZrlWf/rU=,WPm5gZ4SIKVZ1cWGAm21F0tQBLw=
-22,23,P7F1p6rFRqyPmFYVaE5ZrlWf/rU=,GgJbJHflRJpwirKOtgzUKB4xXsk=
-23,24,P7F1p6rFRqyPmFYVaE5ZrlWf/rU=,eImLj6DQKyTbbdIk4NuZCgMOpx4=
-22,24,P7F1p6rFRqyPmFYVaE5ZrlWf/rU=,YnHDINxIBajkqAyVRqZPSoxfzXs=
-22,26,P7F1p6rFRqyPmFYVaE5ZrlWf/rU=,7IQiiE78hRDXPtfSgT70aLnvIuc=
-22,25,P7F1p6rFRqyPmFYVaE5ZrlWf/rU=,YnHDINxIBajkqAyVRqZPSoxfzXs=
-23,26,P7F1p6rFRqyPmFYVaE5ZrlWf/rU=,FSqVMOTiKbSMJfOiFhL/5h9D3oU=
-23,25,P7F1p6rFRqyPmFYVaE5ZrlWf/rU=,eImLj6DQKyTbbdIk4NuZCgMOpx4=
-23,27,P7F1p6rFRqyPmFYVaE5ZrlWf/rU=,FSqVMOTiKbSMJfOiFhL/5h9D3oU=
-22,28,P7F1p6rFRqyPmFYVaE5ZrlWf/rU=,QAqcBAafH03q84w9yvvXh9kYagE=
-23,28,P7F1p6rFRqyPmFYVaE5ZrlWf/rU=,uwbXz1rWZSx5Wtofx5sZMfxzeRA=
-22,27,P7F1p6rFRqyPmFYVaE5ZrlWf/rU=,7IQiiE78hRDXPtfSgT70aLnvIuc=
-24,27,P7F1p6rFRqyPmFYVaE5ZrlWf/rU=,FSqVMOTiKbSMJfOiFhL/5h9D3oU=
-24,28,P7F1p6rFRqyPmFYVaE5ZrlWf/rU=,uwbXz1rWZSx5Wtofx5sZMfxzeRA=
-25,28,P7F1p6rFRqyPmFYVaE5ZrlWf/rU=,Grz6jydlsFvQZVxlJ+hlk+/3g7E=
-24,29,P7F1p6rFRqyPmFYVaE5ZrlWf/rU=,uwbXz1rWZSx5Wtofx5sZMfxzeRA=
-25,29,P7F1p6rFRqyPmFYVaE5ZrlWf/rU=,Grz6jydlsFvQZVxlJ+hlk+/3g7E=
-25,30,P7F1p6rFRqyPmFYVaE5ZrlWf/rU=,Yxuj0ylGRXy/LpqAEmWcHQxuwaU=
-24,26,P7F1p6rFRqyPmFYVaE5ZrlWf/rU=,FSqVMOTiKbSMJfOiFhL/5h9D3oU=
-25,27,P7F1p6rFRqyPmFYVaE5ZrlWf/rU=,syp0aenXJzGQqcLI7j6NZvv7YGk=
-24,30,kKeg4M85lmbRZFlyoIKhTVoGXk8=,suqlJe23KM9p17bWnxvEzB890/8=
-24,24,kKeg4M85lmbRZFlyoIKhTVoGXk8=,eImLj6DQKyTbbdIk4NuZCgMOpx4=
-24,25,kKeg4M85lmbRZFlyoIKhTVoGXk8=,eImLj6DQKyTbbdIk4NuZCgMOpx4=
-24,23,kKeg4M85lmbRZFlyoIKhTVoGXk8=,WPm5gZ4SIKVZ1cWGAm21F0tQBLw=
-25,25,kKeg4M85lmbRZFlyoIKhTVoGXk8=,38BjuKLcTnHvJix6nwesodpHfuE=
-25,23,kKeg4M85lmbRZFlyoIKhTVoGXk8=,bORBe6wu8anuMzS3oDwQxRd4sq8=
-25,24,kKeg4M85lmbRZFlyoIKhTVoGXk8=,38BjuKLcTnHvJix6nwesodpHfuE=
-26,24,kKeg4M85lmbRZFlyoIKhTVoGXk8=,38BjuKLcTnHvJix6nwesodpHfuE=
-26,23,kKeg4M85lmbRZFlyoIKhTVoGXk8=,bORBe6wu8anuMzS3oDwQxRd4sq8=
-25,26,kKeg4M85lmbRZFlyoIKhTVoGXk8=,syp0aenXJzGQqcLI7j6NZvv7YGk=
-27,23,kKeg4M85lmbRZFlyoIKhTVoGXk8=,qE1UtDpCQNzC7c+KWouDmX/6Iwc=
-27,24,kKeg4M85lmbRZFlyoIKhTVoGXk8=,18Cxwyp6YRaDbxfFXSxkazFGchs=
-24,21,kKeg4M85lmbRZFlyoIKhTVoGXk8=,qbuwV+oVrdTWGP056oNBpxgumOk=
-24,22,kKeg4M85lmbRZFlyoIKhTVoGXk8=,WPm5gZ4SIKVZ1cWGAm21F0tQBLw=
-25,21,kKeg4M85lmbRZFlyoIKhTVoGXk8=,VEnY/Emqts7HWrYwJB8OPVH2fPs=
-25,22,kKeg4M85lmbRZFlyoIKhTVoGXk8=,bORBe6wu8anuMzS3oDwQxRd4sq8=
-26,22,kKeg4M85lmbRZFlyoIKhTVoGXk8=,bORBe6wu8anuMzS3oDwQxRd4sq8=
-26,21,kKeg4M85lmbRZFlyoIKhTVoGXk8=,VEnY/Emqts7HWrYwJB8OPVH2fPs=
-27,22,kKeg4M85lmbRZFlyoIKhTVoGXk8=,qE1UtDpCQNzC7c+KWouDmX/6Iwc=
-27,21,kKeg4M85lmbRZFlyoIKhTVoGXk8=,TXeKbVRvGJHw0S20gctwGz45dEo=
-27,19,kKeg4M85lmbRZFlyoIKhTVoGXk8=,QOucOEdPZ/kMB5BW6MEKgurUvkg=
-27,20,yDIIso8IW7uY0IicBu2IgyYfUgs=,TXeKbVRvGJHw0S20gctwGz45dEo=
-26,20,yDIIso8IW7uY0IicBu2IgyYfUgs=,VEnY/Emqts7HWrYwJB8OPVH2fPs=
-26,19,yDIIso8IW7uY0IicBu2IgyYfUgs=,6DdGvbHA7bGjO4CKhiOTzksVWNY=
-22,19,yDIIso8IW7uY0IicBu2IgyYfUgs=,LUYqfP4UMMZX95TVJk5cRZHs2hA=
-25,20,yDIIso8IW7uY0IicBu2IgyYfUgs=,VEnY/Emqts7HWrYwJB8OPVH2fPs=
-23,19,yDIIso8IW7uY0IicBu2IgyYfUgs=,eA+qkvmXpSQ3FHCVy64f0rSWk1w=
-25,19,yDIIso8IW7uY0IicBu2IgyYfUgs=,6DdGvbHA7bGjO4CKhiOTzksVWNY=
-23,20,yDIIso8IW7uY0IicBu2IgyYfUgs=,qbuwV+oVrdTWGP056oNBpxgumOk=
-22,20,yDIIso8IW7uY0IicBu2IgyYfUgs=,Egca9HXeVg46iUVfuU94AqceAfU=
-24,19,yDIIso8IW7uY0IicBu2IgyYfUgs=,eA+qkvmXpSQ3FHCVy64f0rSWk1w=
-24,20,yDIIso8IW7uY0IicBu2IgyYfUgs=,qbuwV+oVrdTWGP056oNBpxgumOk=
-25,18,yDIIso8IW7uY0IicBu2IgyYfUgs=,6DdGvbHA7bGjO4CKhiOTzksVWNY=
-24,18,yDIIso8IW7uY0IicBu2IgyYfUgs=,eA+qkvmXpSQ3FHCVy64f0rSWk1w=
-25,17,yDIIso8IW7uY0IicBu2IgyYfUgs=,UxfshUPhOmF2VAQTc1PvHSXQFwM=
-26,17,XO+K7iy7ZXvnSfArw34Qc9gDBiU=,UxfshUPhOmF2VAQTc1PvHSXQFwM=
-27,17,XO+K7iy7ZXvnSfArw34Qc9gDBiU=,jH2TRRlAzAPzbt2QQ7wPXW0t12A=
-27,18,XO+K7iy7ZXvnSfArw34Qc9gDBiU=,QOucOEdPZ/kMB5BW6MEKgurUvkg=
-24,17,XO+K7iy7ZXvnSfArw34Qc9gDBiU=,ghtgwgkvfxXAXHLS55O2CUzE6EM=
-26,18,XO+K7iy7ZXvnSfArw34Qc9gDBiU=,6DdGvbHA7bGjO4CKhiOTzksVWNY=
-21,17,XO+K7iy7ZXvnSfArw34Qc9gDBiU=,nM9iEjbmV6lXAj/YTxAsw4AQDd4=
-23,17,XO+K7iy7ZXvnSfArw34Qc9gDBiU=,ghtgwgkvfxXAXHLS55O2CUzE6EM=
-20,17,XO+K7iy7ZXvnSfArw34Qc9gDBiU=,9u7BA5TJiOYpOUMOllu9sRYs634=
-22,18,XO+K7iy7ZXvnSfArw34Qc9gDBiU=,LUYqfP4UMMZX95TVJk5cRZHs2hA=
-20,18,XO+K7iy7ZXvnSfArw34Qc9gDBiU=,4DOv8bbOpR22iocvI+oLIHvYJd0=
-21,18,XO+K7iy7ZXvnSfArw34Qc9gDBiU=,LUYqfP4UMMZX95TVJk5cRZHs2hA=
-22,17,XO+K7iy7ZXvnSfArw34Qc9gDBiU=,nM9iEjbmV6lXAj/YTxAsw4AQDd4=
-23,18,XO+K7iy7ZXvnSfArw34Qc9gDBiU=,eA+qkvmXpSQ3FHCVy64f0rSWk1w=
-28,17,XO+K7iy7ZXvnSfArw34Qc9gDBiU=,jH2TRRlAzAPzbt2QQ7wPXW0t12A=
-29,18,XO+K7iy7ZXvnSfArw34Qc9gDBiU=,s2UssmzWdJxoC5Swhb3gDIIQIrQ=
-28,20,XO+K7iy7ZXvnSfArw34Qc9gDBiU=,TXeKbVRvGJHw0S20gctwGz45dEo=
-29,19,XO+K7iy7ZXvnSfArw34Qc9gDBiU=,s2UssmzWdJxoC5Swhb3gDIIQIrQ=
-28,19,XO+K7iy7ZXvnSfArw34Qc9gDBiU=,QOucOEdPZ/kMB5BW6MEKgurUvkg=
-29,17,XO+K7iy7ZXvnSfArw34Qc9gDBiU=,dpgwK+jg0Q1sPkLBZt6xhEaAGhM=
-29,20,XO+K7iy7ZXvnSfArw34Qc9gDBiU=,Vv/9sQJaIr+tiDhWKrrlEFoN/80=
-28,18,XO+K7iy7ZXvnSfArw34Qc9gDBiU=,QOucOEdPZ/kMB5BW6MEKgurUvkg=
-28,21,XO+K7iy7ZXvnSfArw34Qc9gDBiU=,TXeKbVRvGJHw0S20gctwGz45dEo=
-29,21,XO+K7iy7ZXvnSfArw34Qc9gDBiU=,Vv/9sQJaIr+tiDhWKrrlEFoN/80=
-29,22,XO+K7iy7ZXvnSfArw34Qc9gDBiU=,nAPHV9LzaWPquzNYfLm5NaT7TS0=
-28,22,XO+K7iy7ZXvnSfArw34Qc9gDBiU=,qE1UtDpCQNzC7c+KWouDmX/6Iwc=
-31,22,XO+K7iy7ZXvnSfArw34Qc9gDBiU=,tQuVQIJoIP2Ah5ldqIvX0LK3bLY=
-30,21,XO+K7iy7ZXvnSfArw34Qc9gDBiU=,Vv/9sQJaIr+tiDhWKrrlEFoN/80=
-30,22,XO+K7iy7ZXvnSfArw34Qc9gDBiU=,nAPHV9LzaWPquzNYfLm5NaT7TS0=
-31,21,XO+K7iy7ZXvnSfArw34Qc9gDBiU=,4wOnxOeFNtBA/bzrT9rCSIb0Q6Q=
-29,23,XO+K7iy7ZXvnSfArw34Qc9gDBiU=,nAPHV9LzaWPquzNYfLm5NaT7TS0=
-28,23,XO+K7iy7ZXvnSfArw34Qc9gDBiU=,qE1UtDpCQNzC7c+KWouDmX/6Iwc=
-29,24,XO+K7iy7ZXvnSfArw34Qc9gDBiU=,/SRXRoXN1M6tJVRwL/TZsXS8OHE=
-28,24,XO+K7iy7ZXvnSfArw34Qc9gDBiU=,18Cxwyp6YRaDbxfFXSxkazFGchs=
-30,23,XO+K7iy7ZXvnSfArw34Qc9gDBiU=,nAPHV9LzaWPquzNYfLm5NaT7TS0=
-31,23,mWVgJpWY5i0ljzKvw0e6+rGvc00=,tQuVQIJoIP2Ah5ldqIvX0LK3bLY=
-30,24,mWVgJpWY5i0ljzKvw0e6+rGvc00=,/SRXRoXN1M6tJVRwL/TZsXS8OHE=
-31,24,mWVgJpWY5i0ljzKvw0e6+rGvc00=,+yKB2XC9yDDykLvlQsXlP6NAEtU=
-30,25,mWVgJpWY5i0ljzKvw0e6+rGvc00=,/SRXRoXN1M6tJVRwL/TZsXS8OHE=
-31,26,mWVgJpWY5i0ljzKvw0e6+rGvc00=,9cdxC2Hb/OJ124PEuw8v9wxPXnw=
-30,26,mWVgJpWY5i0ljzKvw0e6+rGvc00=,1vQZ5ZOLQt4N5q0KTlnstaFShC0=
-31,25,mWVgJpWY5i0ljzKvw0e6+rGvc00=,+yKB2XC9yDDykLvlQsXlP6NAEtU=
-31,27,mWVgJpWY5i0ljzKvw0e6+rGvc00=,9cdxC2Hb/OJ124PEuw8v9wxPXnw=
-31,31,mWVgJpWY5i0ljzKvw0e6+rGvc00=,hijY4gDk2piaUSLO/5CFbjJ0t+s=
-30,27,mWVgJpWY5i0ljzKvw0e6+rGvc00=,1vQZ5ZOLQt4N5q0KTlnstaFShC0=
-30,31,mWVgJpWY5i0ljzKvw0e6+rGvc00=,E4DRgOI7NOyCzA7qsVfaso7LOJ4=
-31,28,mWVgJpWY5i0ljzKvw0e6+rGvc00=,js9pazE267DHL0aeG5zKz0lrdHw=
-30,28,mWVgJpWY5i0ljzKvw0e6+rGvc00=,e52yzjfxa6KlMgwPeErQh1xfaYw=
-31,30,e7kiCdkAP0G2jFZi7KYl0pZLn3Y=,hijY4gDk2piaUSLO/5CFbjJ0t+s=
-30,29,e7kiCdkAP0G2jFZi7KYl0pZLn3Y=,e52yzjfxa6KlMgwPeErQh1xfaYw=
-31,29,e7kiCdkAP0G2jFZi7KYl0pZLn3Y=,js9pazE267DHL0aeG5zKz0lrdHw=
-30,30,e7kiCdkAP0G2jFZi7KYl0pZLn3Y=,E4DRgOI7NOyCzA7qsVfaso7LOJ4=
-28,29,e7kiCdkAP0G2jFZi7KYl0pZLn3Y=,k2zXE+97tK6cKp5m3xSmsg3RXPo=
-26,30,e7kiCdkAP0G2jFZi7KYl0pZLn3Y=,Yxuj0ylGRXy/LpqAEmWcHQxuwaU=
-29,30,e7kiCdkAP0G2jFZi7KYl0pZLn3Y=,E4DRgOI7NOyCzA7qsVfaso7LOJ4=
-26,29,e7kiCdkAP0G2jFZi7KYl0pZLn3Y=,Grz6jydlsFvQZVxlJ+hlk+/3g7E=
-27,29,e7kiCdkAP0G2jFZi7KYl0pZLn3Y=,k2zXE+97tK6cKp5m3xSmsg3RXPo=
-28,30,e7kiCdkAP0G2jFZi7KYl0pZLn3Y=,8jYrjl3uOywpv0CTiZYpdOQspnA=
-29,29,e7kiCdkAP0G2jFZi7KYl0pZLn3Y=,e52yzjfxa6KlMgwPeErQh1xfaYw=
-27,30,G/l80ti5m7DdkN4m4CV19YZkHg4=,8jYrjl3uOywpv0CTiZYpdOQspnA=
-29,31,G/l80ti5m7DdkN4m4CV19YZkHg4=,E4DRgOI7NOyCzA7qsVfaso7LOJ4=
-26,31,G/l80ti5m7DdkN4m4CV19YZkHg4=,Yxuj0ylGRXy/LpqAEmWcHQxuwaU=
-28,31,G/l80ti5m7DdkN4m4CV19YZkHg4=,8jYrjl3uOywpv0CTiZYpdOQspnA=
-27,31,G/l80ti5m7DdkN4m4CV19YZkHg4=,8jYrjl3uOywpv0CTiZYpdOQspnA=
-24,31,G/l80ti5m7DdkN4m4CV19YZkHg4=,suqlJe23KM9p17bWnxvEzB890/8=
-26,25,G/l80ti5m7DdkN4m4CV19YZkHg4=,38BjuKLcTnHvJix6nwesodpHfuE=
-27,25,G/l80ti5m7DdkN4m4CV19YZkHg4=,18Cxwyp6YRaDbxfFXSxkazFGchs=
-26,27,G/l80ti5m7DdkN4m4CV19YZkHg4=,syp0aenXJzGQqcLI7j6NZvv7YGk=
-26,28,G/l80ti5m7DdkN4m4CV19YZkHg4=,Grz6jydlsFvQZVxlJ+hlk+/3g7E=
-29,26,G/l80ti5m7DdkN4m4CV19YZkHg4=,1vQZ5ZOLQt4N5q0KTlnstaFShC0=
-28,26,G/l80ti5m7DdkN4m4CV19YZkHg4=,CYOVR/ayFof9jbf0l8wp8Z2Tg5E=
-29,25,G/l80ti5m7DdkN4m4CV19YZkHg4=,/SRXRoXN1M6tJVRwL/TZsXS8OHE=
-28,28,G/l80ti5m7DdkN4m4CV19YZkHg4=,k2zXE+97tK6cKp5m3xSmsg3RXPo=
-25,31,G/l80ti5m7DdkN4m4CV19YZkHg4=,Yxuj0ylGRXy/LpqAEmWcHQxuwaU=
-29,28,G/l80ti5m7DdkN4m4CV19YZkHg4=,e52yzjfxa6KlMgwPeErQh1xfaYw=
-26,26,G/l80ti5m7DdkN4m4CV19YZkHg4=,syp0aenXJzGQqcLI7j6NZvv7YGk=
-27,26,G/l80ti5m7DdkN4m4CV19YZkHg4=,CYOVR/ayFof9jbf0l8wp8Z2Tg5E=
-28,25,G/l80ti5m7DdkN4m4CV19YZkHg4=,18Cxwyp6YRaDbxfFXSxkazFGchs=
-29,27,G/l80ti5m7DdkN4m4CV19YZkHg4=,1vQZ5ZOLQt4N5q0KTlnstaFShC0=
-27,28,G/l80ti5m7DdkN4m4CV19YZkHg4=,k2zXE+97tK6cKp5m3xSmsg3RXPo=
-23,30,G/l80ti5m7DdkN4m4CV19YZkHg4=,suqlJe23KM9p17bWnxvEzB890/8=
-23,29,G/l80ti5m7DdkN4m4CV19YZkHg4=,uwbXz1rWZSx5Wtofx5sZMfxzeRA=
-28,27,G/l80ti5m7DdkN4m4CV19YZkHg4=,CYOVR/ayFof9jbf0l8wp8Z2Tg5E=
-22,30,G/l80ti5m7DdkN4m4CV19YZkHg4=,OyjkPaHTN9QhV/LNZZn2UElgBYI=
-27,27,HV7qFKxq6r6StY0Rh5gPShQBs2Y=,CYOVR/ayFof9jbf0l8wp8Z2Tg5E=
-22,29,HV7qFKxq6r6StY0Rh5gPShQBs2Y=,QAqcBAafH03q84w9yvvXh9kYagE=
-20,30,HV7qFKxq6r6StY0Rh5gPShQBs2Y=,Xvwj8WAPR3j75gj/LR1YKQfKq00=
-20,29,HV7qFKxq6r6StY0Rh5gPShQBs2Y=,rvI3bQxR6XinyHUgwUCtYwynP/M=
-21,30,HV7qFKxq6r6StY0Rh5gPShQBs2Y=,OyjkPaHTN9QhV/LNZZn2UElgBYI=
-21,29,HV7qFKxq6r6StY0Rh5gPShQBs2Y=,QAqcBAafH03q84w9yvvXh9kYagE=
-20,28,HV7qFKxq6r6StY0Rh5gPShQBs2Y=,rvI3bQxR6XinyHUgwUCtYwynP/M=
-20,27,HV7qFKxq6r6StY0Rh5gPShQBs2Y=,4IRw+MiuRBBAck+OIeDdS3Wz4kw=
-21,28,HV7qFKxq6r6StY0Rh5gPShQBs2Y=,QAqcBAafH03q84w9yvvXh9kYagE=
-21,27,HV7qFKxq6r6StY0Rh5gPShQBs2Y=,7IQiiE78hRDXPtfSgT70aLnvIuc=
-19,27,HV7qFKxq6r6StY0Rh5gPShQBs2Y=,4IRw+MiuRBBAck+OIeDdS3Wz4kw=
-19,28,HV7qFKxq6r6StY0Rh5gPShQBs2Y=,rvI3bQxR6XinyHUgwUCtYwynP/M=
-18,27,HV7qFKxq6r6StY0Rh5gPShQBs2Y=,zLE6QXicNNUu0GuBB1Ip0J4jwsk=
-18,28,HV7qFKxq6r6StY0Rh5gPShQBs2Y=,juRl8UlqJJ91fKHo4WYSOV+YZL8=
-21,26,HV7qFKxq6r6StY0Rh5gPShQBs2Y=,7IQiiE78hRDXPtfSgT70aLnvIuc=
-20,25,HV7qFKxq6r6StY0Rh5gPShQBs2Y=,sZsJVl5JxyQGBoM0qnl5Vv3LpHw=
-20,24,HV7qFKxq6r6StY0Rh5gPShQBs2Y=,sZsJVl5JxyQGBoM0qnl5Vv3LpHw=
-21,23,HV7qFKxq6r6StY0Rh5gPShQBs2Y=,GgJbJHflRJpwirKOtgzUKB4xXsk=
-20,26,HV7qFKxq6r6StY0Rh5gPShQBs2Y=,4IRw+MiuRBBAck+OIeDdS3Wz4kw=
-19,29,HV7qFKxq6r6StY0Rh5gPShQBs2Y=,rvI3bQxR6XinyHUgwUCtYwynP/M=
-20,23,HV7qFKxq6r6StY0Rh5gPShQBs2Y=,lpgRMyEEC4mMS4i53ETkBuEErxE=
-21,24,HV7qFKxq6r6StY0Rh5gPShQBs2Y=,YnHDINxIBajkqAyVRqZPSoxfzXs=
-19,26,HV7qFKxq6r6StY0Rh5gPShQBs2Y=,4IRw+MiuRBBAck+OIeDdS3Wz4kw=
-21,25,HV7qFKxq6r6StY0Rh5gPShQBs2Y=,YnHDINxIBajkqAyVRqZPSoxfzXs=
-19,30,HV7qFKxq6r6StY0Rh5gPShQBs2Y=,Xvwj8WAPR3j75gj/LR1YKQfKq00=
-19,25,HV7qFKxq6r6StY0Rh5gPShQBs2Y=,sZsJVl5JxyQGBoM0qnl5Vv3LpHw=
-18,25,HV7qFKxq6r6StY0Rh5gPShQBs2Y=,H3yhP+Mk4EhmpvlDjIskLIWzuQY=
-19,22,HV7qFKxq6r6StY0Rh5gPShQBs2Y=,lpgRMyEEC4mMS4i53ETkBuEErxE=
-18,29,HV7qFKxq6r6StY0Rh5gPShQBs2Y=,juRl8UlqJJ91fKHo4WYSOV+YZL8=
-18,26,HV7qFKxq6r6StY0Rh5gPShQBs2Y=,zLE6QXicNNUu0GuBB1Ip0J4jwsk=
-18,22,HV7qFKxq6r6StY0Rh5gPShQBs2Y=,sLQquRzqRM5lyrJ3RmUhRsW5Q98=
-18,30,HV7qFKxq6r6StY0Rh5gPShQBs2Y=,1UK7nFSkZSm0LgZ/kudT38r6+yc=
-19,23,HV7qFKxq6r6StY0Rh5gPShQBs2Y=,lpgRMyEEC4mMS4i53ETkBuEErxE=
-19,21,HV7qFKxq6r6StY0Rh5gPShQBs2Y=,W4Y2p71ixKeHqZUuCaV2C52gc/E=
-18,24,HV7qFKxq6r6StY0Rh5gPShQBs2Y=,H3yhP+Mk4EhmpvlDjIskLIWzuQY=
-19,24,HV7qFKxq6r6StY0Rh5gPShQBs2Y=,sZsJVl5JxyQGBoM0qnl5Vv3LpHw=
-17,25,HV7qFKxq6r6StY0Rh5gPShQBs2Y=,H3yhP+Mk4EhmpvlDjIskLIWzuQY=
-17,24,HV7qFKxq6r6StY0Rh5gPShQBs2Y=,H3yhP+Mk4EhmpvlDjIskLIWzuQY=
-18,21,HV7qFKxq6r6StY0Rh5gPShQBs2Y=,aqqwlHyuNJHz174ZGSwSpSlxx/U=
-18,23,N4Pw2cwjBAYIAzuczn6HcEJfpzg=,sLQquRzqRM5lyrJ3RmUhRsW5Q98=
-17,26,N4Pw2cwjBAYIAzuczn6HcEJfpzg=,zLE6QXicNNUu0GuBB1Ip0J4jwsk=
-17,28,N4Pw2cwjBAYIAzuczn6HcEJfpzg=,juRl8UlqJJ91fKHo4WYSOV+YZL8=
-17,27,N4Pw2cwjBAYIAzuczn6HcEJfpzg=,zLE6QXicNNUu0GuBB1Ip0J4jwsk=
-17,30,N4Pw2cwjBAYIAzuczn6HcEJfpzg=,1UK7nFSkZSm0LgZ/kudT38r6+yc=
-19,31,N4Pw2cwjBAYIAzuczn6HcEJfpzg=,Xvwj8WAPR3j75gj/LR1YKQfKq00=
-17,23,N4Pw2cwjBAYIAzuczn6HcEJfpzg=,sLQquRzqRM5lyrJ3RmUhRsW5Q98=
-17,29,N4Pw2cwjBAYIAzuczn6HcEJfpzg=,juRl8UlqJJ91fKHo4WYSOV+YZL8=
-18,31,N4Pw2cwjBAYIAzuczn6HcEJfpzg=,1UK7nFSkZSm0LgZ/kudT38r6+yc=
-22,31,N4Pw2cwjBAYIAzuczn6HcEJfpzg=,OyjkPaHTN9QhV/LNZZn2UElgBYI=
-21,31,N4Pw2cwjBAYIAzuczn6HcEJfpzg=,OyjkPaHTN9QhV/LNZZn2UElgBYI=
-20,31,N4Pw2cwjBAYIAzuczn6HcEJfpzg=,Xvwj8WAPR3j75gj/LR1YKQfKq00=
-17,31,N4Pw2cwjBAYIAzuczn6HcEJfpzg=,1UK7nFSkZSm0LgZ/kudT38r6+yc=
-23,31,N4Pw2cwjBAYIAzuczn6HcEJfpzg=,suqlJe23KM9p17bWnxvEzB890/8=
-20,16,N4Pw2cwjBAYIAzuczn6HcEJfpzg=,9u7BA5TJiOYpOUMOllu9sRYs634=
-21,16,N4Pw2cwjBAYIAzuczn6HcEJfpzg=,nM9iEjbmV6lXAj/YTxAsw4AQDd4=
-19,16,N4Pw2cwjBAYIAzuczn6HcEJfpzg=,9u7BA5TJiOYpOUMOllu9sRYs634=
-18,16,N4Pw2cwjBAYIAzuczn6HcEJfpzg=,hzmLZs1C67xKsamoNKCeiiPiV/c=
-22,16,N4Pw2cwjBAYIAzuczn6HcEJfpzg=,nM9iEjbmV6lXAj/YTxAsw4AQDd4=
-28,16,N4Pw2cwjBAYIAzuczn6HcEJfpzg=,jH2TRRlAzAPzbt2QQ7wPXW0t12A=
-23,16,N4Pw2cwjBAYIAzuczn6HcEJfpzg=,ghtgwgkvfxXAXHLS55O2CUzE6EM=
-27,16,N4Pw2cwjBAYIAzuczn6HcEJfpzg=,jH2TRRlAzAPzbt2QQ7wPXW0t12A=
-25,16,N4Pw2cwjBAYIAzuczn6HcEJfpzg=,UxfshUPhOmF2VAQTc1PvHSXQFwM=
-29,16,N4Pw2cwjBAYIAzuczn6HcEJfpzg=,dpgwK+jg0Q1sPkLBZt6xhEaAGhM=
-26,16,N4Pw2cwjBAYIAzuczn6HcEJfpzg=,UxfshUPhOmF2VAQTc1PvHSXQFwM=
-24,16,N4Pw2cwjBAYIAzuczn6HcEJfpzg=,ghtgwgkvfxXAXHLS55O2CUzE6EM=
-30,19,N4Pw2cwjBAYIAzuczn6HcEJfpzg=,s2UssmzWdJxoC5Swhb3gDIIQIrQ=
-31,20,N4Pw2cwjBAYIAzuczn6HcEJfpzg=,4wOnxOeFNtBA/bzrT9rCSIb0Q6Q=
-30,18,N4Pw2cwjBAYIAzuczn6HcEJfpzg=,s2UssmzWdJxoC5Swhb3gDIIQIrQ=
-30,20,N4Pw2cwjBAYIAzuczn6HcEJfpzg=,Vv/9sQJaIr+tiDhWKrrlEFoN/80=
-32,20,N4Pw2cwjBAYIAzuczn6HcEJfpzg=,4wOnxOeFNtBA/bzrT9rCSIb0Q6Q=
-32,30,N4Pw2cwjBAYIAzuczn6HcEJfpzg=,hijY4gDk2piaUSLO/5CFbjJ0t+s=
-32,17,N4Pw2cwjBAYIAzuczn6HcEJfpzg=,CJAUQVO94TXH39C4YFD1MEhpjnw=
-32,22,N4Pw2cwjBAYIAzuczn6HcEJfpzg=,tQuVQIJoIP2Ah5ldqIvX0LK3bLY=
-32,29,N4Pw2cwjBAYIAzuczn6HcEJfpzg=,js9pazE267DHL0aeG5zKz0lrdHw=
-30,16,N4Pw2cwjBAYIAzuczn6HcEJfpzg=,dpgwK+jg0Q1sPkLBZt6xhEaAGhM=
-32,21,N4Pw2cwjBAYIAzuczn6HcEJfpzg=,4wOnxOeFNtBA/bzrT9rCSIb0Q6Q=
-32,23,N4Pw2cwjBAYIAzuczn6HcEJfpzg=,tQuVQIJoIP2Ah5ldqIvX0LK3bLY=
-32,27,N4Pw2cwjBAYIAzuczn6HcEJfpzg=,9cdxC2Hb/OJ124PEuw8v9wxPXnw=
-32,31,N4Pw2cwjBAYIAzuczn6HcEJfpzg=,hijY4gDk2piaUSLO/5CFbjJ0t+s=
-32,18,N4Pw2cwjBAYIAzuczn6HcEJfpzg=,jydHyWB5nsgT7NC9YY4dBUMoedE=
-30,17,N4Pw2cwjBAYIAzuczn6HcEJfpzg=,dpgwK+jg0Q1sPkLBZt6xhEaAGhM=
-32,24,N4Pw2cwjBAYIAzuczn6HcEJfpzg=,+yKB2XC9yDDykLvlQsXlP6NAEtU=
-31,17,N4Pw2cwjBAYIAzuczn6HcEJfpzg=,CJAUQVO94TXH39C4YFD1MEhpjnw=
-32,26,N4Pw2cwjBAYIAzuczn6HcEJfpzg=,9cdxC2Hb/OJ124PEuw8v9wxPXnw=
-32,28,N4Pw2cwjBAYIAzuczn6HcEJfpzg=,js9pazE267DHL0aeG5zKz0lrdHw=
-17,17,N4Pw2cwjBAYIAzuczn6HcEJfpzg=,hzmLZs1C67xKsamoNKCeiiPiV/c=
-31,16,N4Pw2cwjBAYIAzuczn6HcEJfpzg=,CJAUQVO94TXH39C4YFD1MEhpjnw=
-17,16,N4Pw2cwjBAYIAzuczn6HcEJfpzg=,hzmLZs1C67xKsamoNKCeiiPiV/c=
-17,22,N4Pw2cwjBAYIAzuczn6HcEJfpzg=,sLQquRzqRM5lyrJ3RmUhRsW5Q98=
-31,18,N4Pw2cwjBAYIAzuczn6HcEJfpzg=,jydHyWB5nsgT7NC9YY4dBUMoedE=
-31,19,N4Pw2cwjBAYIAzuczn6HcEJfpzg=,jydHyWB5nsgT7NC9YY4dBUMoedE=
-17,20,N4Pw2cwjBAYIAzuczn6HcEJfpzg=,aqqwlHyuNJHz174ZGSwSpSlxx/U=
-17,21,N4Pw2cwjBAYIAzuczn6HcEJfpzg=,aqqwlHyuNJHz174ZGSwSpSlxx/U=
-32,16,N4Pw2cwjBAYIAzuczn6HcEJfpzg=,CJAUQVO94TXH39C4YFD1MEhpjnw=
-32,25,N4Pw2cwjBAYIAzuczn6HcEJfpzg=,+yKB2XC9yDDykLvlQsXlP6NAEtU=
-17,19,N4Pw2cwjBAYIAzuczn6HcEJfpzg=,R9dbrdW+j8C5fDBTx4on5Vaie2E=
-17,18,N4Pw2cwjBAYIAzuczn6HcEJfpzg=,R9dbrdW+j8C5fDBTx4on5Vaie2E=
-32,19,N4Pw2cwjBAYIAzuczn6HcEJfpzg=,jydHyWB5nsgT7NC9YY4dBUMoedE=
-2,18,HmIOBEkptKXwHLB9rbHpxbykC4c=,2zhSz2YhAS0+YKakBH1HRhG9SOc=
-2,17,HmIOBEkptKXwHLB9rbHpxbykC4c=,+tyb3i7ZAz3yRnpGciQoTMcrxLM=
-3,18,HmIOBEkptKXwHLB9rbHpxbykC4c=,kRvjK916Tkj6Hald/0m3YRQoGpQ=
-3,17,HmIOBEkptKXwHLB9rbHpxbykC4c=,Syn2z+q93Orgw8SB4H6JV+RsFgg=
-4,17,HmIOBEkptKXwHLB9rbHpxbykC4c=,Syn2z+q93Orgw8SB4H6JV+RsFgg=
-4,18,HmIOBEkptKXwHLB9rbHpxbykC4c=,kRvjK916Tkj6Hald/0m3YRQoGpQ=
-5,17,HmIOBEkptKXwHLB9rbHpxbykC4c=,g5Y17KUgwFR4aviISIwmDqw5Z08=
-5,18,HmIOBEkptKXwHLB9rbHpxbykC4c=,cT8YTH22cxDCGQlFQuSaC4jczpg=
-4,19,HmIOBEkptKXwHLB9rbHpxbykC4c=,kRvjK916Tkj6Hald/0m3YRQoGpQ=
-5,20,HmIOBEkptKXwHLB9rbHpxbykC4c=,hOM+g7rxN2sFUiz3kpsnrk4kSC4=
-5,19,HmIOBEkptKXwHLB9rbHpxbykC4c=,cT8YTH22cxDCGQlFQuSaC4jczpg=
-3,19,3ga/sC5/6iTApDtj5S9Y0+nnveg=,kRvjK916Tkj6Hald/0m3YRQoGpQ=
-4,20,3ga/sC5/6iTApDtj5S9Y0+nnveg=,B8QGrmKM0xaMX0FiO6ynitTDHBc=
-5,21,3ga/sC5/6iTApDtj5S9Y0+nnveg=,hOM+g7rxN2sFUiz3kpsnrk4kSC4=
-2,19,3ga/sC5/6iTApDtj5S9Y0+nnveg=,2zhSz2YhAS0+YKakBH1HRhG9SOc=
-4,21,3ga/sC5/6iTApDtj5S9Y0+nnveg=,B8QGrmKM0xaMX0FiO6ynitTDHBc=
-3,22,3ga/sC5/6iTApDtj5S9Y0+nnveg=,ie6f5S8FtRImZzjVaKQOhutMPAE=
-2,20,3ga/sC5/6iTApDtj5S9Y0+nnveg=,uYJULbrKNZBYKkSlLwimAz+hMqk=
-4,22,3ga/sC5/6iTApDtj5S9Y0+nnveg=,ie6f5S8FtRImZzjVaKQOhutMPAE=
-2,22,3ga/sC5/6iTApDtj5S9Y0+nnveg=,Iyokd0/mhQl0cwBq+Bp2EprYPY4=
-5,22,3ga/sC5/6iTApDtj5S9Y0+nnveg=,1Th5Au0OnleHClQUbaRPWdJ66Ok=
-3,20,3ga/sC5/6iTApDtj5S9Y0+nnveg=,B8QGrmKM0xaMX0FiO6ynitTDHBc=
-3,21,3ga/sC5/6iTApDtj5S9Y0+nnveg=,B8QGrmKM0xaMX0FiO6ynitTDHBc=
-2,21,3ga/sC5/6iTApDtj5S9Y0+nnveg=,uYJULbrKNZBYKkSlLwimAz+hMqk=
-3,23,3ga/sC5/6iTApDtj5S9Y0+nnveg=,ie6f5S8FtRImZzjVaKQOhutMPAE=
-2,23,3ga/sC5/6iTApDtj5S9Y0+nnveg=,Iyokd0/mhQl0cwBq+Bp2EprYPY4=
-3,24,3ga/sC5/6iTApDtj5S9Y0+nnveg=,DjD3HkCon4LZ/VhDk/LYd67cGFM=
-2,24,5vlADJcWiwwSZ8HWpt/Rct1UQgk=,K0CplDA6KN0znGoZBOtSzt+bgUI=
-2,25,5vlADJcWiwwSZ8HWpt/Rct1UQgk=,K0CplDA6KN0znGoZBOtSzt+bgUI=
-2,26,5vlADJcWiwwSZ8HWpt/Rct1UQgk=,yuzsyO6zinmbtjgBRpv4PzmSavk=
-3,25,5vlADJcWiwwSZ8HWpt/Rct1UQgk=,DjD3HkCon4LZ/VhDk/LYd67cGFM=
-2,28,5vlADJcWiwwSZ8HWpt/Rct1UQgk=,BPS4E+t45L4Uz3vizbQlDIVVB5o=
-2,27,5vlADJcWiwwSZ8HWpt/Rct1UQgk=,yuzsyO6zinmbtjgBRpv4PzmSavk=
-3,28,5vlADJcWiwwSZ8HWpt/Rct1UQgk=,Rgc7S8u6lJXccrLMa8Nb4vOe2MI=
-3,27,5vlADJcWiwwSZ8HWpt/Rct1UQgk=,wZxJACmjNcIlnXDl1gew7aTjGSk=
-3,26,5vlADJcWiwwSZ8HWpt/Rct1UQgk=,wZxJACmjNcIlnXDl1gew7aTjGSk=
-5,28,5vlADJcWiwwSZ8HWpt/Rct1UQgk=,Yq82uFD/DRMC/J13SDZIPMHJRVw=
-4,28,5vlADJcWiwwSZ8HWpt/Rct1UQgk=,Rgc7S8u6lJXccrLMa8Nb4vOe2MI=
-4,27,5vlADJcWiwwSZ8HWpt/Rct1UQgk=,wZxJACmjNcIlnXDl1gew7aTjGSk=
-5,27,5vlADJcWiwwSZ8HWpt/Rct1UQgk=,u8nylpa5kNbkqq7bqnauChEfZlI=
-4,29,5vlADJcWiwwSZ8HWpt/Rct1UQgk=,Rgc7S8u6lJXccrLMa8Nb4vOe2MI=
-5,30,5vlADJcWiwwSZ8HWpt/Rct1UQgk=,8dKa+caS7ph88Ps0MweygePLPDE=
-4,30,5vlADJcWiwwSZ8HWpt/Rct1UQgk=,9EP7RNN1JUDx1RLKYyNSWmAjr1Y=
-5,29,5vlADJcWiwwSZ8HWpt/Rct1UQgk=,Yq82uFD/DRMC/J13SDZIPMHJRVw=
-7,27,5vlADJcWiwwSZ8HWpt/Rct1UQgk=,FyFC9RSSRLtZhgl5N6fqKkzStfU=
-7,28,5vlADJcWiwwSZ8HWpt/Rct1UQgk=,R3IoeSlgBDQvjgSJzYNXRKOykCs=
-6,27,5vlADJcWiwwSZ8HWpt/Rct1UQgk=,u8nylpa5kNbkqq7bqnauChEfZlI=
-6,28,5vlADJcWiwwSZ8HWpt/Rct1UQgk=,Yq82uFD/DRMC/J13SDZIPMHJRVw=
-6,30,5vlADJcWiwwSZ8HWpt/Rct1UQgk=,8dKa+caS7ph88Ps0MweygePLPDE=
-6,29,gOkTX08eT1fpGouz5j4ckCRhw4c=,Yq82uFD/DRMC/J13SDZIPMHJRVw=
-7,30,gOkTX08eT1fpGouz5j4ckCRhw4c=,NYhh7ct3Q49ApIsj2JnjYF7NBgw=
-7,29,gOkTX08eT1fpGouz5j4ckCRhw4c=,R3IoeSlgBDQvjgSJzYNXRKOykCs=
-8,27,gOkTX08eT1fpGouz5j4ckCRhw4c=,FyFC9RSSRLtZhgl5N6fqKkzStfU=
-9,28,gOkTX08eT1fpGouz5j4ckCRhw4c=,22KZGp40JqK6CNFCxpYxQEVnVfw=
-9,27,gOkTX08eT1fpGouz5j4ckCRhw4c=,Nw89ryIJXkt3T0MIhu1+oKnCTTg=
-8,28,gOkTX08eT1fpGouz5j4ckCRhw4c=,R3IoeSlgBDQvjgSJzYNXRKOykCs=
-8,29,gOkTX08eT1fpGouz5j4ckCRhw4c=,R3IoeSlgBDQvjgSJzYNXRKOykCs=
-9,30,gOkTX08eT1fpGouz5j4ckCRhw4c=,yDeIFa3fECr3F+F6uw/vQLy/j90=
-9,29,gOkTX08eT1fpGouz5j4ckCRhw4c=,22KZGp40JqK6CNFCxpYxQEVnVfw=
-10,23,gOkTX08eT1fpGouz5j4ckCRhw4c=,h8yy+leR/49vqwOz8qcsgoBpZN8=
-11,23,gOkTX08eT1fpGouz5j4ckCRhw4c=,pPAjEuSwfqedH1Fw3s31wKXUmQE=
-11,24,gOkTX08eT1fpGouz5j4ckCRhw4c=,Lzr33YuId6g8cIAcN6Tjz+pDzI8=
-8,30,gOkTX08eT1fpGouz5j4ckCRhw4c=,NYhh7ct3Q49ApIsj2JnjYF7NBgw=
-10,24,gOkTX08eT1fpGouz5j4ckCRhw4c=,DyNfWsEpdn8Z3xlxgE7Pjlz/PSM=
-13,24,gOkTX08eT1fpGouz5j4ckCRhw4c=,KhzP4PP/IVcM40xpX0xsmbf73rM=
-13,23,gOkTX08eT1fpGouz5j4ckCRhw4c=,fyEWVJk7qrMXseQM6kHyr3ik0m4=
-12,23,gOkTX08eT1fpGouz5j4ckCRhw4c=,pPAjEuSwfqedH1Fw3s31wKXUmQE=
-12,24,gOkTX08eT1fpGouz5j4ckCRhw4c=,Lzr33YuId6g8cIAcN6Tjz+pDzI8=
-15,22,H5JByPM/ViXff5YO7x5vHH0DdHA=,F/cIyrRWrV8f5STxKJ4/cJeCvb0=
-13,22,H5JByPM/ViXff5YO7x5vHH0DdHA=,fyEWVJk7qrMXseQM6kHyr3ik0m4=
-12,21,H5JByPM/ViXff5YO7x5vHH0DdHA=,gTSRljxAsSxPFcwBn00Kinm4hK8=
-14,22,H5JByPM/ViXff5YO7x5vHH0DdHA=,fyEWVJk7qrMXseQM6kHyr3ik0m4=
-15,21,H5JByPM/ViXff5YO7x5vHH0DdHA=,oJFTnmBZbO868BwTPGB6SrMl3FQ=
-13,21,H5JByPM/ViXff5YO7x5vHH0DdHA=,xsywr1GVIR9bC4iC1wxyl4DRUjE=
-12,22,H5JByPM/ViXff5YO7x5vHH0DdHA=,pPAjEuSwfqedH1Fw3s31wKXUmQE=
-14,21,H5JByPM/ViXff5YO7x5vHH0DdHA=,xsywr1GVIR9bC4iC1wxyl4DRUjE=
-15,20,H5JByPM/ViXff5YO7x5vHH0DdHA=,oJFTnmBZbO868BwTPGB6SrMl3FQ=
-15,19,H5JByPM/ViXff5YO7x5vHH0DdHA=,qqf5do/q5OC7gSWr/sNoCpI7nLs=
-14,20,H5JByPM/ViXff5YO7x5vHH0DdHA=,xsywr1GVIR9bC4iC1wxyl4DRUjE=
-13,20,H5JByPM/ViXff5YO7x5vHH0DdHA=,xsywr1GVIR9bC4iC1wxyl4DRUjE=
-14,19,H5JByPM/ViXff5YO7x5vHH0DdHA=,eTyHKhCYEZCt88Wnph4nLZ/074Y=
-12,19,H5JByPM/ViXff5YO7x5vHH0DdHA=,wUJYVoRl2QUIXh5gAFjWAQ7EOlk=
-13,19,H5JByPM/ViXff5YO7x5vHH0DdHA=,eTyHKhCYEZCt88Wnph4nLZ/074Y=
-12,20,H5JByPM/ViXff5YO7x5vHH0DdHA=,gTSRljxAsSxPFcwBn00Kinm4hK8=
-11,18,AB8/mrYBs68d5DoTqALqNm0cJXo=,wUJYVoRl2QUIXh5gAFjWAQ7EOlk=
-10,17,AB8/mrYBs68d5DoTqALqNm0cJXo=,HjZWHqSAGKD6I0A4PMadfaR3f14=
-10,18,AB8/mrYBs68d5DoTqALqNm0cJXo=,s1+6zCDVUxDN55yZiOPTF4I3Tfk=
-11,17,AB8/mrYBs68d5DoTqALqNm0cJXo=,JiHu4AMVsq7OevLAeJzeYh1DWKg=
-8,18,AB8/mrYBs68d5DoTqALqNm0cJXo=,U2he/8B19ikVdki6xDZFOTKkGl4=
-9,17,AB8/mrYBs68d5DoTqALqNm0cJXo=,HjZWHqSAGKD6I0A4PMadfaR3f14=
-6,18,AB8/mrYBs68d5DoTqALqNm0cJXo=,cT8YTH22cxDCGQlFQuSaC4jczpg=
-9,18,AB8/mrYBs68d5DoTqALqNm0cJXo=,s1+6zCDVUxDN55yZiOPTF4I3Tfk=
-6,17,AB8/mrYBs68d5DoTqALqNm0cJXo=,g5Y17KUgwFR4aviISIwmDqw5Z08=
-8,17,AB8/mrYBs68d5DoTqALqNm0cJXo=,1D+qK/THohl8fXhJevmuo3xwokc=
-7,18,AB8/mrYBs68d5DoTqALqNm0cJXo=,U2he/8B19ikVdki6xDZFOTKkGl4=
-7,17,AB8/mrYBs68d5DoTqALqNm0cJXo=,1D+qK/THohl8fXhJevmuo3xwokc=
-6,20,AB8/mrYBs68d5DoTqALqNm0cJXo=,hOM+g7rxN2sFUiz3kpsnrk4kSC4=
-6,19,AB8/mrYBs68d5DoTqALqNm0cJXo=,cT8YTH22cxDCGQlFQuSaC4jczpg=
-7,20,AB8/mrYBs68d5DoTqALqNm0cJXo=,8V4O9Rfh8ILMnwQLRmsaSebJfFo=
-6,21,AB8/mrYBs68d5DoTqALqNm0cJXo=,hOM+g7rxN2sFUiz3kpsnrk4kSC4=
-7,19,AB8/mrYBs68d5DoTqALqNm0cJXo=,U2he/8B19ikVdki6xDZFOTKkGl4=
-8,26,KVGNTnLa+2d9eVuQdhqKgiLb1X8=,FyFC9RSSRLtZhgl5N6fqKkzStfU=
-8,25,KVGNTnLa+2d9eVuQdhqKgiLb1X8=,MJ34LuG78V6MW7VhyD/piHAMbEc=
-7,25,KVGNTnLa+2d9eVuQdhqKgiLb1X8=,MJ34LuG78V6MW7VhyD/piHAMbEc=
-5,24,KVGNTnLa+2d9eVuQdhqKgiLb1X8=,96/HJGzsIJr2rrqsy5fUsJE2AFE=
-7,24,KVGNTnLa+2d9eVuQdhqKgiLb1X8=,MJ34LuG78V6MW7VhyD/piHAMbEc=
-9,23,KVGNTnLa+2d9eVuQdhqKgiLb1X8=,h8yy+leR/49vqwOz8qcsgoBpZN8=
-6,24,qe6TkiRYmKuqlySr3iF2q4D3D9c=,96/HJGzsIJr2rrqsy5fUsJE2AFE=
-6,22,qe6TkiRYmKuqlySr3iF2q4D3D9c=,1Th5Au0OnleHClQUbaRPWdJ66Ok=
-8,24,qe6TkiRYmKuqlySr3iF2q4D3D9c=,MJ34LuG78V6MW7VhyD/piHAMbEc=
-9,26,qe6TkiRYmKuqlySr3iF2q4D3D9c=,Nw89ryIJXkt3T0MIhu1+oKnCTTg=
-8,23,qe6TkiRYmKuqlySr3iF2q4D3D9c=,HPZRzPrmwdTevKYQmVqN3roBhro=
-9,25,qe6TkiRYmKuqlySr3iF2q4D3D9c=,DyNfWsEpdn8Z3xlxgE7Pjlz/PSM=
-5,25,qe6TkiRYmKuqlySr3iF2q4D3D9c=,96/HJGzsIJr2rrqsy5fUsJE2AFE=
-5,23,qe6TkiRYmKuqlySr3iF2q4D3D9c=,1Th5Au0OnleHClQUbaRPWdJ66Ok=
-4,23,qe6TkiRYmKuqlySr3iF2q4D3D9c=,ie6f5S8FtRImZzjVaKQOhutMPAE=
-6,23,qe6TkiRYmKuqlySr3iF2q4D3D9c=,1Th5Au0OnleHClQUbaRPWdJ66Ok=
-6,26,qe6TkiRYmKuqlySr3iF2q4D3D9c=,u8nylpa5kNbkqq7bqnauChEfZlI=
-7,22,qe6TkiRYmKuqlySr3iF2q4D3D9c=,HPZRzPrmwdTevKYQmVqN3roBhro=
-4,16,qe6TkiRYmKuqlySr3iF2q4D3D9c=,Syn2z+q93Orgw8SB4H6JV+RsFgg=
-6,25,3UdR/h/ljytHFCv0/WkoFT5fRrU=,96/HJGzsIJr2rrqsy5fUsJE2AFE=
-9,24,3UdR/h/ljytHFCv0/WkoFT5fRrU=,DyNfWsEpdn8Z3xlxgE7Pjlz/PSM=
-4,24,3UdR/h/ljytHFCv0/WkoFT5fRrU=,DjD3HkCon4LZ/VhDk/LYd67cGFM=
-7,26,3UdR/h/ljytHFCv0/WkoFT5fRrU=,FyFC9RSSRLtZhgl5N6fqKkzStfU=
-11,19,3UdR/h/ljytHFCv0/WkoFT5fRrU=,wUJYVoRl2QUIXh5gAFjWAQ7EOlk=
-7,23,3UdR/h/ljytHFCv0/WkoFT5fRrU=,HPZRzPrmwdTevKYQmVqN3roBhro=
-4,26,3UdR/h/ljytHFCv0/WkoFT5fRrU=,wZxJACmjNcIlnXDl1gew7aTjGSk=
-7,21,3UdR/h/ljytHFCv0/WkoFT5fRrU=,8V4O9Rfh8ILMnwQLRmsaSebJfFo=
-5,16,3UdR/h/ljytHFCv0/WkoFT5fRrU=,g5Y17KUgwFR4aviISIwmDqw5Z08=
-4,25,3UdR/h/ljytHFCv0/WkoFT5fRrU=,DjD3HkCon4LZ/VhDk/LYd67cGFM=
-6,16,3UdR/h/ljytHFCv0/WkoFT5fRrU=,g5Y17KUgwFR4aviISIwmDqw5Z08=
-7,16,3UdR/h/ljytHFCv0/WkoFT5fRrU=,1D+qK/THohl8fXhJevmuo3xwokc=
-9,16,3UdR/h/ljytHFCv0/WkoFT5fRrU=,HjZWHqSAGKD6I0A4PMadfaR3f14=
-8,22,3UdR/h/ljytHFCv0/WkoFT5fRrU=,HPZRzPrmwdTevKYQmVqN3roBhro=
-8,16,3UdR/h/ljytHFCv0/WkoFT5fRrU=,1D+qK/THohl8fXhJevmuo3xwokc=
-8,19,3UdR/h/ljytHFCv0/WkoFT5fRrU=,U2he/8B19ikVdki6xDZFOTKkGl4=
-8,21,3UdR/h/ljytHFCv0/WkoFT5fRrU=,8V4O9Rfh8ILMnwQLRmsaSebJfFo=
-9,22,3UdR/h/ljytHFCv0/WkoFT5fRrU=,h8yy+leR/49vqwOz8qcsgoBpZN8=
-11,22,3UdR/h/ljytHFCv0/WkoFT5fRrU=,pPAjEuSwfqedH1Fw3s31wKXUmQE=
-10,16,3UdR/h/ljytHFCv0/WkoFT5fRrU=,HjZWHqSAGKD6I0A4PMadfaR3f14=
-10,20,3UdR/h/ljytHFCv0/WkoFT5fRrU=,/5p74kmAnPD9RqpiG3DRw++iZ3E=
-8,20,IiVS5+0fiU9lL3j/DufHbJLx2/k=,8V4O9Rfh8ILMnwQLRmsaSebJfFo=
-10,22,IiVS5+0fiU9lL3j/DufHbJLx2/k=,h8yy+leR/49vqwOz8qcsgoBpZN8=
-10,19,IiVS5+0fiU9lL3j/DufHbJLx2/k=,s1+6zCDVUxDN55yZiOPTF4I3Tfk=
-9,20,IiVS5+0fiU9lL3j/DufHbJLx2/k=,/5p74kmAnPD9RqpiG3DRw++iZ3E=
-12,18,IiVS5+0fiU9lL3j/DufHbJLx2/k=,wUJYVoRl2QUIXh5gAFjWAQ7EOlk=
-11,16,IiVS5+0fiU9lL3j/DufHbJLx2/k=,JiHu4AMVsq7OevLAeJzeYh1DWKg=
-5,26,IiVS5+0fiU9lL3j/DufHbJLx2/k=,u8nylpa5kNbkqq7bqnauChEfZlI=
-9,19,IiVS5+0fiU9lL3j/DufHbJLx2/k=,s1+6zCDVUxDN55yZiOPTF4I3Tfk=
-11,21,IiVS5+0fiU9lL3j/DufHbJLx2/k=,gTSRljxAsSxPFcwBn00Kinm4hK8=
-16,18,IiVS5+0fiU9lL3j/DufHbJLx2/k=,qqf5do/q5OC7gSWr/sNoCpI7nLs=
-16,17,IiVS5+0fiU9lL3j/DufHbJLx2/k=,owTYpNpoKz70nq6X8pU3H7UIrPM=
-16,20,IiVS5+0fiU9lL3j/DufHbJLx2/k=,oJFTnmBZbO868BwTPGB6SrMl3FQ=
-13,18,IiVS5+0fiU9lL3j/DufHbJLx2/k=,eTyHKhCYEZCt88Wnph4nLZ/074Y=
-9,21,IiVS5+0fiU9lL3j/DufHbJLx2/k=,/5p74kmAnPD9RqpiG3DRw++iZ3E=
-14,18,IiVS5+0fiU9lL3j/DufHbJLx2/k=,eTyHKhCYEZCt88Wnph4nLZ/074Y=
-11,20,IiVS5+0fiU9lL3j/DufHbJLx2/k=,gTSRljxAsSxPFcwBn00Kinm4hK8=
-10,21,IiVS5+0fiU9lL3j/DufHbJLx2/k=,/5p74kmAnPD9RqpiG3DRw++iZ3E=
-15,17,IiVS5+0fiU9lL3j/DufHbJLx2/k=,owTYpNpoKz70nq6X8pU3H7UIrPM=
-16,21,IiVS5+0fiU9lL3j/DufHbJLx2/k=,oJFTnmBZbO868BwTPGB6SrMl3FQ=
-15,18,IiVS5+0fiU9lL3j/DufHbJLx2/k=,qqf5do/q5OC7gSWr/sNoCpI7nLs=
-16,19,IiVS5+0fiU9lL3j/DufHbJLx2/k=,qqf5do/q5OC7gSWr/sNoCpI7nLs=
-14,17,IiVS5+0fiU9lL3j/DufHbJLx2/k=,pmtsxp2xCSeLqCVuhYMjUDLO72A=
-15,16,IiVS5+0fiU9lL3j/DufHbJLx2/k=,owTYpNpoKz70nq6X8pU3H7UIrPM=
-14,24,IiVS5+0fiU9lL3j/DufHbJLx2/k=,KhzP4PP/IVcM40xpX0xsmbf73rM=
-16,22,IiVS5+0fiU9lL3j/DufHbJLx2/k=,F/cIyrRWrV8f5STxKJ4/cJeCvb0=
-14,16,IiVS5+0fiU9lL3j/DufHbJLx2/k=,pmtsxp2xCSeLqCVuhYMjUDLO72A=
-14,23,IiVS5+0fiU9lL3j/DufHbJLx2/k=,fyEWVJk7qrMXseQM6kHyr3ik0m4=
-12,17,IiVS5+0fiU9lL3j/DufHbJLx2/k=,JiHu4AMVsq7OevLAeJzeYh1DWKg=
-13,16,IiVS5+0fiU9lL3j/DufHbJLx2/k=,pmtsxp2xCSeLqCVuhYMjUDLO72A=
-15,23,IiVS5+0fiU9lL3j/DufHbJLx2/k=,F/cIyrRWrV8f5STxKJ4/cJeCvb0=
-14,25,IiVS5+0fiU9lL3j/DufHbJLx2/k=,KhzP4PP/IVcM40xpX0xsmbf73rM=
-13,17,IiVS5+0fiU9lL3j/DufHbJLx2/k=,pmtsxp2xCSeLqCVuhYMjUDLO72A=
-10,26,IiVS5+0fiU9lL3j/DufHbJLx2/k=,Nw89ryIJXkt3T0MIhu1+oKnCTTg=
-12,16,IiVS5+0fiU9lL3j/DufHbJLx2/k=,JiHu4AMVsq7OevLAeJzeYh1DWKg=
-14,26,IiVS5+0fiU9lL3j/DufHbJLx2/k=,LoMfKFeQOVSSWwpG8RRqeZ9C6zA=
-15,26,IiVS5+0fiU9lL3j/DufHbJLx2/k=,UJ1TVmLMH/4eJO3KcxvPcPapy2I=
-15,25,IiVS5+0fiU9lL3j/DufHbJLx2/k=,9WYBLZAKftnQaz4n2ao0H5aZZaM=
-15,24,IiVS5+0fiU9lL3j/DufHbJLx2/k=,9WYBLZAKftnQaz4n2ao0H5aZZaM=
-11,27,IiVS5+0fiU9lL3j/DufHbJLx2/k=,G7+Zrb6ZI1Vn8eP1jRnwW6p5rnY=
-13,25,IiVS5+0fiU9lL3j/DufHbJLx2/k=,KhzP4PP/IVcM40xpX0xsmbf73rM=
-10,28,IiVS5+0fiU9lL3j/DufHbJLx2/k=,22KZGp40JqK6CNFCxpYxQEVnVfw=
-12,25,IiVS5+0fiU9lL3j/DufHbJLx2/k=,Lzr33YuId6g8cIAcN6Tjz+pDzI8=
-12,27,IiVS5+0fiU9lL3j/DufHbJLx2/k=,G7+Zrb6ZI1Vn8eP1jRnwW6p5rnY=
-11,25,IiVS5+0fiU9lL3j/DufHbJLx2/k=,Lzr33YuId6g8cIAcN6Tjz+pDzI8=
-13,26,IiVS5+0fiU9lL3j/DufHbJLx2/k=,LoMfKFeQOVSSWwpG8RRqeZ9C6zA=
-15,27,IiVS5+0fiU9lL3j/DufHbJLx2/k=,UJ1TVmLMH/4eJO3KcxvPcPapy2I=
-14,27,IiVS5+0fiU9lL3j/DufHbJLx2/k=,LoMfKFeQOVSSWwpG8RRqeZ9C6zA=
-10,27,IiVS5+0fiU9lL3j/DufHbJLx2/k=,Nw89ryIJXkt3T0MIhu1+oKnCTTg=
-11,26,uFmQavxGJ1fRhODnCX8rEFV9xpE=,G7+Zrb6ZI1Vn8eP1jRnwW6p5rnY=
-15,28,uFmQavxGJ1fRhODnCX8rEFV9xpE=,fkfjWWpDjI9/gGrjrQwuXPxdFx0=
-13,28,uFmQavxGJ1fRhODnCX8rEFV9xpE=,vT7xw4BD/9ltixR2FJHGKhtAeQw=
-13,27,uFmQavxGJ1fRhODnCX8rEFV9xpE=,LoMfKFeQOVSSWwpG8RRqeZ9C6zA=
-10,25,uFmQavxGJ1fRhODnCX8rEFV9xpE=,DyNfWsEpdn8Z3xlxgE7Pjlz/PSM=
-12,26,uFmQavxGJ1fRhODnCX8rEFV9xpE=,G7+Zrb6ZI1Vn8eP1jRnwW6p5rnY=
-14,28,uFmQavxGJ1fRhODnCX8rEFV9xpE=,vT7xw4BD/9ltixR2FJHGKhtAeQw=
-12,28,uFmQavxGJ1fRhODnCX8rEFV9xpE=,LARASaLSAMWHou2AQMmn39giCSg=
-11,28,uFmQavxGJ1fRhODnCX8rEFV9xpE=,LARASaLSAMWHou2AQMmn39giCSg=
-14,29,uFmQavxGJ1fRhODnCX8rEFV9xpE=,vT7xw4BD/9ltixR2FJHGKhtAeQw=
-15,29,uFmQavxGJ1fRhODnCX8rEFV9xpE=,fkfjWWpDjI9/gGrjrQwuXPxdFx0=
-13,29,uFmQavxGJ1fRhODnCX8rEFV9xpE=,vT7xw4BD/9ltixR2FJHGKhtAeQw=
-14,30,uFmQavxGJ1fRhODnCX8rEFV9xpE=,+p9aHLgg6aZfBzkBU7IpsLYuyGE=
-15,30,uFmQavxGJ1fRhODnCX8rEFV9xpE=,fQeOCVfkxm6rDfWdr9lWaeb78jc=
-10,30,uFmQavxGJ1fRhODnCX8rEFV9xpE=,yDeIFa3fECr3F+F6uw/vQLy/j90=
-9,31,uFmQavxGJ1fRhODnCX8rEFV9xpE=,yDeIFa3fECr3F+F6uw/vQLy/j90=
-8,31,uFmQavxGJ1fRhODnCX8rEFV9xpE=,NYhh7ct3Q49ApIsj2JnjYF7NBgw=
-10,31,uFmQavxGJ1fRhODnCX8rEFV9xpE=,yDeIFa3fECr3F+F6uw/vQLy/j90=
-7,31,uFmQavxGJ1fRhODnCX8rEFV9xpE=,NYhh7ct3Q49ApIsj2JnjYF7NBgw=
-6,31,uFmQavxGJ1fRhODnCX8rEFV9xpE=,8dKa+caS7ph88Ps0MweygePLPDE=
-14,31,uFmQavxGJ1fRhODnCX8rEFV9xpE=,+p9aHLgg6aZfBzkBU7IpsLYuyGE=
-10,29,uFmQavxGJ1fRhODnCX8rEFV9xpE=,22KZGp40JqK6CNFCxpYxQEVnVfw=
-12,29,uFmQavxGJ1fRhODnCX8rEFV9xpE=,LARASaLSAMWHou2AQMmn39giCSg=
-11,29,uFmQavxGJ1fRhODnCX8rEFV9xpE=,LARASaLSAMWHou2AQMmn39giCSg=
-5,31,uFmQavxGJ1fRhODnCX8rEFV9xpE=,8dKa+caS7ph88Ps0MweygePLPDE=
-15,31,uFmQavxGJ1fRhODnCX8rEFV9xpE=,fQeOCVfkxm6rDfWdr9lWaeb78jc=
-13,30,uFmQavxGJ1fRhODnCX8rEFV9xpE=,+p9aHLgg6aZfBzkBU7IpsLYuyGE=
-3,29,uFmQavxGJ1fRhODnCX8rEFV9xpE=,Rgc7S8u6lJXccrLMa8Nb4vOe2MI=
-2,29,uFmQavxGJ1fRhODnCX8rEFV9xpE=,BPS4E+t45L4Uz3vizbQlDIVVB5o=
-4,31,uFmQavxGJ1fRhODnCX8rEFV9xpE=,9EP7RNN1JUDx1RLKYyNSWmAjr1Y=
-13,31,uFmQavxGJ1fRhODnCX8rEFV9xpE=,+p9aHLgg6aZfBzkBU7IpsLYuyGE=
-1,29,uFmQavxGJ1fRhODnCX8rEFV9xpE=,BPS4E+t45L4Uz3vizbQlDIVVB5o=
-1,26,uFmQavxGJ1fRhODnCX8rEFV9xpE=,yuzsyO6zinmbtjgBRpv4PzmSavk=
-1,27,uFmQavxGJ1fRhODnCX8rEFV9xpE=,yuzsyO6zinmbtjgBRpv4PzmSavk=
-3,31,uFmQavxGJ1fRhODnCX8rEFV9xpE=,9EP7RNN1JUDx1RLKYyNSWmAjr1Y=
-3,30,uFmQavxGJ1fRhODnCX8rEFV9xpE=,9EP7RNN1JUDx1RLKYyNSWmAjr1Y=
-1,28,uFmQavxGJ1fRhODnCX8rEFV9xpE=,BPS4E+t45L4Uz3vizbQlDIVVB5o=
-1,21,uFmQavxGJ1fRhODnCX8rEFV9xpE=,uYJULbrKNZBYKkSlLwimAz+hMqk=
-1,25,uFmQavxGJ1fRhODnCX8rEFV9xpE=,K0CplDA6KN0znGoZBOtSzt+bgUI=
-1,22,uFmQavxGJ1fRhODnCX8rEFV9xpE=,Iyokd0/mhQl0cwBq+Bp2EprYPY4=
-1,20,uFmQavxGJ1fRhODnCX8rEFV9xpE=,uYJULbrKNZBYKkSlLwimAz+hMqk=
-1,19,uFmQavxGJ1fRhODnCX8rEFV9xpE=,2zhSz2YhAS0+YKakBH1HRhG9SOc=
-16,27,uFmQavxGJ1fRhODnCX8rEFV9xpE=,UJ1TVmLMH/4eJO3KcxvPcPapy2I=
-1,24,uFmQavxGJ1fRhODnCX8rEFV9xpE=,K0CplDA6KN0znGoZBOtSzt+bgUI=
-2,30,uFmQavxGJ1fRhODnCX8rEFV9xpE=,y6laSc/Pm+x9m3esM1TiqeAap9U=
-1,23,uFmQavxGJ1fRhODnCX8rEFV9xpE=,Iyokd0/mhQl0cwBq+Bp2EprYPY4=
-1,17,uFmQavxGJ1fRhODnCX8rEFV9xpE=,+tyb3i7ZAz3yRnpGciQoTMcrxLM=
-16,29,uFmQavxGJ1fRhODnCX8rEFV9xpE=,fkfjWWpDjI9/gGrjrQwuXPxdFx0=
-16,28,uFmQavxGJ1fRhODnCX8rEFV9xpE=,fkfjWWpDjI9/gGrjrQwuXPxdFx0=
-1,18,uFmQavxGJ1fRhODnCX8rEFV9xpE=,2zhSz2YhAS0+YKakBH1HRhG9SOc=
-1,30,uFmQavxGJ1fRhODnCX8rEFV9xpE=,y6laSc/Pm+x9m3esM1TiqeAap9U=
-16,23,uFmQavxGJ1fRhODnCX8rEFV9xpE=,F/cIyrRWrV8f5STxKJ4/cJeCvb0=
-16,31,uFmQavxGJ1fRhODnCX8rEFV9xpE=,fQeOCVfkxm6rDfWdr9lWaeb78jc=
-16,30,uFmQavxGJ1fRhODnCX8rEFV9xpE=,fQeOCVfkxm6rDfWdr9lWaeb78jc=
-16,25,uFmQavxGJ1fRhODnCX8rEFV9xpE=,9WYBLZAKftnQaz4n2ao0H5aZZaM=
-16,24,uFmQavxGJ1fRhODnCX8rEFV9xpE=,9WYBLZAKftnQaz4n2ao0H5aZZaM=
-2,31,uFmQavxGJ1fRhODnCX8rEFV9xpE=,y6laSc/Pm+x9m3esM1TiqeAap9U=
-16,26,uFmQavxGJ1fRhODnCX8rEFV9xpE=,UJ1TVmLMH/4eJO3KcxvPcPapy2I=
-1,31,uFmQavxGJ1fRhODnCX8rEFV9xpE=,y6laSc/Pm+x9m3esM1TiqeAap9U=
-11,31,uFmQavxGJ1fRhODnCX8rEFV9xpE=,ZwZ2w+w0hpySn7TUcID8we38X9k=
-2,16,uFmQavxGJ1fRhODnCX8rEFV9xpE=,+tyb3i7ZAz3yRnpGciQoTMcrxLM=
-3,16,uFmQavxGJ1fRhODnCX8rEFV9xpE=,Syn2z+q93Orgw8SB4H6JV+RsFgg=
-16,16,uFmQavxGJ1fRhODnCX8rEFV9xpE=,owTYpNpoKz70nq6X8pU3H7UIrPM=
-1,16,uFmQavxGJ1fRhODnCX8rEFV9xpE=,+tyb3i7ZAz3yRnpGciQoTMcrxLM=
-12,30,uFmQavxGJ1fRhODnCX8rEFV9xpE=,ZwZ2w+w0hpySn7TUcID8we38X9k=
-11,30,uFmQavxGJ1fRhODnCX8rEFV9xpE=,ZwZ2w+w0hpySn7TUcID8we38X9k=
-12,31,uFmQavxGJ1fRhODnCX8rEFV9xpE=,ZwZ2w+w0hpySn7TUcID8we38X9k=
-3,2,NQ3Rsc7U3my7mY8bhJ8GD1Wcq6k=,TzzY8/xqdE4QAaLCGNX9rjhxWy0=
-3,1,NQ3Rsc7U3my7mY8bhJ8GD1Wcq6k=,SNPLcQGB3oZ/yBpVYHMWZPDUl98=
-2,1,NQ3Rsc7U3my7mY8bhJ8GD1Wcq6k=,Bzrb59QPoLKCSl6mq/F5GXUwMZs=
-2,2,NQ3Rsc7U3my7mY8bhJ8GD1Wcq6k=,6LGy+RBY8jCcr1qmb3qiXrYkFwY=
-5,1,NQ3Rsc7U3my7mY8bhJ8GD1Wcq6k=,WJAEuW3uYVwdhUGTVzitu+vuxUE=
-4,1,NQ3Rsc7U3my7mY8bhJ8GD1Wcq6k=,SNPLcQGB3oZ/yBpVYHMWZPDUl98=
-5,2,NQ3Rsc7U3my7mY8bhJ8GD1Wcq6k=,4Af+3HN9BXdO1PH7+cPWkmlluXQ=
-4,2,NQ3Rsc7U3my7mY8bhJ8GD1Wcq6k=,TzzY8/xqdE4QAaLCGNX9rjhxWy0=
-6,3,NQ3Rsc7U3my7mY8bhJ8GD1Wcq6k=,4Af+3HN9BXdO1PH7+cPWkmlluXQ=
-6,4,NQ3Rsc7U3my7mY8bhJ8GD1Wcq6k=,oAMRmXqI/z+vLT4BOx7WnQ/D7mE=
-7,2,NQ3Rsc7U3my7mY8bhJ8GD1Wcq6k=,ebcXMv5pcoAu31/UiJ9J3pcaS3I=
-6,2,NQ3Rsc7U3my7mY8bhJ8GD1Wcq6k=,4Af+3HN9BXdO1PH7+cPWkmlluXQ=
-6,1,NQ3Rsc7U3my7mY8bhJ8GD1Wcq6k=,WJAEuW3uYVwdhUGTVzitu+vuxUE=
-7,4,NQ3Rsc7U3my7mY8bhJ8GD1Wcq6k=,ZXpCXzlmB0RITF/JneqaqxGPgmg=
-7,1,NQ3Rsc7U3my7mY8bhJ8GD1Wcq6k=,B1fqMgXBNPF6dne2wMkaH6YtYxI=
-7,3,NQ3Rsc7U3my7mY8bhJ8GD1Wcq6k=,ebcXMv5pcoAu31/UiJ9J3pcaS3I=
-9,3,NQ3Rsc7U3my7mY8bhJ8GD1Wcq6k=,POnZ5aRf0o2L5r8qgFcZQuzmoBs=
-9,4,KTT7PAQ63LGZvYpOBYYYaJNRBjw=,8BAsuy4YOBtFbSEPWX2aKSy0cVU=
-8,4,KTT7PAQ63LGZvYpOBYYYaJNRBjw=,ZXpCXzlmB0RITF/JneqaqxGPgmg=
-8,3,KTT7PAQ63LGZvYpOBYYYaJNRBjw=,ebcXMv5pcoAu31/UiJ9J3pcaS3I=
-9,2,KTT7PAQ63LGZvYpOBYYYaJNRBjw=,POnZ5aRf0o2L5r8qgFcZQuzmoBs=
-8,1,KTT7PAQ63LGZvYpOBYYYaJNRBjw=,B1fqMgXBNPF6dne2wMkaH6YtYxI=
-8,2,KTT7PAQ63LGZvYpOBYYYaJNRBjw=,ebcXMv5pcoAu31/UiJ9J3pcaS3I=
-9,1,KTT7PAQ63LGZvYpOBYYYaJNRBjw=,MOBNEg3H6P9voedS5JexKnylX4I=
-10,3,KTT7PAQ63LGZvYpOBYYYaJNRBjw=,POnZ5aRf0o2L5r8qgFcZQuzmoBs=
-10,4,KTT7PAQ63LGZvYpOBYYYaJNRBjw=,8BAsuy4YOBtFbSEPWX2aKSy0cVU=
-11,3,KTT7PAQ63LGZvYpOBYYYaJNRBjw=,GEsDL/qay81OcKxwF9P0CGyLWw4=
-11,4,KTT7PAQ63LGZvYpOBYYYaJNRBjw=,Zns+w67oi+O31apKlhHq/AXa2bs=
-10,2,KTT7PAQ63LGZvYpOBYYYaJNRBjw=,POnZ5aRf0o2L5r8qgFcZQuzmoBs=
-10,1,KTT7PAQ63LGZvYpOBYYYaJNRBjw=,MOBNEg3H6P9voedS5JexKnylX4I=
-11,2,KTT7PAQ63LGZvYpOBYYYaJNRBjw=,GEsDL/qay81OcKxwF9P0CGyLWw4=
-11,1,KTT7PAQ63LGZvYpOBYYYaJNRBjw=,c5uPXntlL6FEULmdVXnvJMVZukU=
-10,5,KTT7PAQ63LGZvYpOBYYYaJNRBjw=,8BAsuy4YOBtFbSEPWX2aKSy0cVU=
-11,6,KTT7PAQ63LGZvYpOBYYYaJNRBjw=,0BzQ8z/NdmbYtoVfcXtVRIa3A/E=
-10,7,x+TVf+6Z3Z18kvzqkWBE57gtWUQ=,fwuArDMU8YzRyl7gNLR21L4SFsI=
-10,6,x+TVf+6Z3Z18kvzqkWBE57gtWUQ=,fwuArDMU8YzRyl7gNLR21L4SFsI=
-10,8,x+TVf+6Z3Z18kvzqkWBE57gtWUQ=,UEOkVcDwr3f4Shx01e1BD0Y+ho4=
-11,5,x+TVf+6Z3Z18kvzqkWBE57gtWUQ=,Zns+w67oi+O31apKlhHq/AXa2bs=
-11,7,x+TVf+6Z3Z18kvzqkWBE57gtWUQ=,0BzQ8z/NdmbYtoVfcXtVRIa3A/E=
-11,8,x+TVf+6Z3Z18kvzqkWBE57gtWUQ=,EDU+3ZCy63i/Ayq3GAM16itYa0s=
-12,10,x+TVf+6Z3Z18kvzqkWBE57gtWUQ=,x9xmrPL540FPA+S9Kow8eO5lHFY=
-13,9,x+TVf+6Z3Z18kvzqkWBE57gtWUQ=,bT3z8nmuobmkl2oPY3j24pa4m8k=
-13,10,x+TVf+6Z3Z18kvzqkWBE57gtWUQ=,EgUgwBnk/zaDguJUpukMq6Dna3U=
-12,9,x+TVf+6Z3Z18kvzqkWBE57gtWUQ=,EDU+3ZCy63i/Ayq3GAM16itYa0s=
-10,9,x+TVf+6Z3Z18kvzqkWBE57gtWUQ=,UEOkVcDwr3f4Shx01e1BD0Y+ho4=
-10,10,x+TVf+6Z3Z18kvzqkWBE57gtWUQ=,dVCE/e+i+0T1A/9ojhOtLQOQhKk=
-11,10,x+TVf+6Z3Z18kvzqkWBE57gtWUQ=,x9xmrPL540FPA+S9Kow8eO5lHFY=
-11,9,x+TVf+6Z3Z18kvzqkWBE57gtWUQ=,EDU+3ZCy63i/Ayq3GAM16itYa0s=
-10,11,x+TVf+6Z3Z18kvzqkWBE57gtWUQ=,dVCE/e+i+0T1A/9ojhOtLQOQhKk=
-11,12,x+TVf+6Z3Z18kvzqkWBE57gtWUQ=,TDSU8gWoqtb0vQHwRFgaBke9X7A=
-10,12,x+TVf+6Z3Z18kvzqkWBE57gtWUQ=,953OY10A8bAogGDcXw2kJ+wVaL4=
-11,11,x+TVf+6Z3Z18kvzqkWBE57gtWUQ=,x9xmrPL540FPA+S9Kow8eO5lHFY=
-11,13,tyKgMPJOVR4eJZv+Xu49u/AyHpo=,TDSU8gWoqtb0vQHwRFgaBke9X7A=
-10,13,tyKgMPJOVR4eJZv+Xu49u/AyHpo=,953OY10A8bAogGDcXw2kJ+wVaL4=
-10,14,tyKgMPJOVR4eJZv+Xu49u/AyHpo=,lEcAzw5oTYprIHEVe2pJrFqFMkc=
-11,14,tyKgMPJOVR4eJZv+Xu49u/AyHpo=,+giPFrulKP2RX++oW41MiarIC0E=
-9,14,tyKgMPJOVR4eJZv+Xu49u/AyHpo=,lEcAzw5oTYprIHEVe2pJrFqFMkc=
-8,14,tyKgMPJOVR4eJZv+Xu49u/AyHpo=,GPuauHUiKTaZaDwj7efC2zvhdO4=
-8,13,tyKgMPJOVR4eJZv+Xu49u/AyHpo=,1amArzP1AInGqkm/VpF4+Kj6dPU=
-9,13,tyKgMPJOVR4eJZv+Xu49u/AyHpo=,953OY10A8bAogGDcXw2kJ+wVaL4=
-6,13,tyKgMPJOVR4eJZv+Xu49u/AyHpo=,6AB8OFM1EsZHaETpk0W7wpeFiRM=
-7,14,tyKgMPJOVR4eJZv+Xu49u/AyHpo=,GPuauHUiKTaZaDwj7efC2zvhdO4=
-6,14,tyKgMPJOVR4eJZv+Xu49u/AyHpo=,9W5AUj76Qgm9BgMWifpORzpEd1I=
-7,13,tyKgMPJOVR4eJZv+Xu49u/AyHpo=,1amArzP1AInGqkm/VpF4+Kj6dPU=
-4,11,tyKgMPJOVR4eJZv+Xu49u/AyHpo=,7Jk7MxgZlySaKAB4vUvLheiW94U=
-5,12,tyKgMPJOVR4eJZv+Xu49u/AyHpo=,6AB8OFM1EsZHaETpk0W7wpeFiRM=
-4,12,tyKgMPJOVR4eJZv+Xu49u/AyHpo=,TZOwMF89U7lOk8DwM59V1tOjDl0=
-4,14,RY0nbzbo5ME8cVBA5Bj/m0OXYkA=,uf/Y3kGvUBq+TitCYqsetg8bTQA=
-4,13,RY0nbzbo5ME8cVBA5Bj/m0OXYkA=,TZOwMF89U7lOk8DwM59V1tOjDl0=
-5,13,RY0nbzbo5ME8cVBA5Bj/m0OXYkA=,6AB8OFM1EsZHaETpk0W7wpeFiRM=
-5,14,RY0nbzbo5ME8cVBA5Bj/m0OXYkA=,9W5AUj76Qgm9BgMWifpORzpEd1I=
-5,11,RY0nbzbo5ME8cVBA5Bj/m0OXYkA=,TcPhZNYhpzKPaBOZZPH3RQ59Ey4=
-3,11,RY0nbzbo5ME8cVBA5Bj/m0OXYkA=,7Jk7MxgZlySaKAB4vUvLheiW94U=
-2,11,RY0nbzbo5ME8cVBA5Bj/m0OXYkA=,3CAE0621mm0c8L1BWxKiF/FI8oo=
-2,12,RY0nbzbo5ME8cVBA5Bj/m0OXYkA=,gLK17i4GKaArMsoaqXOj4s4rsVY=
-3,14,RY0nbzbo5ME8cVBA5Bj/m0OXYkA=,uf/Y3kGvUBq+TitCYqsetg8bTQA=
-2,14,RY0nbzbo5ME8cVBA5Bj/m0OXYkA=,qIRFnvI+zz+zD4Cwe8tUbDCMfyU=
-2,13,RY0nbzbo5ME8cVBA5Bj/m0OXYkA=,gLK17i4GKaArMsoaqXOj4s4rsVY=
-3,13,RY0nbzbo5ME8cVBA5Bj/m0OXYkA=,TZOwMF89U7lOk8DwM59V1tOjDl0=
-2,10,RY0nbzbo5ME8cVBA5Bj/m0OXYkA=,3CAE0621mm0c8L1BWxKiF/FI8oo=
-3,10,RY0nbzbo5ME8cVBA5Bj/m0OXYkA=,7Jk7MxgZlySaKAB4vUvLheiW94U=
-3,9,RY0nbzbo5ME8cVBA5Bj/m0OXYkA=,abMQWNjcRjB/P6Pp2v5V4in9bRI=
-3,12,RY0nbzbo5ME8cVBA5Bj/m0OXYkA=,TZOwMF89U7lOk8DwM59V1tOjDl0=
-2,9,RY0nbzbo5ME8cVBA5Bj/m0OXYkA=,TH0ZJY5+CxZTxSU1g+g6G1AzioQ=
-4,10,RY0nbzbo5ME8cVBA5Bj/m0OXYkA=,7Jk7MxgZlySaKAB4vUvLheiW94U=
-4,9,RY0nbzbo5ME8cVBA5Bj/m0OXYkA=,abMQWNjcRjB/P6Pp2v5V4in9bRI=
-5,10,RY0nbzbo5ME8cVBA5Bj/m0OXYkA=,TcPhZNYhpzKPaBOZZPH3RQ59Ey4=
-5,9,RY0nbzbo5ME8cVBA5Bj/m0OXYkA=,LptIB1GUk1ZjdlC6oQj2uikI6jY=
-4,7,RY0nbzbo5ME8cVBA5Bj/m0OXYkA=,B/nOde/e6bqwcMw/zI3TuD9GlHI=
-5,8,RY0nbzbo5ME8cVBA5Bj/m0OXYkA=,LptIB1GUk1ZjdlC6oQj2uikI6jY=
-5,7,RY0nbzbo5ME8cVBA5Bj/m0OXYkA=,hSv86g/Et/AF8trNeEJq8euoWGM=
-4,8,RY0nbzbo5ME8cVBA5Bj/m0OXYkA=,abMQWNjcRjB/P6Pp2v5V4in9bRI=
-2,7,RY0nbzbo5ME8cVBA5Bj/m0OXYkA=,G4vg0C8+PpkBYOEKjRElazpjwEA=
-3,8,RY0nbzbo5ME8cVBA5Bj/m0OXYkA=,abMQWNjcRjB/P6Pp2v5V4in9bRI=
-3,7,7i8WBemnJv0QlDmfHR+BAURLokI=,B/nOde/e6bqwcMw/zI3TuD9GlHI=
-2,8,7i8WBemnJv0QlDmfHR+BAURLokI=,TH0ZJY5+CxZTxSU1g+g6G1AzioQ=
-6,5,7i8WBemnJv0QlDmfHR+BAURLokI=,oAMRmXqI/z+vLT4BOx7WnQ/D7mE=
-7,5,7i8WBemnJv0QlDmfHR+BAURLokI=,ZXpCXzlmB0RITF/JneqaqxGPgmg=
-6,6,7i8WBemnJv0QlDmfHR+BAURLokI=,hSv86g/Et/AF8trNeEJq8euoWGM=
-9,5,7i8WBemnJv0QlDmfHR+BAURLokI=,8BAsuy4YOBtFbSEPWX2aKSy0cVU=
-9,6,7i8WBemnJv0QlDmfHR+BAURLokI=,fwuArDMU8YzRyl7gNLR21L4SFsI=
-7,6,yNny7/UACzjVMIrtk9cgi16oQTU=,DUXzJzuq7nkrbQkjpIHIlkqR52E=
-8,5,yNny7/UACzjVMIrtk9cgi16oQTU=,ZXpCXzlmB0RITF/JneqaqxGPgmg=
-8,6,yNny7/UACzjVMIrtk9cgi16oQTU=,DUXzJzuq7nkrbQkjpIHIlkqR52E=
-4,3,yNny7/UACzjVMIrtk9cgi16oQTU=,TzzY8/xqdE4QAaLCGNX9rjhxWy0=
-4,5,yNny7/UACzjVMIrtk9cgi16oQTU=,nSwxjONm2OIZKE/QBRtIQiAGED4=
-5,4,yNny7/UACzjVMIrtk9cgi16oQTU=,oAMRmXqI/z+vLT4BOx7WnQ/D7mE=
-5,3,yNny7/UACzjVMIrtk9cgi16oQTU=,4Af+3HN9BXdO1PH7+cPWkmlluXQ=
-4,6,yNny7/UACzjVMIrtk9cgi16oQTU=,B/nOde/e6bqwcMw/zI3TuD9GlHI=
-5,5,yNny7/UACzjVMIrtk9cgi16oQTU=,oAMRmXqI/z+vLT4BOx7WnQ/D7mE=
-4,4,yNny7/UACzjVMIrtk9cgi16oQTU=,nSwxjONm2OIZKE/QBRtIQiAGED4=
-6,7,yNny7/UACzjVMIrtk9cgi16oQTU=,hSv86g/Et/AF8trNeEJq8euoWGM=
-2,6,yJtNl+YmhKMrF92K86/C92Hz18c=,G4vg0C8+PpkBYOEKjRElazpjwEA=
-2,4,yJtNl+YmhKMrF92K86/C92Hz18c=,XtErQD+MHv/1af4nxAzuIeJfIIM=
-7,7,yJtNl+YmhKMrF92K86/C92Hz18c=,DUXzJzuq7nkrbQkjpIHIlkqR52E=
-2,5,yJtNl+YmhKMrF92K86/C92Hz18c=,XtErQD+MHv/1af4nxAzuIeJfIIM=
-2,3,yJtNl+YmhKMrF92K86/C92Hz18c=,6LGy+RBY8jCcr1qmb3qiXrYkFwY=
-3,6,yJtNl+YmhKMrF92K86/C92Hz18c=,B/nOde/e6bqwcMw/zI3TuD9GlHI=
-6,8,yJtNl+YmhKMrF92K86/C92Hz18c=,LptIB1GUk1ZjdlC6oQj2uikI6jY=
-5,6,yJtNl+YmhKMrF92K86/C92Hz18c=,hSv86g/Et/AF8trNeEJq8euoWGM=
-3,3,yJtNl+YmhKMrF92K86/C92Hz18c=,TzzY8/xqdE4QAaLCGNX9rjhxWy0=
-9,8,yJtNl+YmhKMrF92K86/C92Hz18c=,UEOkVcDwr3f4Shx01e1BD0Y+ho4=
-7,8,yJtNl+YmhKMrF92K86/C92Hz18c=,4oJQxaCvPBkWSqLfjt5lBAWZtFA=
-3,4,yJtNl+YmhKMrF92K86/C92Hz18c=,nSwxjONm2OIZKE/QBRtIQiAGED4=
-8,8,yJtNl+YmhKMrF92K86/C92Hz18c=,4oJQxaCvPBkWSqLfjt5lBAWZtFA=
-1,2,yJtNl+YmhKMrF92K86/C92Hz18c=,6LGy+RBY8jCcr1qmb3qiXrYkFwY=
-1,4,yJtNl+YmhKMrF92K86/C92Hz18c=,XtErQD+MHv/1af4nxAzuIeJfIIM=
-3,5,yJtNl+YmhKMrF92K86/C92Hz18c=,nSwxjONm2OIZKE/QBRtIQiAGED4=
-1,1,yJtNl+YmhKMrF92K86/C92Hz18c=,Bzrb59QPoLKCSl6mq/F5GXUwMZs=
-8,7,yJtNl+YmhKMrF92K86/C92Hz18c=,DUXzJzuq7nkrbQkjpIHIlkqR52E=
-1,3,yJtNl+YmhKMrF92K86/C92Hz18c=,6LGy+RBY8jCcr1qmb3qiXrYkFwY=
-1,7,yJtNl+YmhKMrF92K86/C92Hz18c=,G4vg0C8+PpkBYOEKjRElazpjwEA=
-1,6,yJtNl+YmhKMrF92K86/C92Hz18c=,G4vg0C8+PpkBYOEKjRElazpjwEA=
-1,10,yJtNl+YmhKMrF92K86/C92Hz18c=,3CAE0621mm0c8L1BWxKiF/FI8oo=
-1,8,yJtNl+YmhKMrF92K86/C92Hz18c=,TH0ZJY5+CxZTxSU1g+g6G1AzioQ=
-9,9,yJtNl+YmhKMrF92K86/C92Hz18c=,UEOkVcDwr3f4Shx01e1BD0Y+ho4=
-1,9,OdM9MiWYJ83PhO8m3H//5bptLYU=,TH0ZJY5+CxZTxSU1g+g6G1AzioQ=
-6,12,OdM9MiWYJ83PhO8m3H//5bptLYU=,6AB8OFM1EsZHaETpk0W7wpeFiRM=
-1,5,OdM9MiWYJ83PhO8m3H//5bptLYU=,XtErQD+MHv/1af4nxAzuIeJfIIM=
-9,7,OdM9MiWYJ83PhO8m3H//5bptLYU=,fwuArDMU8YzRyl7gNLR21L4SFsI=
-1,11,OdM9MiWYJ83PhO8m3H//5bptLYU=,3CAE0621mm0c8L1BWxKiF/FI8oo=
-1,13,OdM9MiWYJ83PhO8m3H//5bptLYU=,gLK17i4GKaArMsoaqXOj4s4rsVY=
-9,11,OdM9MiWYJ83PhO8m3H//5bptLYU=,dVCE/e+i+0T1A/9ojhOtLQOQhKk=
-7,9,OdM9MiWYJ83PhO8m3H//5bptLYU=,4oJQxaCvPBkWSqLfjt5lBAWZtFA=
-8,9,OdM9MiWYJ83PhO8m3H//5bptLYU=,4oJQxaCvPBkWSqLfjt5lBAWZtFA=
-8,12,OdM9MiWYJ83PhO8m3H//5bptLYU=,1amArzP1AInGqkm/VpF4+Kj6dPU=
-9,12,OdM9MiWYJ83PhO8m3H//5bptLYU=,953OY10A8bAogGDcXw2kJ+wVaL4=
-9,10,OdM9MiWYJ83PhO8m3H//5bptLYU=,dVCE/e+i+0T1A/9ojhOtLQOQhKk=
-1,12,OdM9MiWYJ83PhO8m3H//5bptLYU=,gLK17i4GKaArMsoaqXOj4s4rsVY=
-2,15,OdM9MiWYJ83PhO8m3H//5bptLYU=,qIRFnvI+zz+zD4Cwe8tUbDCMfyU=
-8,11,OdM9MiWYJ83PhO8m3H//5bptLYU=,QAfKpPGxMxiDrBw275qWhZ3vpPY=
-7,12,OdM9MiWYJ83PhO8m3H//5bptLYU=,1amArzP1AInGqkm/VpF4+Kj6dPU=
-5,15,OdM9MiWYJ83PhO8m3H//5bptLYU=,9W5AUj76Qgm9BgMWifpORzpEd1I=
-1,14,OdM9MiWYJ83PhO8m3H//5bptLYU=,qIRFnvI+zz+zD4Cwe8tUbDCMfyU=
-8,10,OdM9MiWYJ83PhO8m3H//5bptLYU=,QAfKpPGxMxiDrBw275qWhZ3vpPY=
-3,15,OdM9MiWYJ83PhO8m3H//5bptLYU=,uf/Y3kGvUBq+TitCYqsetg8bTQA=
-6,9,OdM9MiWYJ83PhO8m3H//5bptLYU=,LptIB1GUk1ZjdlC6oQj2uikI6jY=
-4,15,OdM9MiWYJ83PhO8m3H//5bptLYU=,uf/Y3kGvUBq+TitCYqsetg8bTQA=
-6,10,OdM9MiWYJ83PhO8m3H//5bptLYU=,TcPhZNYhpzKPaBOZZPH3RQ59Ey4=
-6,11,OdM9MiWYJ83PhO8m3H//5bptLYU=,TcPhZNYhpzKPaBOZZPH3RQ59Ey4=
-7,15,OdM9MiWYJ83PhO8m3H//5bptLYU=,GPuauHUiKTaZaDwj7efC2zvhdO4=
-7,11,OdM9MiWYJ83PhO8m3H//5bptLYU=,QAfKpPGxMxiDrBw275qWhZ3vpPY=
-7,10,OdM9MiWYJ83PhO8m3H//5bptLYU=,QAfKpPGxMxiDrBw275qWhZ3vpPY=
-10,15,OdM9MiWYJ83PhO8m3H//5bptLYU=,lEcAzw5oTYprIHEVe2pJrFqFMkc=
-6,15,OdM9MiWYJ83PhO8m3H//5bptLYU=,9W5AUj76Qgm9BgMWifpORzpEd1I=
-11,15,OdM9MiWYJ83PhO8m3H//5bptLYU=,+giPFrulKP2RX++oW41MiarIC0E=
-8,15,OdM9MiWYJ83PhO8m3H//5bptLYU=,GPuauHUiKTaZaDwj7efC2zvhdO4=
-13,12,JIeBsJX4ucAyYOoLlHjUvwVhhb4=,Smq5ZhAyjEJAmNOSO/N0eoZTX+8=
-9,15,JIeBsJX4ucAyYOoLlHjUvwVhhb4=,lEcAzw5oTYprIHEVe2pJrFqFMkc=
-13,11,JIeBsJX4ucAyYOoLlHjUvwVhhb4=,EgUgwBnk/zaDguJUpukMq6Dna3U=
-12,11,JIeBsJX4ucAyYOoLlHjUvwVhhb4=,x9xmrPL540FPA+S9Kow8eO5lHFY=
-12,12,JIeBsJX4ucAyYOoLlHjUvwVhhb4=,TDSU8gWoqtb0vQHwRFgaBke9X7A=
-13,14,JIeBsJX4ucAyYOoLlHjUvwVhhb4=,pPiua9Dqjwq+nd+x/OFIaXPJb0g=
-12,13,JIeBsJX4ucAyYOoLlHjUvwVhhb4=,TDSU8gWoqtb0vQHwRFgaBke9X7A=
-12,14,JIeBsJX4ucAyYOoLlHjUvwVhhb4=,+giPFrulKP2RX++oW41MiarIC0E=
-13,13,JIeBsJX4ucAyYOoLlHjUvwVhhb4=,Smq5ZhAyjEJAmNOSO/N0eoZTX+8=
-14,13,JIeBsJX4ucAyYOoLlHjUvwVhhb4=,Smq5ZhAyjEJAmNOSO/N0eoZTX+8=
-15,14,JIeBsJX4ucAyYOoLlHjUvwVhhb4=,qMct0KfH4XsryWncyzSYjofvpf8=
-14,14,JIeBsJX4ucAyYOoLlHjUvwVhhb4=,pPiua9Dqjwq+nd+x/OFIaXPJb0g=
-15,13,JIeBsJX4ucAyYOoLlHjUvwVhhb4=,l6PGUQ4KjzVPfGn9Zj1sQo3/AEg=
-14,10,JIeBsJX4ucAyYOoLlHjUvwVhhb4=,EgUgwBnk/zaDguJUpukMq6Dna3U=
-14,12,JIeBsJX4ucAyYOoLlHjUvwVhhb4=,Smq5ZhAyjEJAmNOSO/N0eoZTX+8=
-15,9,JIeBsJX4ucAyYOoLlHjUvwVhhb4=,O5LuJjM8NLg32Aaa5QSknDo7wXw=
-15,10,JIeBsJX4ucAyYOoLlHjUvwVhhb4=,0lIcOX7H2VY686VurMfGtjG5mwg=
-14,9,JIeBsJX4ucAyYOoLlHjUvwVhhb4=,bT3z8nmuobmkl2oPY3j24pa4m8k=
-15,12,JIeBsJX4ucAyYOoLlHjUvwVhhb4=,l6PGUQ4KjzVPfGn9Zj1sQo3/AEg=
-14,11,JIeBsJX4ucAyYOoLlHjUvwVhhb4=,EgUgwBnk/zaDguJUpukMq6Dna3U=
-15,11,JIeBsJX4ucAyYOoLlHjUvwVhhb4=,0lIcOX7H2VY686VurMfGtjG5mwg=
-15,8,JIeBsJX4ucAyYOoLlHjUvwVhhb4=,O5LuJjM8NLg32Aaa5QSknDo7wXw=
-12,7,JIeBsJX4ucAyYOoLlHjUvwVhhb4=,0BzQ8z/NdmbYtoVfcXtVRIa3A/E=
-12,6,JIeBsJX4ucAyYOoLlHjUvwVhhb4=,0BzQ8z/NdmbYtoVfcXtVRIa3A/E=
-14,8,JIeBsJX4ucAyYOoLlHjUvwVhhb4=,bT3z8nmuobmkl2oPY3j24pa4m8k=
-12,3,JIeBsJX4ucAyYOoLlHjUvwVhhb4=,GEsDL/qay81OcKxwF9P0CGyLWw4=
-13,8,JIeBsJX4ucAyYOoLlHjUvwVhhb4=,bT3z8nmuobmkl2oPY3j24pa4m8k=
-15,7,JIeBsJX4ucAyYOoLlHjUvwVhhb4=,+ZbLjk3sLGT97iT0IaoaFMR9HZg=
-13,5,JIeBsJX4ucAyYOoLlHjUvwVhhb4=,eWVMiKG/IX0tNbPAhxv6yP0UxDo=
-14,5,JIeBsJX4ucAyYOoLlHjUvwVhhb4=,eWVMiKG/IX0tNbPAhxv6yP0UxDo=
-15,5,JIeBsJX4ucAyYOoLlHjUvwVhhb4=,Nhv/d5TGVRQ7eH3GU/x2Os11pzI=
-15,6,zPOl1Q/GtqJKVkYLTDEw25Rga6E=,+ZbLjk3sLGT97iT0IaoaFMR9HZg=
-13,6,zPOl1Q/GtqJKVkYLTDEw25Rga6E=,FxlNGZ7bwQQfelYUGuNEQtLeSZo=
-13,4,zPOl1Q/GtqJKVkYLTDEw25Rga6E=,eWVMiKG/IX0tNbPAhxv6yP0UxDo=
-12,8,zPOl1Q/GtqJKVkYLTDEw25Rga6E=,EDU+3ZCy63i/Ayq3GAM16itYa0s=
-13,7,zPOl1Q/GtqJKVkYLTDEw25Rga6E=,FxlNGZ7bwQQfelYUGuNEQtLeSZo=
-14,6,zPOl1Q/GtqJKVkYLTDEw25Rga6E=,FxlNGZ7bwQQfelYUGuNEQtLeSZo=
-14,7,zPOl1Q/GtqJKVkYLTDEw25Rga6E=,FxlNGZ7bwQQfelYUGuNEQtLeSZo=
-12,4,zPOl1Q/GtqJKVkYLTDEw25Rga6E=,Zns+w67oi+O31apKlhHq/AXa2bs=
-14,4,zPOl1Q/GtqJKVkYLTDEw25Rga6E=,eWVMiKG/IX0tNbPAhxv6yP0UxDo=
-12,2,zPOl1Q/GtqJKVkYLTDEw25Rga6E=,GEsDL/qay81OcKxwF9P0CGyLWw4=
-12,5,zPOl1Q/GtqJKVkYLTDEw25Rga6E=,Zns+w67oi+O31apKlhHq/AXa2bs=
-15,4,zPOl1Q/GtqJKVkYLTDEw25Rga6E=,Nhv/d5TGVRQ7eH3GU/x2Os11pzI=
-12,1,zPOl1Q/GtqJKVkYLTDEw25Rga6E=,c5uPXntlL6FEULmdVXnvJMVZukU=
-13,3,zPOl1Q/GtqJKVkYLTDEw25Rga6E=,WOJ+Eiuw3Je1t7j2/Mvm1yS0S5A=
-14,3,zPOl1Q/GtqJKVkYLTDEw25Rga6E=,WOJ+Eiuw3Je1t7j2/Mvm1yS0S5A=
-13,2,zPOl1Q/GtqJKVkYLTDEw25Rga6E=,WOJ+Eiuw3Je1t7j2/Mvm1yS0S5A=
-14,2,zPOl1Q/GtqJKVkYLTDEw25Rga6E=,WOJ+Eiuw3Je1t7j2/Mvm1yS0S5A=
-15,3,zPOl1Q/GtqJKVkYLTDEw25Rga6E=,XCHdI5fyMhMtol8DR+PQvTRLDuw=
-14,15,zPOl1Q/GtqJKVkYLTDEw25Rga6E=,pPiua9Dqjwq+nd+x/OFIaXPJb0g=
-16,2,zPOl1Q/GtqJKVkYLTDEw25Rga6E=,XCHdI5fyMhMtol8DR+PQvTRLDuw=
-1,15,zPOl1Q/GtqJKVkYLTDEw25Rga6E=,qIRFnvI+zz+zD4Cwe8tUbDCMfyU=
-15,2,zPOl1Q/GtqJKVkYLTDEw25Rga6E=,XCHdI5fyMhMtol8DR+PQvTRLDuw=
-16,15,zPOl1Q/GtqJKVkYLTDEw25Rga6E=,qMct0KfH4XsryWncyzSYjofvpf8=
-15,15,zPOl1Q/GtqJKVkYLTDEw25Rga6E=,qMct0KfH4XsryWncyzSYjofvpf8=
-16,14,zPOl1Q/GtqJKVkYLTDEw25Rga6E=,qMct0KfH4XsryWncyzSYjofvpf8=
-14,1,zPOl1Q/GtqJKVkYLTDEw25Rga6E=,4Gve3ONTPCGkrdhFKXYBQjWMaz4=
-13,15,zPOl1Q/GtqJKVkYLTDEw25Rga6E=,pPiua9Dqjwq+nd+x/OFIaXPJb0g=
-12,15,zPOl1Q/GtqJKVkYLTDEw25Rga6E=,+giPFrulKP2RX++oW41MiarIC0E=
-16,12,zPOl1Q/GtqJKVkYLTDEw25Rga6E=,l6PGUQ4KjzVPfGn9Zj1sQo3/AEg=
-14,0,zPOl1Q/GtqJKVkYLTDEw25Rga6E=,4Gve3ONTPCGkrdhFKXYBQjWMaz4=
-13,1,zPOl1Q/GtqJKVkYLTDEw25Rga6E=,4Gve3ONTPCGkrdhFKXYBQjWMaz4=
-16,13,zPOl1Q/GtqJKVkYLTDEw25Rga6E=,l6PGUQ4KjzVPfGn9Zj1sQo3/AEg=
-16,11,zPOl1Q/GtqJKVkYLTDEw25Rga6E=,0lIcOX7H2VY686VurMfGtjG5mwg=
-15,1,zPOl1Q/GtqJKVkYLTDEw25Rga6E=,DSPP1c0/ZGC/hFeDgfyLgHfVP9M=
-16,10,zPOl1Q/GtqJKVkYLTDEw25Rga6E=,0lIcOX7H2VY686VurMfGtjG5mwg=
-16,6,zPOl1Q/GtqJKVkYLTDEw25Rga6E=,+ZbLjk3sLGT97iT0IaoaFMR9HZg=
-16,8,zPOl1Q/GtqJKVkYLTDEw25Rga6E=,O5LuJjM8NLg32Aaa5QSknDo7wXw=
-3,0,zPOl1Q/GtqJKVkYLTDEw25Rga6E=,SNPLcQGB3oZ/yBpVYHMWZPDUl98=
-16,7,zPOl1Q/GtqJKVkYLTDEw25Rga6E=,+ZbLjk3sLGT97iT0IaoaFMR9HZg=
-5,0,zPOl1Q/GtqJKVkYLTDEw25Rga6E=,WJAEuW3uYVwdhUGTVzitu+vuxUE=
-2,0,zPOl1Q/GtqJKVkYLTDEw25Rga6E=,Bzrb59QPoLKCSl6mq/F5GXUwMZs=
-4,0,zPOl1Q/GtqJKVkYLTDEw25Rga6E=,SNPLcQGB3oZ/yBpVYHMWZPDUl98=
-16,3,zPOl1Q/GtqJKVkYLTDEw25Rga6E=,XCHdI5fyMhMtol8DR+PQvTRLDuw=
-6,0,zPOl1Q/GtqJKVkYLTDEw25Rga6E=,WJAEuW3uYVwdhUGTVzitu+vuxUE=
-8,0,zPOl1Q/GtqJKVkYLTDEw25Rga6E=,B1fqMgXBNPF6dne2wMkaH6YtYxI=
-16,5,zPOl1Q/GtqJKVkYLTDEw25Rga6E=,Nhv/d5TGVRQ7eH3GU/x2Os11pzI=
-16,9,zPOl1Q/GtqJKVkYLTDEw25Rga6E=,O5LuJjM8NLg32Aaa5QSknDo7wXw=
-7,0,zPOl1Q/GtqJKVkYLTDEw25Rga6E=,B1fqMgXBNPF6dne2wMkaH6YtYxI=
-16,0,zPOl1Q/GtqJKVkYLTDEw25Rga6E=,DSPP1c0/ZGC/hFeDgfyLgHfVP9M=
-16,1,zPOl1Q/GtqJKVkYLTDEw25Rga6E=,DSPP1c0/ZGC/hFeDgfyLgHfVP9M=
-1,0,zPOl1Q/GtqJKVkYLTDEw25Rga6E=,Bzrb59QPoLKCSl6mq/F5GXUwMZs=
-9,0,zPOl1Q/GtqJKVkYLTDEw25Rga6E=,MOBNEg3H6P9voedS5JexKnylX4I=
-11,0,zPOl1Q/GtqJKVkYLTDEw25Rga6E=,c5uPXntlL6FEULmdVXnvJMVZukU=
-10,0,zPOl1Q/GtqJKVkYLTDEw25Rga6E=,MOBNEg3H6P9voedS5JexKnylX4I=
-15,0,zPOl1Q/GtqJKVkYLTDEw25Rga6E=,DSPP1c0/ZGC/hFeDgfyLgHfVP9M=
-16,4,zPOl1Q/GtqJKVkYLTDEw25Rga6E=,Nhv/d5TGVRQ7eH3GU/x2Os11pzI=
-12,0,zPOl1Q/GtqJKVkYLTDEw25Rga6E=,c5uPXntlL6FEULmdVXnvJMVZukU=
-13,0,zPOl1Q/GtqJKVkYLTDEw25Rga6E=,4Gve3ONTPCGkrdhFKXYBQjWMaz4=
