-15,-7,LZiQ8JcRGQgzhFVzg4uAORZzZCM=,fLQ54fd1U1TAJVt+W+x0I31KsJM=
-14,-6,LZiQ8JcRGQgzhFVzg4uAORZzZCM=,5UYDwThMkUSfCkmVIfJziEsmmow=
-14,-7,LZiQ8JcRGQgzhFVzg4uAORZzZCM=,sNBjjPm7KxXjubIkdGTELItcRSA=
-15,-6,LZiQ8JcRGQgzhFVzg4uAORZzZCM=,fuGAAruhwydbF59Ktv/mKvWBSAU=
-12,-6,LZiQ8JcRGQgzhFVzg4uAORZzZCM=,RBY0E6bCPjz2V3Kw0fX+NSh0KTM=
-13,-6,LZiQ8JcRGQgzhFVzg4uAORZzZCM=,5UYDwThMkUSfCkmVIfJziEsmmow=
-12,-9,LZiQ8JcRGQgzhFVzg4uAORZzZCM=,3pp9fwrx8stzQy2oKIVac1I8k9Y=
-13,-7,LZiQ8JcRGQgzhFVzg4uAORZzZCM=,sNBjjPm7KxXjubIkdGTELItcRSA=
-12,-7,LZiQ8JcRGQgzhFVzg4uAORZzZCM=,hIdlRPeaGUZSEm3NN2f7YoE6YAs=
-12,-8,LZiQ8JcRGQgzhFVzg4uAORZzZCM=,hIdlRPeaGUZSEm3NN2f7YoE6YAs=
-13,-8,LZiQ8JcRGQgzhFVzg4uAORZzZCM=,sNBjjPm7KxXjubIkdGTELItcRSA=
-13,-9,LZiQ8JcRGQgzhFVzg4uAORZzZCM=,OU1KJdEzuWOr3Uy/DDFVMQn+eLs=
-13,-11,OrY5+KtbqYBw/AZ/xatdpj8zO+M=,zJjUOr3V5qiTyoYGuIOVXiKaDU0=
-12,-11,OrY5+KtbqYBw/AZ/xatdpj8zO+M=,zyFlgm1iiAulz5yeNsoW1SJVMNw=
-12,-10,OrY5+KtbqYBw/AZ/xatdpj8zO+M=,3pp9fwrx8stzQy2oKIVac1I8k9Y=
-12,-12,OrY5+KtbqYBw/AZ/xatdpj8zO+M=,zyFlgm1iiAulz5yeNsoW1SJVMNw=
-14,-12,OrY5+KtbqYBw/AZ/xatdpj8zO+M=,zJjUOr3V5qiTyoYGuIOVXiKaDU0=
-13,-10,OrY5+KtbqYBw/AZ/xatdpj8zO+M=,OU1KJdEzuWOr3Uy/DDFVMQn+eLs=
-15,-12,OrY5+KtbqYBw/AZ/xatdpj8zO+M=,fQga4pDdioFoqVC+LvfWAwYjPdM=
-12,-14,OrY5+KtbqYBw/AZ/xatdpj8zO+M=,chlcCP8sBLk9nSfgFPOcCMrOXbk=
-12,-15,OrY5+KtbqYBw/AZ/xatdpj8zO+M=,hPetDhn7sGJ55WyTSS7TCv8yUFU=
-13,-12,OrY5+KtbqYBw/AZ/xatdpj8zO+M=,zJjUOr3V5qiTyoYGuIOVXiKaDU0=
-15,-13,OrY5+KtbqYBw/AZ/xatdpj8zO+M=,LF30XLaYRBj9dfIX6NG1GV4uSC4=
-12,-13,OrY5+KtbqYBw/AZ/xatdpj8zO+M=,chlcCP8sBLk9nSfgFPOcCMrOXbk=
-13,-14,OrY5+KtbqYBw/AZ/xatdpj8zO+M=,ezzvm1ZkbnqBCUZTvBqyFwG5wUs=
-13,-15,OrY5+KtbqYBw/AZ/xatdpj8zO+M=,6qEi0XCxagLzG1I64FhgvhCchIo=
-13,-13,OrY5+KtbqYBw/AZ/xatdpj8zO+M=,ezzvm1ZkbnqBCUZTvBqyFwG5wUs=
-14,-13,OrY5+KtbqYBw/AZ/xatdpj8zO+M=,ezzvm1ZkbnqBCUZTvBqyFwG5wUs=
-14,-14,OrY5+KtbqYBw/AZ/xatdpj8zO+M=,ezzvm1ZkbnqBCUZTvBqyFwG5wUs=
-15,-14,OrY5+KtbqYBw/AZ/xatdpj8zO+M=,LF30XLaYRBj9dfIX6NG1GV4uSC4=
-14,-15,OrY5+KtbqYBw/AZ/xatdpj8zO+M=,6qEi0XCxagLzG1I64FhgvhCchIo=
-15,-15,OrY5+KtbqYBw/AZ/xatdpj8zO+M=,YNKloOTu7JrfqR+snCA1gwsIpM8=
-15,-16,OrY5+KtbqYBw/AZ/xatdpj8zO+M=,YNKloOTu7JrfqR+snCA1gwsIpM8=
-14,-16,OrY5+KtbqYBw/AZ/xatdpj8zO+M=,6qEi0XCxagLzG1I64FhgvhCchIo=
-11,-15,k/LcFGPUi3ORib1wifVszZCVxck=,hPetDhn7sGJ55WyTSS7TCv8yUFU=
-11,-14,k/LcFGPUi3ORib1wifVszZCVxck=,chlcCP8sBLk9nSfgFPOcCMrOXbk=
-12,-16,k/LcFGPUi3ORib1wifVszZCVxck=,hPetDhn7sGJ55WyTSS7TCv8yUFU=
-10,-15,k/LcFGPUi3ORib1wifVszZCVxck=,XMVSFpTURLBfme8aVgok3UMR2pg=
-10,-14,k/LcFGPUi3ORib1wifVszZCVxck=,Wzd3jclnuDBO0coGm6vsSl9npeU=
-13,-16,k/LcFGPUi3ORib1wifVszZCVxck=,6qEi0XCxagLzG1I64FhgvhCchIo=
-8,-14,k/LcFGPUi3ORib1wifVszZCVxck=,4++pbbhNWQnXdfr4vMEOagrdDd4=
-9,-14,k/LcFGPUi3ORib1wifVszZCVxck=,Wzd3jclnuDBO0coGm6vsSl9npeU=
-8,-15,k/LcFGPUi3ORib1wifVszZCVxck=,mD1bTEfk6PL37yGqjc+unkj1gvs=
-9,-15,k/LcFGPUi3ORib1wifVszZCVxck=,XMVSFpTURLBfme8aVgok3UMR2pg=
-7,-15,k/LcFGPUi3ORib1wifVszZCVxck=,mD1bTEfk6PL37yGqjc+unkj1gvs=
-6,-14,k/LcFGPUi3ORib1wifVszZCVxck=,ushcPErAz+SA+n7uC0fOJyxZG1I=
-7,-14,k/LcFGPUi3ORib1wifVszZCVxck=,4++pbbhNWQnXdfr4vMEOagrdDd4=
-6,-15,k/LcFGPUi3ORib1wifVszZCVxck=,lEt7mx10G1gUcvysANGCAuLc1Ew=
-6,-13,hDKndcTCIXVJTKqIKhm7AC5+roA=,ushcPErAz+SA+n7uC0fOJyxZG1I=
-7,-12,hDKndcTCIXVJTKqIKhm7AC5+roA=,CXmDIJjsgodSqDSOUpSEFZM1ZPU=
-7,-13,hDKndcTCIXVJTKqIKhm7AC5+roA=,4++pbbhNWQnXdfr4vMEOagrdDd4=
-6,-12,hDKndcTCIXVJTKqIKhm7AC5+roA=,FrMwH6r3ewrwnJe06L20Yye3HSI=
-7,-10,hDKndcTCIXVJTKqIKhm7AC5+roA=,xlM1wKWTWD4mh71Tb4+Zb/b/Kts=
-6,-10,hDKndcTCIXVJTKqIKhm7AC5+roA=,iwquZAAExHT+xzW579effZpOcYA=
-5,-11,hDKndcTCIXVJTKqIKhm7AC5+roA=,FrMwH6r3ewrwnJe06L20Yye3HSI=
-4,-10,hDKndcTCIXVJTKqIKhm7AC5+roA=,uZUvqzdINU7X56GnvkGycRXm83g=
-5,-10,hDKndcTCIXVJTKqIKhm7AC5+roA=,iwquZAAExHT+xzW579effZpOcYA=
-4,-11,hDKndcTCIXVJTKqIKhm7AC5+roA=,4tqEluutermEMKezH2BnmzHOeLs=
-6,-11,hDKndcTCIXVJTKqIKhm7AC5+roA=,FrMwH6r3ewrwnJe06L20Yye3HSI=
-7,-11,hDKndcTCIXVJTKqIKhm7AC5+roA=,CXmDIJjsgodSqDSOUpSEFZM1ZPU=
-5,-9,hDKndcTCIXVJTKqIKhm7AC5+roA=,iwquZAAExHT+xzW579effZpOcYA=
-4,-8,hDKndcTCIXVJTKqIKhm7AC5+roA=,qjXCoKg98/Sjg7+os7RYSM9moRw=
-5,-8,hDKndcTCIXVJTKqIKhm7AC5+roA=,Zu3NqQxB8i+oMWFEBPGnHbSAi2U=
-4,-9,hDKndcTCIXVJTKqIKhm7AC5+roA=,uZUvqzdINU7X56GnvkGycRXm83g=
-2,-10,hDKndcTCIXVJTKqIKhm7AC5+roA=,F11TsZndUz1yEd7cOOdzVfjMWUI=
-2,-11,hDKndcTCIXVJTKqIKhm7AC5+roA=,BIZl7MS+ik90LqVLycSJKc8k4V4=
-3,-10,hDKndcTCIXVJTKqIKhm7AC5+roA=,uZUvqzdINU7X56GnvkGycRXm83g=
-3,-8,hDKndcTCIXVJTKqIKhm7AC5+roA=,qjXCoKg98/Sjg7+os7RYSM9moRw=
-3,-11,hDKndcTCIXVJTKqIKhm7AC5+roA=,4tqEluutermEMKezH2BnmzHOeLs=
-3,-7,aGBpyce9bHrg66mLAFZxiTNTcAA=,qjXCoKg98/Sjg7+os7RYSM9moRw=
-3,-6,aGBpyce9bHrg66mLAFZxiTNTcAA=,Jg4SF5zqHJrFX5JyUSScfmkrNMY=
-2,-6,aGBpyce9bHrg66mLAFZxiTNTcAA=,YUarjRHOEioAoNV1J6vC3En9AYw=
-2,-9,aGBpyce9bHrg66mLAFZxiTNTcAA=,F11TsZndUz1yEd7cOOdzVfjMWUI=
-3,-9,aGBpyce9bHrg66mLAFZxiTNTcAA=,uZUvqzdINU7X56GnvkGycRXm83g=
-2,-7,aGBpyce9bHrg66mLAFZxiTNTcAA=,co1WS1CR4dlsauVrfJouPClDewQ=
-3,-4,aGBpyce9bHrg66mLAFZxiTNTcAA=,qs8byTSI+QQSE4fjl9NFErYYtvo=
-2,-8,aGBpyce9bHrg66mLAFZxiTNTcAA=,co1WS1CR4dlsauVrfJouPClDewQ=
-3,-5,aGBpyce9bHrg66mLAFZxiTNTcAA=,Jg4SF5zqHJrFX5JyUSScfmkrNMY=
-2,-5,aGBpyce9bHrg66mLAFZxiTNTcAA=,YUarjRHOEioAoNV1J6vC3En9AYw=
-2,-4,aGBpyce9bHrg66mLAFZxiTNTcAA=,/dc6NIV5lUwd5nhkG2OY6/pqk3A=
-4,-2,aGBpyce9bHrg66mLAFZxiTNTcAA=,jboye4FIBuvGnHz4w4pd7Gw6oZ4=
-5,-2,aGBpyce9bHrg66mLAFZxiTNTcAA=,mmRB9uHh5erJs1qjEmE9jIYqg8E=
-4,-3,aGBpyce9bHrg66mLAFZxiTNTcAA=,qs8byTSI+QQSE4fjl9NFErYYtvo=
-5,-3,aGBpyce9bHrg66mLAFZxiTNTcAA=,gfFO9NdDA7Vkp56NgDlsHO44ZtM=
-7,-3,aGBpyce9bHrg66mLAFZxiTNTcAA=,PiWhg/U7T/udZnq8FQiqw+Eff1k=
-6,-3,aGBpyce9bHrg66mLAFZxiTNTcAA=,gfFO9NdDA7Vkp56NgDlsHO44ZtM=
-7,-2,aGBpyce9bHrg66mLAFZxiTNTcAA=,djtyuytFZFZWpVNLQiU+SS8ppzE=
-6,-2,aGBpyce9bHrg66mLAFZxiTNTcAA=,mmRB9uHh5erJs1qjEmE9jIYqg8E=
-9,-4,++XaF5GYFOecGOJ3DkNatCdLRvE=,lTQrcINM5tpCahlrGvHcsyExQ64=
-8,-5,++XaF5GYFOecGOJ3DkNatCdLRvE=,tt2wZCo6tg25qtpNQygs3/3cAtc=
-8,-3,++XaF5GYFOecGOJ3DkNatCdLRvE=,PiWhg/U7T/udZnq8FQiqw+Eff1k=
-10,-4,++XaF5GYFOecGOJ3DkNatCdLRvE=,lTQrcINM5tpCahlrGvHcsyExQ64=
-8,-4,++XaF5GYFOecGOJ3DkNatCdLRvE=,PiWhg/U7T/udZnq8FQiqw+Eff1k=
-10,-5,++XaF5GYFOecGOJ3DkNatCdLRvE=,O6zVoXjF017dCsk2yZ0qvx26uBU=
-9,-5,++XaF5GYFOecGOJ3DkNatCdLRvE=,O6zVoXjF017dCsk2yZ0qvx26uBU=
-11,-5,++XaF5GYFOecGOJ3DkNatCdLRvE=,RBY0E6bCPjz2V3Kw0fX+NSh0KTM=
-9,-3,++XaF5GYFOecGOJ3DkNatCdLRvE=,lTQrcINM5tpCahlrGvHcsyExQ64=
-11,-4,++XaF5GYFOecGOJ3DkNatCdLRvE=,HPrMS7r45TzAMZye+9jUe6KBe7w=
-10,-3,++XaF5GYFOecGOJ3DkNatCdLRvE=,lTQrcINM5tpCahlrGvHcsyExQ64=
-11,-2,++XaF5GYFOecGOJ3DkNatCdLRvE=,IOchlLIE1/TbPwPXDqTKh+wzyEQ=
-10,-2,++XaF5GYFOecGOJ3DkNatCdLRvE=,r0jDuS73X1Rel8PoJzhrZxLMfH4=
-11,-3,++XaF5GYFOecGOJ3DkNatCdLRvE=,HPrMS7r45TzAMZye+9jUe6KBe7w=
-9,-2,++XaF5GYFOecGOJ3DkNatCdLRvE=,r0jDuS73X1Rel8PoJzhrZxLMfH4=
-8,-2,++XaF5GYFOecGOJ3DkNatCdLRvE=,djtyuytFZFZWpVNLQiU+SS8ppzE=
-12,-4,++XaF5GYFOecGOJ3DkNatCdLRvE=,HPrMS7r45TzAMZye+9jUe6KBe7w=
-13,-3,++XaF5GYFOecGOJ3DkNatCdLRvE=,uc0a6JNa/gMkkehv6kJ51TRBFgQ=
-13,-2,N9Kcw5EJhjakCldShuR6wDlKTf8=,azjTdhZKi+92fPTqnZ2Fr+oevk0=
-15,-4,N9Kcw5EJhjakCldShuR6wDlKTf8=,dspsXmINy12gMkDGi3U7wDEQE6w=
-14,-3,N9Kcw5EJhjakCldShuR6wDlKTf8=,uc0a6JNa/gMkkehv6kJ51TRBFgQ=
-13,-4,N9Kcw5EJhjakCldShuR6wDlKTf8=,uc0a6JNa/gMkkehv6kJ51TRBFgQ=
-14,-4,N9Kcw5EJhjakCldShuR6wDlKTf8=,uc0a6JNa/gMkkehv6kJ51TRBFgQ=
-12,-3,N9Kcw5EJhjakCldShuR6wDlKTf8=,HPrMS7r45TzAMZye+9jUe6KBe7w=
-14,-5,N9Kcw5EJhjakCldShuR6wDlKTf8=,5UYDwThMkUSfCkmVIfJziEsmmow=
-15,-2,N9Kcw5EJhjakCldShuR6wDlKTf8=,UHDpWN0Ajn6z8ztFaCZqbDWi7Dw=
-13,-5,N9Kcw5EJhjakCldShuR6wDlKTf8=,5UYDwThMkUSfCkmVIfJziEsmmow=
-14,-2,N9Kcw5EJhjakCldShuR6wDlKTf8=,azjTdhZKi+92fPTqnZ2Fr+oevk0=
-15,-3,N9Kcw5EJhjakCldShuR6wDlKTf8=,dspsXmINy12gMkDGi3U7wDEQE6w=
-15,-1,N9Kcw5EJhjakCldShuR6wDlKTf8=,UHDpWN0Ajn6z8ztFaCZqbDWi7Dw=
-14,-1,N9Kcw5EJhjakCldShuR6wDlKTf8=,azjTdhZKi+92fPTqnZ2Fr+oevk0=
-12,-5,N9Kcw5EJhjakCldShuR6wDlKTf8=,RBY0E6bCPjz2V3Kw0fX+NSh0KTM=
-16,-2,N9Kcw5EJhjakCldShuR6wDlKTf8=,UHDpWN0Ajn6z8ztFaCZqbDWi7Dw=
-12,-2,N9Kcw5EJhjakCldShuR6wDlKTf8=,IOchlLIE1/TbPwPXDqTKh+wzyEQ=
-16,-1,N9Kcw5EJhjakCldShuR6wDlKTf8=,UHDpWN0Ajn6z8ztFaCZqbDWi7Dw=
-16,-3,N9Kcw5EJhjakCldShuR6wDlKTf8=,dspsXmINy12gMkDGi3U7wDEQE6w=
-15,-5,N9Kcw5EJhjakCldShuR6wDlKTf8=,fuGAAruhwydbF59Ktv/mKvWBSAU=
-6,-1,N9Kcw5EJhjakCldShuR6wDlKTf8=,mmRB9uHh5erJs1qjEmE9jIYqg8E=
-5,-1,N9Kcw5EJhjakCldShuR6wDlKTf8=,mmRB9uHh5erJs1qjEmE9jIYqg8E=
-13,-1,N9Kcw5EJhjakCldShuR6wDlKTf8=,azjTdhZKi+92fPTqnZ2Fr+oevk0=
-8,-1,N9Kcw5EJhjakCldShuR6wDlKTf8=,djtyuytFZFZWpVNLQiU+SS8ppzE=
-11,-1,N9Kcw5EJhjakCldShuR6wDlKTf8=,IOchlLIE1/TbPwPXDqTKh+wzyEQ=
-10,-1,N9Kcw5EJhjakCldShuR6wDlKTf8=,r0jDuS73X1Rel8PoJzhrZxLMfH4=
-4,-1,N9Kcw5EJhjakCldShuR6wDlKTf8=,jboye4FIBuvGnHz4w4pd7Gw6oZ4=
-9,-1,Z6EF5n3ExPHd7eck/kw8k+oOlg0=,r0jDuS73X1Rel8PoJzhrZxLMfH4=
-3,-3,Z6EF5n3ExPHd7eck/kw8k+oOlg0=,qs8byTSI+QQSE4fjl9NFErYYtvo=
-7,-1,Z6EF5n3ExPHd7eck/kw8k+oOlg0=,djtyuytFZFZWpVNLQiU+SS8ppzE=
-12,-1,Z6EF5n3ExPHd7eck/kw8k+oOlg0=,IOchlLIE1/TbPwPXDqTKh+wzyEQ=
-3,-1,Z6EF5n3ExPHd7eck/kw8k+oOlg0=,jboye4FIBuvGnHz4w4pd7Gw6oZ4=
-3,-2,Z6EF5n3ExPHd7eck/kw8k+oOlg0=,jboye4FIBuvGnHz4w4pd7Gw6oZ4=
-1,-3,Z6EF5n3ExPHd7eck/kw8k+oOlg0=,/dc6NIV5lUwd5nhkG2OY6/pqk3A=
-2,-3,Z6EF5n3ExPHd7eck/kw8k+oOlg0=,/dc6NIV5lUwd5nhkG2OY6/pqk3A=
-2,-2,Z6EF5n3ExPHd7eck/kw8k+oOlg0=,wftThCUAYjkemZPb2i/jYjfJiH8=
-1,-2,Z6EF5n3ExPHd7eck/kw8k+oOlg0=,wftThCUAYjkemZPb2i/jYjfJiH8=
-2,-1,Z6EF5n3ExPHd7eck/kw8k+oOlg0=,wftThCUAYjkemZPb2i/jYjfJiH8=
-1,-5,Z6EF5n3ExPHd7eck/kw8k+oOlg0=,YUarjRHOEioAoNV1J6vC3En9AYw=
-1,-4,Z6EF5n3ExPHd7eck/kw8k+oOlg0=,/dc6NIV5lUwd5nhkG2OY6/pqk3A=
-1,-6,Z6EF5n3ExPHd7eck/kw8k+oOlg0=,YUarjRHOEioAoNV1J6vC3En9AYw=
-1,-7,Z6EF5n3ExPHd7eck/kw8k+oOlg0=,co1WS1CR4dlsauVrfJouPClDewQ=
-1,-9,Z6EF5n3ExPHd7eck/kw8k+oOlg0=,F11TsZndUz1yEd7cOOdzVfjMWUI=
-1,-8,Z6EF5n3ExPHd7eck/kw8k+oOlg0=,co1WS1CR4dlsauVrfJouPClDewQ=
-1,-11,Z6EF5n3ExPHd7eck/kw8k+oOlg0=,BIZl7MS+ik90LqVLycSJKc8k4V4=
-1,-10,Z6EF5n3ExPHd7eck/kw8k+oOlg0=,F11TsZndUz1yEd7cOOdzVfjMWUI=
-4,-13,Z6EF5n3ExPHd7eck/kw8k+oOlg0=,lhZl+AH4kxPOdwcwr3TPIg2qVF0=
-5,-12,Z6EF5n3ExPHd7eck/kw8k+oOlg0=,FrMwH6r3ewrwnJe06L20Yye3HSI=
-5,-13,Z6EF5n3ExPHd7eck/kw8k+oOlg0=,ushcPErAz+SA+n7uC0fOJyxZG1I=
-5,-15,Z6EF5n3ExPHd7eck/kw8k+oOlg0=,lEt7mx10G1gUcvysANGCAuLc1Ew=
-4,-12,Z6EF5n3ExPHd7eck/kw8k+oOlg0=,4tqEluutermEMKezH2BnmzHOeLs=
-4,-15,fw+i8Lir7eEMfLb9jqQh9RqQSEo=,Tc0bpScmUbm2RCQN8qaPZzMBTVg=
-4,-14,fw+i8Lir7eEMfLb9jqQh9RqQSEo=,lhZl+AH4kxPOdwcwr3TPIg2qVF0=
-3,-13,fw+i8Lir7eEMfLb9jqQh9RqQSEo=,lhZl+AH4kxPOdwcwr3TPIg2qVF0=
-2,-12,fw+i8Lir7eEMfLb9jqQh9RqQSEo=,BIZl7MS+ik90LqVLycSJKc8k4V4=
-5,-14,fw+i8Lir7eEMfLb9jqQh9RqQSEo=,ushcPErAz+SA+n7uC0fOJyxZG1I=
-2,-13,fw+i8Lir7eEMfLb9jqQh9RqQSEo=,ccmUonibfG0BzDAn0IJzM7QOxRs=
-3,-12,fw+i8Lir7eEMfLb9jqQh9RqQSEo=,4tqEluutermEMKezH2BnmzHOeLs=
-2,-14,fw+i8Lir7eEMfLb9jqQh9RqQSEo=,ccmUonibfG0BzDAn0IJzM7QOxRs=
-1,-12,fw+i8Lir7eEMfLb9jqQh9RqQSEo=,BIZl7MS+ik90LqVLycSJKc8k4V4=
-3,-14,fw+i8Lir7eEMfLb9jqQh9RqQSEo=,lhZl+AH4kxPOdwcwr3TPIg2qVF0=
-3,-15,fw+i8Lir7eEMfLb9jqQh9RqQSEo=,Tc0bpScmUbm2RCQN8qaPZzMBTVg=
-2,-15,fw+i8Lir7eEMfLb9jqQh9RqQSEo=,7V/rf4bii/ApX9tI5/3aNpHIGcY=
-1,-13,fw+i8Lir7eEMfLb9jqQh9RqQSEo=,ccmUonibfG0BzDAn0IJzM7QOxRs=
-1,-16,fw+i8Lir7eEMfLb9jqQh9RqQSEo=,7V/rf4bii/ApX9tI5/3aNpHIGcY=
-1,-15,fw+i8Lir7eEMfLb9jqQh9RqQSEo=,7V/rf4bii/ApX9tI5/3aNpHIGcY=
-1,-14,fw+i8Lir7eEMfLb9jqQh9RqQSEo=,ccmUonibfG0BzDAn0IJzM7QOxRs=
-2,-16,fw+i8Lir7eEMfLb9jqQh9RqQSEo=,7V/rf4bii/ApX9tI5/3aNpHIGcY=
-3,-16,fw+i8Lir7eEMfLb9jqQh9RqQSEo=,Tc0bpScmUbm2RCQN8qaPZzMBTVg=
-4,-4,fw+i8Lir7eEMfLb9jqQh9RqQSEo=,qs8byTSI+QQSE4fjl9NFErYYtvo=
-6,-8,fw+i8Lir7eEMfLb9jqQh9RqQSEo=,Zu3NqQxB8i+oMWFEBPGnHbSAi2U=
-5,-4,fw+i8Lir7eEMfLb9jqQh9RqQSEo=,gfFO9NdDA7Vkp56NgDlsHO44ZtM=
-7,-4,fw+i8Lir7eEMfLb9jqQh9RqQSEo=,PiWhg/U7T/udZnq8FQiqw+Eff1k=
-6,-9,fw+i8Lir7eEMfLb9jqQh9RqQSEo=,iwquZAAExHT+xzW579effZpOcYA=
-4,-5,fw+i8Lir7eEMfLb9jqQh9RqQSEo=,Jg4SF5zqHJrFX5JyUSScfmkrNMY=
-4,-7,fw+i8Lir7eEMfLb9jqQh9RqQSEo=,qjXCoKg98/Sjg7+os7RYSM9moRw=
-7,-9,fw+i8Lir7eEMfLb9jqQh9RqQSEo=,xlM1wKWTWD4mh71Tb4+Zb/b/Kts=
-6,-7,fw+i8Lir7eEMfLb9jqQh9RqQSEo=,Zu3NqQxB8i+oMWFEBPGnHbSAi2U=
-6,-6,fw+i8Lir7eEMfLb9jqQh9RqQSEo=,bCMO1Va99HefdHwMQz4c5cHXgE4=
-6,-4,fw+i8Lir7eEMfLb9jqQh9RqQSEo=,gfFO9NdDA7Vkp56NgDlsHO44ZtM=
-7,-8,fw+i8Lir7eEMfLb9jqQh9RqQSEo=,t6ef9mh7h91Bsbe1ADbY8zSCqqY=
-7,-5,fw+i8Lir7eEMfLb9jqQh9RqQSEo=,tt2wZCo6tg25qtpNQygs3/3cAtc=
-5,-5,fw+i8Lir7eEMfLb9jqQh9RqQSEo=,bCMO1Va99HefdHwMQz4c5cHXgE4=
-5,-6,YDxaaZhzNZnH3PTBHUDaYuFDBzs=,bCMO1Va99HefdHwMQz4c5cHXgE4=
-5,-7,YDxaaZhzNZnH3PTBHUDaYuFDBzs=,Zu3NqQxB8i+oMWFEBPGnHbSAi2U=
-6,-5,YDxaaZhzNZnH3PTBHUDaYuFDBzs=,bCMO1Va99HefdHwMQz4c5cHXgE4=
-8,-8,YDxaaZhzNZnH3PTBHUDaYuFDBzs=,t6ef9mh7h91Bsbe1ADbY8zSCqqY=
-4,-6,YDxaaZhzNZnH3PTBHUDaYuFDBzs=,Jg4SF5zqHJrFX5JyUSScfmkrNMY=
-8,-13,YDxaaZhzNZnH3PTBHUDaYuFDBzs=,4++pbbhNWQnXdfr4vMEOagrdDd4=
-11,-9,YDxaaZhzNZnH3PTBHUDaYuFDBzs=,3pp9fwrx8stzQy2oKIVac1I8k9Y=
-7,-6,YDxaaZhzNZnH3PTBHUDaYuFDBzs=,tt2wZCo6tg25qtpNQygs3/3cAtc=
-8,-9,YDxaaZhzNZnH3PTBHUDaYuFDBzs=,xlM1wKWTWD4mh71Tb4+Zb/b/Kts=
-7,-7,YDxaaZhzNZnH3PTBHUDaYuFDBzs=,t6ef9mh7h91Bsbe1ADbY8zSCqqY=
-11,-10,YDxaaZhzNZnH3PTBHUDaYuFDBzs=,3pp9fwrx8stzQy2oKIVac1I8k9Y=
-10,-10,YDxaaZhzNZnH3PTBHUDaYuFDBzs=,vTMEIh6oQAyWeEI4f3xnQ4b8OaM=
-10,-9,YDxaaZhzNZnH3PTBHUDaYuFDBzs=,vTMEIh6oQAyWeEI4f3xnQ4b8OaM=
-9,-13,YDxaaZhzNZnH3PTBHUDaYuFDBzs=,Wzd3jclnuDBO0coGm6vsSl9npeU=
-8,-7,YDxaaZhzNZnH3PTBHUDaYuFDBzs=,t6ef9mh7h91Bsbe1ADbY8zSCqqY=
-14,-11,YDxaaZhzNZnH3PTBHUDaYuFDBzs=,zJjUOr3V5qiTyoYGuIOVXiKaDU0=
-9,-9,YDxaaZhzNZnH3PTBHUDaYuFDBzs=,vTMEIh6oQAyWeEI4f3xnQ4b8OaM=
-16,-11,YDxaaZhzNZnH3PTBHUDaYuFDBzs=,fQga4pDdioFoqVC+LvfWAwYjPdM=
-14,-10,YDxaaZhzNZnH3PTBHUDaYuFDBzs=,OU1KJdEzuWOr3Uy/DDFVMQn+eLs=
-8,-11,YDxaaZhzNZnH3PTBHUDaYuFDBzs=,CXmDIJjsgodSqDSOUpSEFZM1ZPU=
-16,-10,YDxaaZhzNZnH3PTBHUDaYuFDBzs=,9j7ToYa7dI1LSrE5kOTcH4y4o/4=
-9,-12,YDxaaZhzNZnH3PTBHUDaYuFDBzs=,VSzrMMZW9g6PX4ueLg+urz+H1x0=
-9,-10,YDxaaZhzNZnH3PTBHUDaYuFDBzs=,vTMEIh6oQAyWeEI4f3xnQ4b8OaM=
-15,-10,YDxaaZhzNZnH3PTBHUDaYuFDBzs=,9j7ToYa7dI1LSrE5kOTcH4y4o/4=
-14,-9,YDxaaZhzNZnH3PTBHUDaYuFDBzs=,OU1KJdEzuWOr3Uy/DDFVMQn+eLs=
-16,-9,YDxaaZhzNZnH3PTBHUDaYuFDBzs=,9j7ToYa7dI1LSrE5kOTcH4y4o/4=
-15,-9,YDxaaZhzNZnH3PTBHUDaYuFDBzs=,9j7ToYa7dI1LSrE5kOTcH4y4o/4=
-14,-8,YDxaaZhzNZnH3PTBHUDaYuFDBzs=,sNBjjPm7KxXjubIkdGTELItcRSA=
-8,-10,YDxaaZhzNZnH3PTBHUDaYuFDBzs=,xlM1wKWTWD4mh71Tb4+Zb/b/Kts=
-15,-11,YDxaaZhzNZnH3PTBHUDaYuFDBzs=,fQga4pDdioFoqVC+LvfWAwYjPdM=
-10,-11,YDxaaZhzNZnH3PTBHUDaYuFDBzs=,VSzrMMZW9g6PX4ueLg+urz+H1x0=
-15,-8,YDxaaZhzNZnH3PTBHUDaYuFDBzs=,fLQ54fd1U1TAJVt+W+x0I31KsJM=
-11,-12,YDxaaZhzNZnH3PTBHUDaYuFDBzs=,zyFlgm1iiAulz5yeNsoW1SJVMNw=
-10,-12,YDxaaZhzNZnH3PTBHUDaYuFDBzs=,VSzrMMZW9g6PX4ueLg+urz+H1x0=
-8,-12,YDxaaZhzNZnH3PTBHUDaYuFDBzs=,CXmDIJjsgodSqDSOUpSEFZM1ZPU=
-11,-11,YDxaaZhzNZnH3PTBHUDaYuFDBzs=,zyFlgm1iiAulz5yeNsoW1SJVMNw=
-11,-13,YDxaaZhzNZnH3PTBHUDaYuFDBzs=,chlcCP8sBLk9nSfgFPOcCMrOXbk=
-16,-8,YDxaaZhzNZnH3PTBHUDaYuFDBzs=,fLQ54fd1U1TAJVt+W+x0I31KsJM=
-16,-4,YDxaaZhzNZnH3PTBHUDaYuFDBzs=,dspsXmINy12gMkDGi3U7wDEQE6w=
-4,-16,YDxaaZhzNZnH3PTBHUDaYuFDBzs=,Tc0bpScmUbm2RCQN8qaPZzMBTVg=
-9,-11,YDxaaZhzNZnH3PTBHUDaYuFDBzs=,VSzrMMZW9g6PX4ueLg+urz+H1x0=
-16,-5,YDxaaZhzNZnH3PTBHUDaYuFDBzs=,fuGAAruhwydbF59Ktv/mKvWBSAU=
-16,-7,YDxaaZhzNZnH3PTBHUDaYuFDBzs=,fLQ54fd1U1TAJVt+W+x0I31KsJM=
-10,-13,YDxaaZhzNZnH3PTBHUDaYuFDBzs=,Wzd3jclnuDBO0coGm6vsSl9npeU=
-5,-16,YDxaaZhzNZnH3PTBHUDaYuFDBzs=,lEt7mx10G1gUcvysANGCAuLc1Ew=
-9,-6,YDxaaZhzNZnH3PTBHUDaYuFDBzs=,O6zVoXjF017dCsk2yZ0qvx26uBU=
-1,-1,YDxaaZhzNZnH3PTBHUDaYuFDBzs=,wftThCUAYjkemZPb2i/jYjfJiH8=
-10,-6,YDxaaZhzNZnH3PTBHUDaYuFDBzs=,O6zVoXjF017dCsk2yZ0qvx26uBU=
-8,-6,YDxaaZhzNZnH3PTBHUDaYuFDBzs=,tt2wZCo6tg25qtpNQygs3/3cAtc=
-11,-7,YDxaaZhzNZnH3PTBHUDaYuFDBzs=,hIdlRPeaGUZSEm3NN2f7YoE6YAs=
-7,-16,YDxaaZhzNZnH3PTBHUDaYuFDBzs=,mD1bTEfk6PL37yGqjc+unkj1gvs=
-8,-16,YDxaaZhzNZnH3PTBHUDaYuFDBzs=,mD1bTEfk6PL37yGqjc+unkj1gvs=
-16,-6,YDxaaZhzNZnH3PTBHUDaYuFDBzs=,fuGAAruhwydbF59Ktv/mKvWBSAU=
-10,-16,YDxaaZhzNZnH3PTBHUDaYuFDBzs=,XMVSFpTURLBfme8aVgok3UMR2pg=
-6,-16,YDxaaZhzNZnH3PTBHUDaYuFDBzs=,lEt7mx10G1gUcvysANGCAuLc1Ew=
-16,-16,YDxaaZhzNZnH3PTBHUDaYuFDBzs=,YNKloOTu7JrfqR+snCA1gwsIpM8=
-16,-14,YDxaaZhzNZnH3PTBHUDaYuFDBzs=,LF30XLaYRBj9dfIX6NG1GV4uSC4=
-16,-12,YDxaaZhzNZnH3PTBHUDaYuFDBzs=,fQga4pDdioFoqVC+LvfWAwYjPdM=
-16,-13,YDxaaZhzNZnH3PTBHUDaYuFDBzs=,LF30XLaYRBj9dfIX6NG1GV4uSC4=
-11,-8,YDxaaZhzNZnH3PTBHUDaYuFDBzs=,hIdlRPeaGUZSEm3NN2f7YoE6YAs=
-11,-16,YDxaaZhzNZnH3PTBHUDaYuFDBzs=,hPetDhn7sGJ55WyTSS7TCv8yUFU=
-16,-15,YDxaaZhzNZnH3PTBHUDaYuFDBzs=,YNKloOTu7JrfqR+snCA1gwsIpM8=
-9,-16,YDxaaZhzNZnH3PTBHUDaYuFDBzs=,XMVSFpTURLBfme8aVgok3UMR2pg=
-11,-6,YDxaaZhzNZnH3PTBHUDaYuFDBzs=,RBY0E6bCPjz2V3Kw0fX+NSh0KTM=
-9,-7,YDxaaZhzNZnH3PTBHUDaYuFDBzs=,M2XuYO68F7+X3QwmMs0PKyvmUwY=
-10,-7,YDxaaZhzNZnH3PTBHUDaYuFDBzs=,M2XuYO68F7+X3QwmMs0PKyvmUwY=
-10,-8,YDxaaZhzNZnH3PTBHUDaYuFDBzs=,M2XuYO68F7+X3QwmMs0PKyvmUwY=
-9,-8,YDxaaZhzNZnH3PTBHUDaYuFDBzs=,M2XuYO68F7+X3QwmMs0PKyvmUwY=
-15,-19,3QwdJUhgDzAXAroOCQQc+arhtw8=,3Ab8yRDps+x9gknAHoOfNGjSswg=
-14,-18,3QwdJUhgDzAXAroOCQQc+arhtw8=,c395amL4ImKz/JsmDIoJizoYcQI=
-15,-18,3QwdJUhgDzAXAroOCQQc+arhtw8=,Ya9jskFHtwk82/gkxvQcDxoopXg=
-14,-19,3QwdJUhgDzAXAroOCQQc+arhtw8=,5Ccq511nQ76juzg/OIZZF/nFH1Y=
-13,-18,3QwdJUhgDzAXAroOCQQc+arhtw8=,c395amL4ImKz/JsmDIoJizoYcQI=
-12,-18,3QwdJUhgDzAXAroOCQQc+arhtw8=,GflKiCMO3HTJq6Ni31cQOvzbqLY=
-12,-19,3QwdJUhgDzAXAroOCQQc+arhtw8=,S+bsKeyP0boNsYsO+dGp+aUUn8U=
-13,-19,3QwdJUhgDzAXAroOCQQc+arhtw8=,5Ccq511nQ76juzg/OIZZF/nFH1Y=
-13,-27,7UAKPdMplHyvq5NUqQW5+uoJikQ=,M0WbUTVwmJInFXV3z8LkaKQksWU=
-12,-26,7UAKPdMplHyvq5NUqQW5+uoJikQ=,AZ/ZBaDlmY9pdUq6j7TVCiCITE8=
-12,-27,7UAKPdMplHyvq5NUqQW5+uoJikQ=,ZbeTV6OVypBuKFXYquYb73oYw+k=
-13,-26,7UAKPdMplHyvq5NUqQW5+uoJikQ=,GAOMYKCE3G2thve+WiNZZW7u4jE=
-14,-27,7UAKPdMplHyvq5NUqQW5+uoJikQ=,M0WbUTVwmJInFXV3z8LkaKQksWU=
-14,-26,7UAKPdMplHyvq5NUqQW5+uoJikQ=,GAOMYKCE3G2thve+WiNZZW7u4jE=
-13,-25,7UAKPdMplHyvq5NUqQW5+uoJikQ=,GAOMYKCE3G2thve+WiNZZW7u4jE=
-15,-26,7UAKPdMplHyvq5NUqQW5+uoJikQ=,GF5raYFrEwWjllvLAvZdsoIQN6s=
-12,-24,7UAKPdMplHyvq5NUqQW5+uoJikQ=,d66q+PdkOLcvoDHzSQYqDOqmyow=
-15,-27,7UAKPdMplHyvq5NUqQW5+uoJikQ=,aO2IvPlWiR1yATxtISz1rCxbcXQ=
-12,-25,7UAKPdMplHyvq5NUqQW5+uoJikQ=,AZ/ZBaDlmY9pdUq6j7TVCiCITE8=
-13,-24,7UAKPdMplHyvq5NUqQW5+uoJikQ=,16gd+zppcn4992TrCwpkUdrIx40=
-15,-25,7UAKPdMplHyvq5NUqQW5+uoJikQ=,GF5raYFrEwWjllvLAvZdsoIQN6s=
-15,-24,7UAKPdMplHyvq5NUqQW5+uoJikQ=,39hF4ofChSwzaEM9jkVPFVVgbVw=
-14,-25,7UAKPdMplHyvq5NUqQW5+uoJikQ=,GAOMYKCE3G2thve+WiNZZW7u4jE=
-14,-24,ekvq7pAuhypbdlUKy54VBOCKe4U=,16gd+zppcn4992TrCwpkUdrIx40=
-12,-20,ekvq7pAuhypbdlUKy54VBOCKe4U=,S+bsKeyP0boNsYsO+dGp+aUUn8U=
-14,-20,ekvq7pAuhypbdlUKy54VBOCKe4U=,5Ccq511nQ76juzg/OIZZF/nFH1Y=
-16,-20,ekvq7pAuhypbdlUKy54VBOCKe4U=,3Ab8yRDps+x9gknAHoOfNGjSswg=
-13,-20,ekvq7pAuhypbdlUKy54VBOCKe4U=,5Ccq511nQ76juzg/OIZZF/nFH1Y=
-16,-17,ekvq7pAuhypbdlUKy54VBOCKe4U=,Ya9jskFHtwk82/gkxvQcDxoopXg=
-12,-22,ekvq7pAuhypbdlUKy54VBOCKe4U=,Up/At6oytyIL+vWVWBGmJ4i9VVs=
-13,-21,ekvq7pAuhypbdlUKy54VBOCKe4U=,TQqGWNf/CNe7YYVGKlX5gB/Pf5M=
-13,-22,ekvq7pAuhypbdlUKy54VBOCKe4U=,TQqGWNf/CNe7YYVGKlX5gB/Pf5M=
-12,-23,ekvq7pAuhypbdlUKy54VBOCKe4U=,d66q+PdkOLcvoDHzSQYqDOqmyow=
-15,-21,ekvq7pAuhypbdlUKy54VBOCKe4U=,ys2/t6Sbj13Bb/o9QKsCIeh9e4w=
-16,-18,ekvq7pAuhypbdlUKy54VBOCKe4U=,Ya9jskFHtwk82/gkxvQcDxoopXg=
-16,-19,ekvq7pAuhypbdlUKy54VBOCKe4U=,3Ab8yRDps+x9gknAHoOfNGjSswg=
-12,-21,ekvq7pAuhypbdlUKy54VBOCKe4U=,Up/At6oytyIL+vWVWBGmJ4i9VVs=
-14,-21,ekvq7pAuhypbdlUKy54VBOCKe4U=,TQqGWNf/CNe7YYVGKlX5gB/Pf5M=
-15,-23,ekvq7pAuhypbdlUKy54VBOCKe4U=,39hF4ofChSwzaEM9jkVPFVVgbVw=
-16,-23,ekvq7pAuhypbdlUKy54VBOCKe4U=,39hF4ofChSwzaEM9jkVPFVVgbVw=
-14,-23,ekvq7pAuhypbdlUKy54VBOCKe4U=,16gd+zppcn4992TrCwpkUdrIx40=
-14,-22,ekvq7pAuhypbdlUKy54VBOCKe4U=,TQqGWNf/CNe7YYVGKlX5gB/Pf5M=
-15,-22,ekvq7pAuhypbdlUKy54VBOCKe4U=,ys2/t6Sbj13Bb/o9QKsCIeh9e4w=
-15,-20,ekvq7pAuhypbdlUKy54VBOCKe4U=,3Ab8yRDps+x9gknAHoOfNGjSswg=
-16,-21,ekvq7pAuhypbdlUKy54VBOCKe4U=,ys2/t6Sbj13Bb/o9QKsCIeh9e4w=
-16,-22,ekvq7pAuhypbdlUKy54VBOCKe4U=,ys2/t6Sbj13Bb/o9QKsCIeh9e4w=
-13,-23,ekvq7pAuhypbdlUKy54VBOCKe4U=,16gd+zppcn4992TrCwpkUdrIx40=
-8,-21,VshFg/tRNieu4kfIPjW17BYcFxM=,ZOMTG5Lqg88l54uo6HznIbf8pSQ=
-10,-21,VshFg/tRNieu4kfIPjW17BYcFxM=,rPmxLbdgm49ux6iJYcZWZEJHvXU=
-11,-18,VshFg/tRNieu4kfIPjW17BYcFxM=,GflKiCMO3HTJq6Ni31cQOvzbqLY=
-11,-20,VshFg/tRNieu4kfIPjW17BYcFxM=,S+bsKeyP0boNsYsO+dGp+aUUn8U=
-8,-20,VshFg/tRNieu4kfIPjW17BYcFxM=,at3LGuAWBx4GO4k7Xwmu1RPSYcw=
-9,-19,VshFg/tRNieu4kfIPjW17BYcFxM=,eqHtFsspcFFK/Z//aTRmCWIgdOk=
-9,-21,VshFg/tRNieu4kfIPjW17BYcFxM=,rPmxLbdgm49ux6iJYcZWZEJHvXU=
-11,-22,BMAdzZcoWbPJpYTGIo/I2x6hH4s=,Up/At6oytyIL+vWVWBGmJ4i9VVs=
-11,-19,BMAdzZcoWbPJpYTGIo/I2x6hH4s=,S+bsKeyP0boNsYsO+dGp+aUUn8U=
-10,-20,BMAdzZcoWbPJpYTGIo/I2x6hH4s=,eqHtFsspcFFK/Z//aTRmCWIgdOk=
-10,-19,BMAdzZcoWbPJpYTGIo/I2x6hH4s=,eqHtFsspcFFK/Z//aTRmCWIgdOk=
-9,-20,BMAdzZcoWbPJpYTGIo/I2x6hH4s=,eqHtFsspcFFK/Z//aTRmCWIgdOk=
-11,-21,BMAdzZcoWbPJpYTGIo/I2x6hH4s=,Up/At6oytyIL+vWVWBGmJ4i9VVs=
-10,-26,BMAdzZcoWbPJpYTGIo/I2x6hH4s=,T5l/Tdcd0Y0+TnPHU/gEHeBuwvE=
-11,-25,BMAdzZcoWbPJpYTGIo/I2x6hH4s=,AZ/ZBaDlmY9pdUq6j7TVCiCITE8=
-9,-18,BMAdzZcoWbPJpYTGIo/I2x6hH4s=,xl6ifn3ElHevZqiZsyXxFhZsEPk=
-8,-18,BMAdzZcoWbPJpYTGIo/I2x6hH4s=,v7izMq5Id83kvwwmhU4yrVGjmMk=
-10,-22,BMAdzZcoWbPJpYTGIo/I2x6hH4s=,rPmxLbdgm49ux6iJYcZWZEJHvXU=
-11,-23,BMAdzZcoWbPJpYTGIo/I2x6hH4s=,d66q+PdkOLcvoDHzSQYqDOqmyow=
-11,-24,BMAdzZcoWbPJpYTGIo/I2x6hH4s=,d66q+PdkOLcvoDHzSQYqDOqmyow=
-11,-26,BMAdzZcoWbPJpYTGIo/I2x6hH4s=,AZ/ZBaDlmY9pdUq6j7TVCiCITE8=
-10,-18,BMAdzZcoWbPJpYTGIo/I2x6hH4s=,xl6ifn3ElHevZqiZsyXxFhZsEPk=
-10,-23,BMAdzZcoWbPJpYTGIo/I2x6hH4s=,GtavVS3O+VTU1xr8vXzftncsMhQ=
-10,-24,BMAdzZcoWbPJpYTGIo/I2x6hH4s=,GtavVS3O+VTU1xr8vXzftncsMhQ=
-11,-27,BMAdzZcoWbPJpYTGIo/I2x6hH4s=,ZbeTV6OVypBuKFXYquYb73oYw+k=
-10,-25,BMAdzZcoWbPJpYTGIo/I2x6hH4s=,T5l/Tdcd0Y0+TnPHU/gEHeBuwvE=
-10,-27,BMAdzZcoWbPJpYTGIo/I2x6hH4s=,nnWIuGB5iswFjUjNBOMzl1J08e4=
-8,-19,BMAdzZcoWbPJpYTGIo/I2x6hH4s=,at3LGuAWBx4GO4k7Xwmu1RPSYcw=
-8,-29,BMAdzZcoWbPJpYTGIo/I2x6hH4s=,ssAWcpt3pp+6FW7aAWsO8icZBGI=
-9,-29,BMAdzZcoWbPJpYTGIo/I2x6hH4s=,wNfZPkj5xUwRnT2hveHoEnKh3OA=
-8,-28,BMAdzZcoWbPJpYTGIo/I2x6hH4s=,TpzC3+20doW58jTB+38om3gIndk=
-9,-28,BMAdzZcoWbPJpYTGIo/I2x6hH4s=,nnWIuGB5iswFjUjNBOMzl1J08e4=
-6,-29,BMAdzZcoWbPJpYTGIo/I2x6hH4s=,P1DaGh5fBbOGs5OxTkrURmlcIJc=
-6,-28,BMAdzZcoWbPJpYTGIo/I2x6hH4s=,yhIkisYNifXwFpihTmPqvfYs178=
-7,-28,BMAdzZcoWbPJpYTGIo/I2x6hH4s=,TpzC3+20doW58jTB+38om3gIndk=
-7,-29,BMAdzZcoWbPJpYTGIo/I2x6hH4s=,ssAWcpt3pp+6FW7aAWsO8icZBGI=
-8,-26,BMAdzZcoWbPJpYTGIo/I2x6hH4s=,2J4tqtn5yZTOHOusluxcsYNL3jA=
-6,-26,BMAdzZcoWbPJpYTGIo/I2x6hH4s=,l8yJ2AeWbyLNqXb/vZ+0J2jOkCg=
-8,-27,BMAdzZcoWbPJpYTGIo/I2x6hH4s=,TpzC3+20doW58jTB+38om3gIndk=
-7,-27,BMAdzZcoWbPJpYTGIo/I2x6hH4s=,TpzC3+20doW58jTB+38om3gIndk=
-6,-27,rJaB1JQKQlAGAPyifb0lG6h6DSw=,yhIkisYNifXwFpihTmPqvfYs178=
-7,-26,rJaB1JQKQlAGAPyifb0lG6h6DSw=,2J4tqtn5yZTOHOusluxcsYNL3jA=
-9,-26,rJaB1JQKQlAGAPyifb0lG6h6DSw=,T5l/Tdcd0Y0+TnPHU/gEHeBuwvE=
-9,-27,rJaB1JQKQlAGAPyifb0lG6h6DSw=,nnWIuGB5iswFjUjNBOMzl1J08e4=
-4,-27,rJaB1JQKQlAGAPyifb0lG6h6DSw=,mVonpyUmwOY3Uxz1m55WsZpyuKs=
-4,-26,rJaB1JQKQlAGAPyifb0lG6h6DSw=,mV3qM/7ctLgTwi5zhHyXl0tpGIE=
-5,-26,rJaB1JQKQlAGAPyifb0lG6h6DSw=,l8yJ2AeWbyLNqXb/vZ+0J2jOkCg=
-5,-24,rJaB1JQKQlAGAPyifb0lG6h6DSw=,IU/8Jy0/gy7c9SNwrMkqNKgxOVA=
-5,-25,rJaB1JQKQlAGAPyifb0lG6h6DSw=,l8yJ2AeWbyLNqXb/vZ+0J2jOkCg=
-4,-24,rJaB1JQKQlAGAPyifb0lG6h6DSw=,rjNmkEfCwCCmrFJrieNYfb3kq8U=
-5,-27,rJaB1JQKQlAGAPyifb0lG6h6DSw=,yhIkisYNifXwFpihTmPqvfYs178=
-4,-25,rJaB1JQKQlAGAPyifb0lG6h6DSw=,mV3qM/7ctLgTwi5zhHyXl0tpGIE=
-2,-25,rJaB1JQKQlAGAPyifb0lG6h6DSw=,6fn3mGA1v4OIqmB2mgwbfiBDWiY=
-3,-24,rJaB1JQKQlAGAPyifb0lG6h6DSw=,rjNmkEfCwCCmrFJrieNYfb3kq8U=
-2,-24,rJaB1JQKQlAGAPyifb0lG6h6DSw=,xKWYw3PIAgFYOJzql0f1wY2XxEw=
-3,-25,rJaB1JQKQlAGAPyifb0lG6h6DSw=,mV3qM/7ctLgTwi5zhHyXl0tpGIE=
-4,-23,rJaB1JQKQlAGAPyifb0lG6h6DSw=,rjNmkEfCwCCmrFJrieNYfb3kq8U=
-5,-22,rJaB1JQKQlAGAPyifb0lG6h6DSw=,/I5Wjl3hOk6mepMu158qSIfICmA=
-2,-22,rJaB1JQKQlAGAPyifb0lG6h6DSw=,/wbLGpF4UTqrzshuBGliO3d+6+o=
-4,-22,rJaB1JQKQlAGAPyifb0lG6h6DSw=,hRoOjRP4G0BXuK9/d8JLWjoyFXM=
-3,-23,rJaB1JQKQlAGAPyifb0lG6h6DSw=,rjNmkEfCwCCmrFJrieNYfb3kq8U=
-3,-22,rJaB1JQKQlAGAPyifb0lG6h6DSw=,hRoOjRP4G0BXuK9/d8JLWjoyFXM=
-5,-23,rJaB1JQKQlAGAPyifb0lG6h6DSw=,IU/8Jy0/gy7c9SNwrMkqNKgxOVA=
-7,-21,ZqtlfnN5zAsRL6FZzpvH41edRvc=,ZOMTG5Lqg88l54uo6HznIbf8pSQ=
-4,-20,ZqtlfnN5zAsRL6FZzpvH41edRvc=,wXB/lkzpdK2FFJWkKR/XdPFGbY8=
-2,-23,ZqtlfnN5zAsRL6FZzpvH41edRvc=,xKWYw3PIAgFYOJzql0f1wY2XxEw=
-5,-20,ZqtlfnN5zAsRL6FZzpvH41edRvc=,fnF/PECYRdd6Kgy9pYDoPaU+A70=
-6,-21,ZqtlfnN5zAsRL6FZzpvH41edRvc=,/I5Wjl3hOk6mepMu158qSIfICmA=
-4,-21,ZqtlfnN5zAsRL6FZzpvH41edRvc=,hRoOjRP4G0BXuK9/d8JLWjoyFXM=
-5,-21,ZqtlfnN5zAsRL6FZzpvH41edRvc=,/I5Wjl3hOk6mepMu158qSIfICmA=
-6,-20,ZqtlfnN5zAsRL6FZzpvH41edRvc=,fnF/PECYRdd6Kgy9pYDoPaU+A70=
-7,-20,ZqtlfnN5zAsRL6FZzpvH41edRvc=,at3LGuAWBx4GO4k7Xwmu1RPSYcw=
-2,-21,ZqtlfnN5zAsRL6FZzpvH41edRvc=,/wbLGpF4UTqrzshuBGliO3d+6+o=
-3,-21,ZqtlfnN5zAsRL6FZzpvH41edRvc=,hRoOjRP4G0BXuK9/d8JLWjoyFXM=
-3,-20,ZqtlfnN5zAsRL6FZzpvH41edRvc=,wXB/lkzpdK2FFJWkKR/XdPFGbY8=
-2,-20,ZqtlfnN5zAsRL6FZzpvH41edRvc=,n1bxHagrqo6dBdro+JHVNUig1mU=
-4,-18,ZqtlfnN5zAsRL6FZzpvH41edRvc=,UIkSCeTu9/yDofC6/apChi6muWI=
-3,-19,ZqtlfnN5zAsRL6FZzpvH41edRvc=,wXB/lkzpdK2FFJWkKR/XdPFGbY8=
-7,-17,ZqtlfnN5zAsRL6FZzpvH41edRvc=,v7izMq5Id83kvwwmhU4yrVGjmMk=
-4,-17,ZqtlfnN5zAsRL6FZzpvH41edRvc=,UIkSCeTu9/yDofC6/apChi6muWI=
-4,-19,ZqtlfnN5zAsRL6FZzpvH41edRvc=,wXB/lkzpdK2FFJWkKR/XdPFGbY8=
-6,-18,TUFI8CbGYDHiDJ/rfiO7RrfLwzM=,1C6uRkb8iHFKOtFUXbqlG51hmjo=
-7,-18,TUFI8CbGYDHiDJ/rfiO7RrfLwzM=,v7izMq5Id83kvwwmhU4yrVGjmMk=
-7,-19,TUFI8CbGYDHiDJ/rfiO7RrfLwzM=,at3LGuAWBx4GO4k7Xwmu1RPSYcw=
-3,-17,TUFI8CbGYDHiDJ/rfiO7RrfLwzM=,UIkSCeTu9/yDofC6/apChi6muWI=
-5,-18,TUFI8CbGYDHiDJ/rfiO7RrfLwzM=,1C6uRkb8iHFKOtFUXbqlG51hmjo=
-2,-19,TUFI8CbGYDHiDJ/rfiO7RrfLwzM=,n1bxHagrqo6dBdro+JHVNUig1mU=
-3,-18,TUFI8CbGYDHiDJ/rfiO7RrfLwzM=,UIkSCeTu9/yDofC6/apChi6muWI=
-1,-18,TUFI8CbGYDHiDJ/rfiO7RrfLwzM=,yqSpmPvbYaNoiEBTqQzMbXDEUn8=
-2,-18,TUFI8CbGYDHiDJ/rfiO7RrfLwzM=,yqSpmPvbYaNoiEBTqQzMbXDEUn8=
-1,-19,TUFI8CbGYDHiDJ/rfiO7RrfLwzM=,n1bxHagrqo6dBdro+JHVNUig1mU=
-5,-17,TUFI8CbGYDHiDJ/rfiO7RrfLwzM=,1C6uRkb8iHFKOtFUXbqlG51hmjo=
-2,-17,TUFI8CbGYDHiDJ/rfiO7RrfLwzM=,yqSpmPvbYaNoiEBTqQzMbXDEUn8=
-1,-22,TUFI8CbGYDHiDJ/rfiO7RrfLwzM=,/wbLGpF4UTqrzshuBGliO3d+6+o=
-1,-20,TUFI8CbGYDHiDJ/rfiO7RrfLwzM=,n1bxHagrqo6dBdro+JHVNUig1mU=
-6,-19,TUFI8CbGYDHiDJ/rfiO7RrfLwzM=,fnF/PECYRdd6Kgy9pYDoPaU+A70=
-1,-21,TUFI8CbGYDHiDJ/rfiO7RrfLwzM=,/wbLGpF4UTqrzshuBGliO3d+6+o=
-1,-23,TUFI8CbGYDHiDJ/rfiO7RrfLwzM=,xKWYw3PIAgFYOJzql0f1wY2XxEw=
-6,-17,TUFI8CbGYDHiDJ/rfiO7RrfLwzM=,1C6uRkb8iHFKOtFUXbqlG51hmjo=
-1,-24,TUFI8CbGYDHiDJ/rfiO7RrfLwzM=,xKWYw3PIAgFYOJzql0f1wY2XxEw=
-1,-25,TUFI8CbGYDHiDJ/rfiO7RrfLwzM=,6fn3mGA1v4OIqmB2mgwbfiBDWiY=
-5,-19,TUFI8CbGYDHiDJ/rfiO7RrfLwzM=,fnF/PECYRdd6Kgy9pYDoPaU+A70=
-3,-27,TUFI8CbGYDHiDJ/rfiO7RrfLwzM=,mVonpyUmwOY3Uxz1m55WsZpyuKs=
-3,-26,TUFI8CbGYDHiDJ/rfiO7RrfLwzM=,mV3qM/7ctLgTwi5zhHyXl0tpGIE=
-2,-26,TUFI8CbGYDHiDJ/rfiO7RrfLwzM=,6fn3mGA1v4OIqmB2mgwbfiBDWiY=
-1,-26,TUFI8CbGYDHiDJ/rfiO7RrfLwzM=,6fn3mGA1v4OIqmB2mgwbfiBDWiY=
-2,-27,TUFI8CbGYDHiDJ/rfiO7RrfLwzM=,jy0gcdCR0DXDiVpszZ2qd+qgCGE=
-1,-27,TUFI8CbGYDHiDJ/rfiO7RrfLwzM=,jy0gcdCR0DXDiVpszZ2qd+qgCGE=
-2,-28,w+ReBT6vWoiFbl2zVCFMo0jBDXs=,jy0gcdCR0DXDiVpszZ2qd+qgCGE=
-2,-29,w+ReBT6vWoiFbl2zVCFMo0jBDXs=,Azzle/+8BO9QNcqNlZAyO/xHiIM=
-2,-30,w+ReBT6vWoiFbl2zVCFMo0jBDXs=,Azzle/+8BO9QNcqNlZAyO/xHiIM=
-4,-29,w+ReBT6vWoiFbl2zVCFMo0jBDXs=,SeBfeGqZE6olOtF3Es5mmUcMot4=
-3,-30,w+ReBT6vWoiFbl2zVCFMo0jBDXs=,SeBfeGqZE6olOtF3Es5mmUcMot4=
-3,-31,w+ReBT6vWoiFbl2zVCFMo0jBDXs=,+lvhMOVgE75Em5M7FjxwfBBCaI0=
-3,-29,w+ReBT6vWoiFbl2zVCFMo0jBDXs=,SeBfeGqZE6olOtF3Es5mmUcMot4=
-5,-30,w+ReBT6vWoiFbl2zVCFMo0jBDXs=,P1DaGh5fBbOGs5OxTkrURmlcIJc=
-2,-31,w+ReBT6vWoiFbl2zVCFMo0jBDXs=,YG2PF+Brvu9ro6wCm3774GeyvlI=
-3,-28,w+ReBT6vWoiFbl2zVCFMo0jBDXs=,mVonpyUmwOY3Uxz1m55WsZpyuKs=
-4,-28,w+ReBT6vWoiFbl2zVCFMo0jBDXs=,mVonpyUmwOY3Uxz1m55WsZpyuKs=
-4,-31,w+ReBT6vWoiFbl2zVCFMo0jBDXs=,+lvhMOVgE75Em5M7FjxwfBBCaI0=
-5,-29,w+ReBT6vWoiFbl2zVCFMo0jBDXs=,P1DaGh5fBbOGs5OxTkrURmlcIJc=
-4,-30,w+ReBT6vWoiFbl2zVCFMo0jBDXs=,SeBfeGqZE6olOtF3Es5mmUcMot4=
-5,-28,w+ReBT6vWoiFbl2zVCFMo0jBDXs=,yhIkisYNifXwFpihTmPqvfYs178=
-7,-31,w+ReBT6vWoiFbl2zVCFMo0jBDXs=,ziSiKqIWxm3qZd43+xyNrvIWzQw=
-7,-30,w+ReBT6vWoiFbl2zVCFMo0jBDXs=,ssAWcpt3pp+6FW7aAWsO8icZBGI=
-5,-31,w+ReBT6vWoiFbl2zVCFMo0jBDXs=,zDsZhyb+oQ86qKfGaZ6xnvaxuZw=
-6,-30,w+ReBT6vWoiFbl2zVCFMo0jBDXs=,P1DaGh5fBbOGs5OxTkrURmlcIJc=
-8,-31,w+ReBT6vWoiFbl2zVCFMo0jBDXs=,ziSiKqIWxm3qZd43+xyNrvIWzQw=
-8,-30,w+ReBT6vWoiFbl2zVCFMo0jBDXs=,ssAWcpt3pp+6FW7aAWsO8icZBGI=
-6,-31,w+ReBT6vWoiFbl2zVCFMo0jBDXs=,zDsZhyb+oQ86qKfGaZ6xnvaxuZw=
-11,-28,w+ReBT6vWoiFbl2zVCFMo0jBDXs=,ZbeTV6OVypBuKFXYquYb73oYw+k=
-9,-30,w+ReBT6vWoiFbl2zVCFMo0jBDXs=,wNfZPkj5xUwRnT2hveHoEnKh3OA=
-12,-28,w+ReBT6vWoiFbl2zVCFMo0jBDXs=,ZbeTV6OVypBuKFXYquYb73oYw+k=
-9,-31,w+ReBT6vWoiFbl2zVCFMo0jBDXs=,QiOF8Y3E1Yv9jym+VyJBVBedYvQ=
-10,-29,pg49zBnh3OssjFYuhO9P6G6kgsU=,wNfZPkj5xUwRnT2hveHoEnKh3OA=
-10,-28,pg49zBnh3OssjFYuhO9P6G6kgsU=,nnWIuGB5iswFjUjNBOMzl1J08e4=
-13,-29,pg49zBnh3OssjFYuhO9P6G6kgsU=,3v7FOClgZN6ibAWISO+qZcZV2OA=
-13,-28,pg49zBnh3OssjFYuhO9P6G6kgsU=,M0WbUTVwmJInFXV3z8LkaKQksWU=
-11,-31,pg49zBnh3OssjFYuhO9P6G6kgsU=,JvaFv/ITOuIALuF9XxbLsvPWMtw=
-11,-29,pg49zBnh3OssjFYuhO9P6G6kgsU=,lKhczeN1fqvNjqTYEAxOmkTne1U=
-12,-29,pg49zBnh3OssjFYuhO9P6G6kgsU=,lKhczeN1fqvNjqTYEAxOmkTne1U=
-10,-30,pg49zBnh3OssjFYuhO9P6G6kgsU=,wNfZPkj5xUwRnT2hveHoEnKh3OA=
-11,-30,pg49zBnh3OssjFYuhO9P6G6kgsU=,lKhczeN1fqvNjqTYEAxOmkTne1U=
-10,-31,pg49zBnh3OssjFYuhO9P6G6kgsU=,QiOF8Y3E1Yv9jym+VyJBVBedYvQ=
-13,-30,pg49zBnh3OssjFYuhO9P6G6kgsU=,3v7FOClgZN6ibAWISO+qZcZV2OA=
-14,-30,pg49zBnh3OssjFYuhO9P6G6kgsU=,3v7FOClgZN6ibAWISO+qZcZV2OA=
-14,-29,pg49zBnh3OssjFYuhO9P6G6kgsU=,3v7FOClgZN6ibAWISO+qZcZV2OA=
-13,-31,pg49zBnh3OssjFYuhO9P6G6kgsU=,Fxj7oyHnUcrWXrTU4LpyINIb7Io=
-12,-30,y26WspXtxKSyBLPGBdeZMgfH09c=,lKhczeN1fqvNjqTYEAxOmkTne1U=
-14,-28,y26WspXtxKSyBLPGBdeZMgfH09c=,M0WbUTVwmJInFXV3z8LkaKQksWU=
-14,-31,y26WspXtxKSyBLPGBdeZMgfH09c=,Fxj7oyHnUcrWXrTU4LpyINIb7Io=
-15,-28,y26WspXtxKSyBLPGBdeZMgfH09c=,aO2IvPlWiR1yATxtISz1rCxbcXQ=
-15,-30,y26WspXtxKSyBLPGBdeZMgfH09c=,slz5c00PLVCsepzgoPH1J6A6Noo=
-14,-32,y26WspXtxKSyBLPGBdeZMgfH09c=,Fxj7oyHnUcrWXrTU4LpyINIb7Io=
-15,-31,y26WspXtxKSyBLPGBdeZMgfH09c=,lp0djnAIe8FmMBwLq6TJlrENu8w=
-15,-29,y26WspXtxKSyBLPGBdeZMgfH09c=,slz5c00PLVCsepzgoPH1J6A6Noo=
-16,-31,y26WspXtxKSyBLPGBdeZMgfH09c=,lp0djnAIe8FmMBwLq6TJlrENu8w=
-16,-24,y26WspXtxKSyBLPGBdeZMgfH09c=,39hF4ofChSwzaEM9jkVPFVVgbVw=
-12,-31,y26WspXtxKSyBLPGBdeZMgfH09c=,JvaFv/ITOuIALuF9XxbLsvPWMtw=
-15,-32,y26WspXtxKSyBLPGBdeZMgfH09c=,lp0djnAIe8FmMBwLq6TJlrENu8w=
-16,-29,y26WspXtxKSyBLPGBdeZMgfH09c=,slz5c00PLVCsepzgoPH1J6A6Noo=
-16,-30,y26WspXtxKSyBLPGBdeZMgfH09c=,slz5c00PLVCsepzgoPH1J6A6Noo=
-16,-32,y26WspXtxKSyBLPGBdeZMgfH09c=,lp0djnAIe8FmMBwLq6TJlrENu8w=
-16,-28,y26WspXtxKSyBLPGBdeZMgfH09c=,aO2IvPlWiR1yATxtISz1rCxbcXQ=
-8,-17,y26WspXtxKSyBLPGBdeZMgfH09c=,v7izMq5Id83kvwwmhU4yrVGjmMk=
-16,-27,y26WspXtxKSyBLPGBdeZMgfH09c=,aO2IvPlWiR1yATxtISz1rCxbcXQ=
-9,-17,y26WspXtxKSyBLPGBdeZMgfH09c=,xl6ifn3ElHevZqiZsyXxFhZsEPk=
-16,-26,y26WspXtxKSyBLPGBdeZMgfH09c=,GF5raYFrEwWjllvLAvZdsoIQN6s=
-13,-17,y26WspXtxKSyBLPGBdeZMgfH09c=,c395amL4ImKz/JsmDIoJizoYcQI=
-16,-25,y26WspXtxKSyBLPGBdeZMgfH09c=,GF5raYFrEwWjllvLAvZdsoIQN6s=
-14,-17,y26WspXtxKSyBLPGBdeZMgfH09c=,c395amL4ImKz/JsmDIoJizoYcQI=
-15,-17,y26WspXtxKSyBLPGBdeZMgfH09c=,Ya9jskFHtwk82/gkxvQcDxoopXg=
-11,-17,y26WspXtxKSyBLPGBdeZMgfH09c=,GflKiCMO3HTJq6Ni31cQOvzbqLY=
-10,-17,y26WspXtxKSyBLPGBdeZMgfH09c=,xl6ifn3ElHevZqiZsyXxFhZsEPk=
-12,-17,y26WspXtxKSyBLPGBdeZMgfH09c=,GflKiCMO3HTJq6Ni31cQOvzbqLY=
-2,-32,y26WspXtxKSyBLPGBdeZMgfH09c=,YG2PF+Brvu9ro6wCm3774GeyvlI=
-4,-32,y26WspXtxKSyBLPGBdeZMgfH09c=,+lvhMOVgE75Em5M7FjxwfBBCaI0=
-3,-32,y26WspXtxKSyBLPGBdeZMgfH09c=,+lvhMOVgE75Em5M7FjxwfBBCaI0=
-1,-17,y26WspXtxKSyBLPGBdeZMgfH09c=,yqSpmPvbYaNoiEBTqQzMbXDEUn8=
-5,-32,y26WspXtxKSyBLPGBdeZMgfH09c=,zDsZhyb+oQ86qKfGaZ6xnvaxuZw=
-8,-32,y26WspXtxKSyBLPGBdeZMgfH09c=,ziSiKqIWxm3qZd43+xyNrvIWzQw=
-6,-32,y26WspXtxKSyBLPGBdeZMgfH09c=,zDsZhyb+oQ86qKfGaZ6xnvaxuZw=
-10,-32,y26WspXtxKSyBLPGBdeZMgfH09c=,QiOF8Y3E1Yv9jym+VyJBVBedYvQ=
-1,-31,y26WspXtxKSyBLPGBdeZMgfH09c=,YG2PF+Brvu9ro6wCm3774GeyvlI=
-1,-29,y26WspXtxKSyBLPGBdeZMgfH09c=,Azzle/+8BO9QNcqNlZAyO/xHiIM=
-1,-30,y26WspXtxKSyBLPGBdeZMgfH09c=,Azzle/+8BO9QNcqNlZAyO/xHiIM=
-1,-32,y26WspXtxKSyBLPGBdeZMgfH09c=,YG2PF+Brvu9ro6wCm3774GeyvlI=
-11,-32,y26WspXtxKSyBLPGBdeZMgfH09c=,JvaFv/ITOuIALuF9XxbLsvPWMtw=
-7,-32,y26WspXtxKSyBLPGBdeZMgfH09c=,ziSiKqIWxm3qZd43+xyNrvIWzQw=
-13,-32,y26WspXtxKSyBLPGBdeZMgfH09c=,Fxj7oyHnUcrWXrTU4LpyINIb7Io=
-1,-28,y26WspXtxKSyBLPGBdeZMgfH09c=,jy0gcdCR0DXDiVpszZ2qd+qgCGE=
-9,-32,y26WspXtxKSyBLPGBdeZMgfH09c=,QiOF8Y3E1Yv9jym+VyJBVBedYvQ=
-12,-32,y26WspXtxKSyBLPGBdeZMgfH09c=,JvaFv/ITOuIALuF9XxbLsvPWMtw=
-6,-22,y26WspXtxKSyBLPGBdeZMgfH09c=,/I5Wjl3hOk6mepMu158qSIfICmA=
-7,-22,y26WspXtxKSyBLPGBdeZMgfH09c=,ZOMTG5Lqg88l54uo6HznIbf8pSQ=
-9,-23,y26WspXtxKSyBLPGBdeZMgfH09c=,GtavVS3O+VTU1xr8vXzftncsMhQ=
-6,-24,y26WspXtxKSyBLPGBdeZMgfH09c=,IU/8Jy0/gy7c9SNwrMkqNKgxOVA=
-7,-25,y26WspXtxKSyBLPGBdeZMgfH09c=,2J4tqtn5yZTOHOusluxcsYNL3jA=
-6,-23,y26WspXtxKSyBLPGBdeZMgfH09c=,IU/8Jy0/gy7c9SNwrMkqNKgxOVA=
-9,-22,y26WspXtxKSyBLPGBdeZMgfH09c=,rPmxLbdgm49ux6iJYcZWZEJHvXU=
-6,-25,y26WspXtxKSyBLPGBdeZMgfH09c=,l8yJ2AeWbyLNqXb/vZ+0J2jOkCg=
-8,-22,y26WspXtxKSyBLPGBdeZMgfH09c=,ZOMTG5Lqg88l54uo6HznIbf8pSQ=
-9,-25,y26WspXtxKSyBLPGBdeZMgfH09c=,T5l/Tdcd0Y0+TnPHU/gEHeBuwvE=
-9,-24,y26WspXtxKSyBLPGBdeZMgfH09c=,GtavVS3O+VTU1xr8vXzftncsMhQ=
-8,-25,y26WspXtxKSyBLPGBdeZMgfH09c=,2J4tqtn5yZTOHOusluxcsYNL3jA=
-7,-23,y26WspXtxKSyBLPGBdeZMgfH09c=,lKdw5bd4j3+ZnMcwCM7yIuFz6zo=
-7,-24,y26WspXtxKSyBLPGBdeZMgfH09c=,lKdw5bd4j3+ZnMcwCM7yIuFz6zo=
-8,-23,y26WspXtxKSyBLPGBdeZMgfH09c=,lKdw5bd4j3+ZnMcwCM7yIuFz6zo=
-8,-24,y26WspXtxKSyBLPGBdeZMgfH09c=,lKdw5bd4j3+ZnMcwCM7yIuFz6zo=
-30,-19,mEHjvTerW/G6aaxnWXs43oaOmnQ=,pxVfhP8i9EzRsTzhjxkjB9etzlY=
-31,-18,mEHjvTerW/G6aaxnWXs43oaOmnQ=,nlDGaSMuQPP3rdSfOxETM8SqYrY=
-30,-18,mEHjvTerW/G6aaxnWXs43oaOmnQ=,4pJsId5H2UHMeRVy7XKMo8fQsmg=
-31,-19,mEHjvTerW/G6aaxnWXs43oaOmnQ=,StQHS9zzwjc0VoXAzV7AYplFsXM=
-29,-19,mEHjvTerW/G6aaxnWXs43oaOmnQ=,pxVfhP8i9EzRsTzhjxkjB9etzlY=
-26,-19,mEHjvTerW/G6aaxnWXs43oaOmnQ=,kq84M3BtT0eadeZqxcu5I79p9pI=
-28,-19,mEHjvTerW/G6aaxnWXs43oaOmnQ=,/37zX5JX74dtRWo0ATuv9cehV7E=
-29,-18,n5BF0tu0hhHN4BMJsAURG8mwUqA=,4pJsId5H2UHMeRVy7XKMo8fQsmg=
-27,-19,n5BF0tu0hhHN4BMJsAURG8mwUqA=,/37zX5JX74dtRWo0ATuv9cehV7E=
-26,-18,n5BF0tu0hhHN4BMJsAURG8mwUqA=,bFe8ZS+61AdiddweubaeApCM/zw=
-27,-18,n5BF0tu0hhHN4BMJsAURG8mwUqA=,6rFoxbd+1g+uQWLLjwCV5Lxwi8s=
-28,-18,n5BF0tu0hhHN4BMJsAURG8mwUqA=,6rFoxbd+1g+uQWLLjwCV5Lxwi8s=
-25,-19,n5BF0tu0hhHN4BMJsAURG8mwUqA=,kq84M3BtT0eadeZqxcu5I79p9pI=
-24,-18,n5BF0tu0hhHN4BMJsAURG8mwUqA=,df0nNstld0Ip2HklgrGWfYEpY8M=
-25,-18,n5BF0tu0hhHN4BMJsAURG8mwUqA=,bFe8ZS+61AdiddweubaeApCM/zw=
-24,-19,n5BF0tu0hhHN4BMJsAURG8mwUqA=,DsYUjBB1lW+pe6F9miynYwkgo4w=
-25,-24,/mHRZ9gABIOBWNF61jZR0B6+VTM=,7NVIiQJ1FFSTQyQZ1TzLS/qJp2M=
-25,-25,/mHRZ9gABIOBWNF61jZR0B6+VTM=,GiUjvgLnWYCCtfBra9EGqW65778=
-24,-22,/mHRZ9gABIOBWNF61jZR0B6+VTM=,apKBDiugdLLN16SYPMMzaAUeG3k=
-24,-25,/mHRZ9gABIOBWNF61jZR0B6+VTM=,0E5hqX/THFpnoT6aBi0lqHD9bzI=
-24,-24,/mHRZ9gABIOBWNF61jZR0B6+VTM=,tRVBn8oEqHZUALI6qLtA0nYFvv8=
-25,-23,/mHRZ9gABIOBWNF61jZR0B6+VTM=,7NVIiQJ1FFSTQyQZ1TzLS/qJp2M=
-25,-21,/mHRZ9gABIOBWNF61jZR0B6+VTM=,Jc60hub7miRVIVdP7KkZfT2qNFU=
-26,-25,/mHRZ9gABIOBWNF61jZR0B6+VTM=,GiUjvgLnWYCCtfBra9EGqW65778=
-24,-23,/mHRZ9gABIOBWNF61jZR0B6+VTM=,tRVBn8oEqHZUALI6qLtA0nYFvv8=
-27,-25,/mHRZ9gABIOBWNF61jZR0B6+VTM=,aBCx5q61Cavr+QLUxH7v9ChVe88=
-24,-20,/mHRZ9gABIOBWNF61jZR0B6+VTM=,DsYUjBB1lW+pe6F9miynYwkgo4w=
-25,-22,/mHRZ9gABIOBWNF61jZR0B6+VTM=,Jc60hub7miRVIVdP7KkZfT2qNFU=
-26,-24,/mHRZ9gABIOBWNF61jZR0B6+VTM=,7NVIiQJ1FFSTQyQZ1TzLS/qJp2M=
-25,-20,/mHRZ9gABIOBWNF61jZR0B6+VTM=,kq84M3BtT0eadeZqxcu5I79p9pI=
-26,-23,/mHRZ9gABIOBWNF61jZR0B6+VTM=,7NVIiQJ1FFSTQyQZ1TzLS/qJp2M=
-24,-21,/mHRZ9gABIOBWNF61jZR0B6+VTM=,apKBDiugdLLN16SYPMMzaAUeG3k=
-27,-24,8gNDogf5IYMh+5vzhX+0O+qhSPs=,VZXNK4+3EI3HeQ6xE6I7HgYicvM=
-26,-20,8gNDogf5IYMh+5vzhX+0O+qhSPs=,kq84M3BtT0eadeZqxcu5I79p9pI=
-26,-21,8gNDogf5IYMh+5vzhX+0O+qhSPs=,Jc60hub7miRVIVdP7KkZfT2qNFU=
-26,-22,8gNDogf5IYMh+5vzhX+0O+qhSPs=,Jc60hub7miRVIVdP7KkZfT2qNFU=
-28,-25,8gNDogf5IYMh+5vzhX+0O+qhSPs=,aBCx5q61Cavr+QLUxH7v9ChVe88=
-27,-20,8gNDogf5IYMh+5vzhX+0O+qhSPs=,/37zX5JX74dtRWo0ATuv9cehV7E=
-29,-25,8gNDogf5IYMh+5vzhX+0O+qhSPs=,a5hmLZHuytUkl585ZhgZ50xAJvY=
-27,-23,8gNDogf5IYMh+5vzhX+0O+qhSPs=,VZXNK4+3EI3HeQ6xE6I7HgYicvM=
-27,-22,8gNDogf5IYMh+5vzhX+0O+qhSPs=,6J+ePd6QR3+xg5n1jRGYgWnBy4k=
-27,-21,8gNDogf5IYMh+5vzhX+0O+qhSPs=,6J+ePd6QR3+xg5n1jRGYgWnBy4k=
-28,-20,8gNDogf5IYMh+5vzhX+0O+qhSPs=,/37zX5JX74dtRWo0ATuv9cehV7E=
-29,-23,jwO6qO94HfSFzxd9AaVx/VQa5vY=,CGdGTjWXoBB2xyhUsrvfdQpCDuI=
-29,-22,jwO6qO94HfSFzxd9AaVx/VQa5vY=,3405sygLhelCjWj3gBtAL6Cl0N4=
-29,-24,jwO6qO94HfSFzxd9AaVx/VQa5vY=,CGdGTjWXoBB2xyhUsrvfdQpCDuI=
-28,-23,jwO6qO94HfSFzxd9AaVx/VQa5vY=,VZXNK4+3EI3HeQ6xE6I7HgYicvM=
-28,-24,jwO6qO94HfSFzxd9AaVx/VQa5vY=,VZXNK4+3EI3HeQ6xE6I7HgYicvM=
-28,-22,jwO6qO94HfSFzxd9AaVx/VQa5vY=,6J+ePd6QR3+xg5n1jRGYgWnBy4k=
-28,-21,jwO6qO94HfSFzxd9AaVx/VQa5vY=,6J+ePd6QR3+xg5n1jRGYgWnBy4k=
-29,-21,jwO6qO94HfSFzxd9AaVx/VQa5vY=,3405sygLhelCjWj3gBtAL6Cl0N4=
-29,-20,jwO6qO94HfSFzxd9AaVx/VQa5vY=,pxVfhP8i9EzRsTzhjxkjB9etzlY=
-30,-20,jwO6qO94HfSFzxd9AaVx/VQa5vY=,pxVfhP8i9EzRsTzhjxkjB9etzlY=
-28,-26,jwO6qO94HfSFzxd9AaVx/VQa5vY=,aBCx5q61Cavr+QLUxH7v9ChVe88=
-31,-21,jwO6qO94HfSFzxd9AaVx/VQa5vY=,XDUEAyStLycqVJQ0MbsAhvnBIBk=
-31,-20,jwO6qO94HfSFzxd9AaVx/VQa5vY=,StQHS9zzwjc0VoXAzV7AYplFsXM=
-30,-21,jwO6qO94HfSFzxd9AaVx/VQa5vY=,3405sygLhelCjWj3gBtAL6Cl0N4=
-28,-27,jwO6qO94HfSFzxd9AaVx/VQa5vY=,1g4ixMBBRLUeH/1aDATZmB5YdZ8=
-29,-26,jwO6qO94HfSFzxd9AaVx/VQa5vY=,a5hmLZHuytUkl585ZhgZ50xAJvY=
-29,-28,jwO6qO94HfSFzxd9AaVx/VQa5vY=,zu6lt53zQJNiF2f6b9qPdF2as2Q=
-29,-27,jwO6qO94HfSFzxd9AaVx/VQa5vY=,zu6lt53zQJNiF2f6b9qPdF2as2Q=
-28,-28,jwO6qO94HfSFzxd9AaVx/VQa5vY=,1g4ixMBBRLUeH/1aDATZmB5YdZ8=
-28,-29,jwO6qO94HfSFzxd9AaVx/VQa5vY=,uismTIcKz8vJA/K+42rEHqckjGU=
-29,-31,jwO6qO94HfSFzxd9AaVx/VQa5vY=,n6qcOMFE9x0UdMrxTPPDK+AQZkM=
-29,-29,jwO6qO94HfSFzxd9AaVx/VQa5vY=,BBOD8sCnwqoqkEexItArRAEHmyE=
-28,-31,jwO6qO94HfSFzxd9AaVx/VQa5vY=,Wt63WnXodbMWijCdknvt0xJlKZA=
-29,-30,jwO6qO94HfSFzxd9AaVx/VQa5vY=,BBOD8sCnwqoqkEexItArRAEHmyE=
-28,-30,jwO6qO94HfSFzxd9AaVx/VQa5vY=,uismTIcKz8vJA/K+42rEHqckjGU=
-26,-31,jwO6qO94HfSFzxd9AaVx/VQa5vY=,I3HiKjN96QCiBw7vr8o0rgagaL8=
-26,-30,jwO6qO94HfSFzxd9AaVx/VQa5vY=,oyBZYG+vo03Bxehr39RAhbaj0ng=
-27,-31,Mj66xE1eul4vD88hFXn3JN562zw=,Wt63WnXodbMWijCdknvt0xJlKZA=
-27,-30,Mj66xE1eul4vD88hFXn3JN562zw=,uismTIcKz8vJA/K+42rEHqckjGU=
-25,-30,Mj66xE1eul4vD88hFXn3JN562zw=,oyBZYG+vo03Bxehr39RAhbaj0ng=
-24,-30,Mj66xE1eul4vD88hFXn3JN562zw=,D6pj1KoFchWuZQT7gJDuzFH0uas=
-24,-31,Mj66xE1eul4vD88hFXn3JN562zw=,jd+QyTZvnTYeRxCFU2JlNoHTNRE=
-25,-31,Mj66xE1eul4vD88hFXn3JN562zw=,I3HiKjN96QCiBw7vr8o0rgagaL8=
-23,-30,Mj66xE1eul4vD88hFXn3JN562zw=,D6pj1KoFchWuZQT7gJDuzFH0uas=
-22,-30,Mj66xE1eul4vD88hFXn3JN562zw=,lsCvfgUuQ/SCFTOGFdiL4gIepjA=
-23,-31,Mj66xE1eul4vD88hFXn3JN562zw=,jd+QyTZvnTYeRxCFU2JlNoHTNRE=
-22,-31,Mj66xE1eul4vD88hFXn3JN562zw=,pnPmcHJ+S2ZrCgNM638rBwEj00o=
-23,-28,Mj66xE1eul4vD88hFXn3JN562zw=,tUHoaJNhfufzJm37j8KjvMVh084=
-23,-29,Mj66xE1eul4vD88hFXn3JN562zw=,D6pj1KoFchWuZQT7gJDuzFH0uas=
-22,-28,Mj66xE1eul4vD88hFXn3JN562zw=,9ZYXWwuhC7qB5KbZBYLYtHuQO6E=
-22,-29,Mj66xE1eul4vD88hFXn3JN562zw=,lsCvfgUuQ/SCFTOGFdiL4gIepjA=
-20,-28,Mj66xE1eul4vD88hFXn3JN562zw=,tt0H+WaE4ORuqg6lMP7TiePS3vI=
-21,-28,zna3PNmik9NDAcdJhQAYR52bTKk=,9ZYXWwuhC7qB5KbZBYLYtHuQO6E=
-20,-29,zna3PNmik9NDAcdJhQAYR52bTKk=,JxH5rvTnsFDWKxlbcr56k34ePwU=
-21,-29,zna3PNmik9NDAcdJhQAYR52bTKk=,lsCvfgUuQ/SCFTOGFdiL4gIepjA=
-19,-29,zna3PNmik9NDAcdJhQAYR52bTKk=,JxH5rvTnsFDWKxlbcr56k34ePwU=
-19,-28,zna3PNmik9NDAcdJhQAYR52bTKk=,tt0H+WaE4ORuqg6lMP7TiePS3vI=
-18,-27,zna3PNmik9NDAcdJhQAYR52bTKk=,TYmBdAUdkz0x6qUWq3bSSs9W8xg=
-18,-26,zna3PNmik9NDAcdJhQAYR52bTKk=,x+HZjkY2gDmLZ2XLnD1JNZs9Fdc=
-18,-28,zna3PNmik9NDAcdJhQAYR52bTKk=,TYmBdAUdkz0x6qUWq3bSSs9W8xg=
-19,-27,zna3PNmik9NDAcdJhQAYR52bTKk=,tt0H+WaE4ORuqg6lMP7TiePS3vI=
-18,-29,zna3PNmik9NDAcdJhQAYR52bTKk=,fhQTtQz2sC2gaH19Uzr/uNwQlBw=
-19,-26,zna3PNmik9NDAcdJhQAYR52bTKk=,ecUGgumic6cczd+4v+O5cPDEySo=
-19,-25,zna3PNmik9NDAcdJhQAYR52bTKk=,ecUGgumic6cczd+4v+O5cPDEySo=
-18,-25,zna3PNmik9NDAcdJhQAYR52bTKk=,x+HZjkY2gDmLZ2XLnD1JNZs9Fdc=
-18,-24,zna3PNmik9NDAcdJhQAYR52bTKk=,sUVWk/RCtmMfg2DlW1sZsz6/cSY=
-19,-24,zna3PNmik9NDAcdJhQAYR52bTKk=,ZZ3xPFxCoKS/EVkyub/YLlI+whg=
-19,-22,zna3PNmik9NDAcdJhQAYR52bTKk=,M3Ta4KVOtZhb+Tm2X2MqpdT0EGY=
-18,-22,zna3PNmik9NDAcdJhQAYR52bTKk=,H84S2mqVk08oGH+3lqysPpTQZIw=
-19,-23,zna3PNmik9NDAcdJhQAYR52bTKk=,ZZ3xPFxCoKS/EVkyub/YLlI+whg=
-18,-23,zna3PNmik9NDAcdJhQAYR52bTKk=,sUVWk/RCtmMfg2DlW1sZsz6/cSY=
-19,-20,zna3PNmik9NDAcdJhQAYR52bTKk=,Kx21/jHfSOqp+mibyX1FNq4svk4=
-18,-21,zna3PNmik9NDAcdJhQAYR52bTKk=,H84S2mqVk08oGH+3lqysPpTQZIw=
-19,-21,zna3PNmik9NDAcdJhQAYR52bTKk=,M3Ta4KVOtZhb+Tm2X2MqpdT0EGY=
-18,-20,zna3PNmik9NDAcdJhQAYR52bTKk=,Ey3xVzpa0zGQ6LSG/m1TupqTKy4=
-19,-18,zna3PNmik9NDAcdJhQAYR52bTKk=,5nn5B8bE2ghnDcfWIc/Pr5uj9pc=
-19,-19,zna3PNmik9NDAcdJhQAYR52bTKk=,Kx21/jHfSOqp+mibyX1FNq4svk4=
-18,-18,zna3PNmik9NDAcdJhQAYR52bTKk=,oRc8n8JSxnHjYu8RoDhwHrkOph0=
-18,-19,zna3PNmik9NDAcdJhQAYR52bTKk=,Ey3xVzpa0zGQ6LSG/m1TupqTKy4=
-23,-18,mR72yIYZU0Z8E88paUpe9sAfDWE=,df0nNstld0Ip2HklgrGWfYEpY8M=
-22,-18,mR72yIYZU0Z8E88paUpe9sAfDWE=,KU1zogGRQUD1ND5ax5mR7fkxLcE=
-21,-19,mR72yIYZU0Z8E88paUpe9sAfDWE=,xF9TBvZRgkeiE+n4PsQGOfBe9t0=
-22,-19,mR72yIYZU0Z8E88paUpe9sAfDWE=,xF9TBvZRgkeiE+n4PsQGOfBe9t0=
-23,-21,mR72yIYZU0Z8E88paUpe9sAfDWE=,apKBDiugdLLN16SYPMMzaAUeG3k=
-21,-18,mR72yIYZU0Z8E88paUpe9sAfDWE=,KU1zogGRQUD1ND5ax5mR7fkxLcE=
-20,-18,mR72yIYZU0Z8E88paUpe9sAfDWE=,5nn5B8bE2ghnDcfWIc/Pr5uj9pc=
-20,-19,mR72yIYZU0Z8E88paUpe9sAfDWE=,Kx21/jHfSOqp+mibyX1FNq4svk4=
-23,-19,mR72yIYZU0Z8E88paUpe9sAfDWE=,DsYUjBB1lW+pe6F9miynYwkgo4w=
-23,-22,mR72yIYZU0Z8E88paUpe9sAfDWE=,apKBDiugdLLN16SYPMMzaAUeG3k=
-23,-20,ZHI21yRV1dtHc3ErBnD5eYbRp3Y=,DsYUjBB1lW+pe6F9miynYwkgo4w=
-21,-20,ZHI21yRV1dtHc3ErBnD5eYbRp3Y=,xF9TBvZRgkeiE+n4PsQGOfBe9t0=
-20,-27,ZHI21yRV1dtHc3ErBnD5eYbRp3Y=,tt0H+WaE4ORuqg6lMP7TiePS3vI=
-20,-24,ZHI21yRV1dtHc3ErBnD5eYbRp3Y=,ZZ3xPFxCoKS/EVkyub/YLlI+whg=
-20,-23,ZHI21yRV1dtHc3ErBnD5eYbRp3Y=,ZZ3xPFxCoKS/EVkyub/YLlI+whg=
-21,-24,ZHI21yRV1dtHc3ErBnD5eYbRp3Y=,mqGqH242z5xvlbvhWClR9Y/GUco=
-20,-22,ZHI21yRV1dtHc3ErBnD5eYbRp3Y=,M3Ta4KVOtZhb+Tm2X2MqpdT0EGY=
-22,-22,ZHI21yRV1dtHc3ErBnD5eYbRp3Y=,hqK35LPLcw4qX0jec1+pz9g+Sm4=
-22,-21,ZHI21yRV1dtHc3ErBnD5eYbRp3Y=,hqK35LPLcw4qX0jec1+pz9g+Sm4=
-22,-17,ZHI21yRV1dtHc3ErBnD5eYbRp3Y=,KU1zogGRQUD1ND5ax5mR7fkxLcE=
-20,-17,SuzmfGffZDwJCQ6xDKeBVxP6m10=,5nn5B8bE2ghnDcfWIc/Pr5uj9pc=
-22,-24,SuzmfGffZDwJCQ6xDKeBVxP6m10=,mqGqH242z5xvlbvhWClR9Y/GUco=
-22,-25,SuzmfGffZDwJCQ6xDKeBVxP6m10=,7KiRD1xxnmdBWLzMs4Y6h9kZpuo=
-21,-25,SuzmfGffZDwJCQ6xDKeBVxP6m10=,7KiRD1xxnmdBWLzMs4Y6h9kZpuo=
-23,-23,SuzmfGffZDwJCQ6xDKeBVxP6m10=,tRVBn8oEqHZUALI6qLtA0nYFvv8=
-21,-22,SuzmfGffZDwJCQ6xDKeBVxP6m10=,hqK35LPLcw4qX0jec1+pz9g+Sm4=
-20,-25,SuzmfGffZDwJCQ6xDKeBVxP6m10=,ecUGgumic6cczd+4v+O5cPDEySo=
-20,-21,SuzmfGffZDwJCQ6xDKeBVxP6m10=,M3Ta4KVOtZhb+Tm2X2MqpdT0EGY=
-21,-17,SuzmfGffZDwJCQ6xDKeBVxP6m10=,KU1zogGRQUD1ND5ax5mR7fkxLcE=
-23,-17,SuzmfGffZDwJCQ6xDKeBVxP6m10=,df0nNstld0Ip2HklgrGWfYEpY8M=
-22,-20,SuzmfGffZDwJCQ6xDKeBVxP6m10=,xF9TBvZRgkeiE+n4PsQGOfBe9t0=
-21,-23,SuzmfGffZDwJCQ6xDKeBVxP6m10=,mqGqH242z5xvlbvhWClR9Y/GUco=
-21,-27,SuzmfGffZDwJCQ6xDKeBVxP6m10=,9ZYXWwuhC7qB5KbZBYLYtHuQO6E=
-22,-23,SuzmfGffZDwJCQ6xDKeBVxP6m10=,mqGqH242z5xvlbvhWClR9Y/GUco=
-19,-17,SuzmfGffZDwJCQ6xDKeBVxP6m10=,5nn5B8bE2ghnDcfWIc/Pr5uj9pc=
-24,-17,SuzmfGffZDwJCQ6xDKeBVxP6m10=,df0nNstld0Ip2HklgrGWfYEpY8M=
-20,-20,SuzmfGffZDwJCQ6xDKeBVxP6m10=,Kx21/jHfSOqp+mibyX1FNq4svk4=
-22,-27,SuzmfGffZDwJCQ6xDKeBVxP6m10=,9ZYXWwuhC7qB5KbZBYLYtHuQO6E=
-26,-17,SuzmfGffZDwJCQ6xDKeBVxP6m10=,bFe8ZS+61AdiddweubaeApCM/zw=
-18,-17,SuzmfGffZDwJCQ6xDKeBVxP6m10=,oRc8n8JSxnHjYu8RoDhwHrkOph0=
-31,-17,SuzmfGffZDwJCQ6xDKeBVxP6m10=,nlDGaSMuQPP3rdSfOxETM8SqYrY=
-25,-17,SuzmfGffZDwJCQ6xDKeBVxP6m10=,bFe8ZS+61AdiddweubaeApCM/zw=
-23,-27,SuzmfGffZDwJCQ6xDKeBVxP6m10=,tUHoaJNhfufzJm37j8KjvMVh084=
-22,-26,SuzmfGffZDwJCQ6xDKeBVxP6m10=,7KiRD1xxnmdBWLzMs4Y6h9kZpuo=
-23,-26,SuzmfGffZDwJCQ6xDKeBVxP6m10=,0E5hqX/THFpnoT6aBi0lqHD9bzI=
-27,-17,SuzmfGffZDwJCQ6xDKeBVxP6m10=,6rFoxbd+1g+uQWLLjwCV5Lxwi8s=
-23,-24,SuzmfGffZDwJCQ6xDKeBVxP6m10=,tRVBn8oEqHZUALI6qLtA0nYFvv8=
-20,-26,SuzmfGffZDwJCQ6xDKeBVxP6m10=,ecUGgumic6cczd+4v+O5cPDEySo=
-21,-26,SuzmfGffZDwJCQ6xDKeBVxP6m10=,7KiRD1xxnmdBWLzMs4Y6h9kZpuo=
-23,-25,SuzmfGffZDwJCQ6xDKeBVxP6m10=,0E5hqX/THFpnoT6aBi0lqHD9bzI=
-29,-17,SuzmfGffZDwJCQ6xDKeBVxP6m10=,4pJsId5H2UHMeRVy7XKMo8fQsmg=
-21,-21,SuzmfGffZDwJCQ6xDKeBVxP6m10=,hqK35LPLcw4qX0jec1+pz9g+Sm4=
-28,-17,SuzmfGffZDwJCQ6xDKeBVxP6m10=,6rFoxbd+1g+uQWLLjwCV5Lxwi8s=
-30,-17,SuzmfGffZDwJCQ6xDKeBVxP6m10=,4pJsId5H2UHMeRVy7XKMo8fQsmg=
-17,-21,Odpxtz3FX3/RUoaVhcQZ67/xm80=,H84S2mqVk08oGH+3lqysPpTQZIw=
-17,-20,Odpxtz3FX3/RUoaVhcQZ67/xm80=,Ey3xVzpa0zGQ6LSG/m1TupqTKy4=
-17,-25,Odpxtz3FX3/RUoaVhcQZ67/xm80=,x+HZjkY2gDmLZ2XLnD1JNZs9Fdc=
-17,-22,Odpxtz3FX3/RUoaVhcQZ67/xm80=,H84S2mqVk08oGH+3lqysPpTQZIw=
-17,-23,Odpxtz3FX3/RUoaVhcQZ67/xm80=,sUVWk/RCtmMfg2DlW1sZsz6/cSY=
-17,-24,Odpxtz3FX3/RUoaVhcQZ67/xm80=,sUVWk/RCtmMfg2DlW1sZsz6/cSY=
-17,-27,Odpxtz3FX3/RUoaVhcQZ67/xm80=,TYmBdAUdkz0x6qUWq3bSSs9W8xg=
-17,-28,Odpxtz3FX3/RUoaVhcQZ67/xm80=,TYmBdAUdkz0x6qUWq3bSSs9W8xg=
-17,-26,Odpxtz3FX3/RUoaVhcQZ67/xm80=,x+HZjkY2gDmLZ2XLnD1JNZs9Fdc=
-17,-29,Odpxtz3FX3/RUoaVhcQZ67/xm80=,fhQTtQz2sC2gaH19Uzr/uNwQlBw=
-21,-30,Odpxtz3FX3/RUoaVhcQZ67/xm80=,lsCvfgUuQ/SCFTOGFdiL4gIepjA=
-21,-31,Odpxtz3FX3/RUoaVhcQZ67/xm80=,pnPmcHJ+S2ZrCgNM638rBwEj00o=
-20,-30,Odpxtz3FX3/RUoaVhcQZ67/xm80=,JxH5rvTnsFDWKxlbcr56k34ePwU=
-21,-32,Odpxtz3FX3/RUoaVhcQZ67/xm80=,pnPmcHJ+S2ZrCgNM638rBwEj00o=
-22,-32,Odpxtz3FX3/RUoaVhcQZ67/xm80=,pnPmcHJ+S2ZrCgNM638rBwEj00o=
-25,-32,Odpxtz3FX3/RUoaVhcQZ67/xm80=,I3HiKjN96QCiBw7vr8o0rgagaL8=
-17,-30,Odpxtz3FX3/RUoaVhcQZ67/xm80=,fhQTtQz2sC2gaH19Uzr/uNwQlBw=
-26,-32,Odpxtz3FX3/RUoaVhcQZ67/xm80=,I3HiKjN96QCiBw7vr8o0rgagaL8=
-28,-32,Odpxtz3FX3/RUoaVhcQZ67/xm80=,Wt63WnXodbMWijCdknvt0xJlKZA=
-18,-30,Odpxtz3FX3/RUoaVhcQZ67/xm80=,fhQTtQz2sC2gaH19Uzr/uNwQlBw=
-19,-30,Odpxtz3FX3/RUoaVhcQZ67/xm80=,JxH5rvTnsFDWKxlbcr56k34ePwU=
-27,-32,Odpxtz3FX3/RUoaVhcQZ67/xm80=,Wt63WnXodbMWijCdknvt0xJlKZA=
-24,-32,Odpxtz3FX3/RUoaVhcQZ67/xm80=,jd+QyTZvnTYeRxCFU2JlNoHTNRE=
-23,-32,Odpxtz3FX3/RUoaVhcQZ67/xm80=,jd+QyTZvnTYeRxCFU2JlNoHTNRE=
-29,-32,Odpxtz3FX3/RUoaVhcQZ67/xm80=,n6qcOMFE9x0UdMrxTPPDK+AQZkM=
-30,-30,Odpxtz3FX3/RUoaVhcQZ67/xm80=,BBOD8sCnwqoqkEexItArRAEHmyE=
-30,-29,Odpxtz3FX3/RUoaVhcQZ67/xm80=,BBOD8sCnwqoqkEexItArRAEHmyE=
-18,-31,Odpxtz3FX3/RUoaVhcQZ67/xm80=,TBVKP1UYrdNQduTAE2aDGqYYUPw=
-30,-25,Odpxtz3FX3/RUoaVhcQZ67/xm80=,a5hmLZHuytUkl585ZhgZ50xAJvY=
-30,-22,Odpxtz3FX3/RUoaVhcQZ67/xm80=,3405sygLhelCjWj3gBtAL6Cl0N4=
-30,-26,Odpxtz3FX3/RUoaVhcQZ67/xm80=,a5hmLZHuytUkl585ZhgZ50xAJvY=
-30,-23,Odpxtz3FX3/RUoaVhcQZ67/xm80=,CGdGTjWXoBB2xyhUsrvfdQpCDuI=
-30,-24,Odpxtz3FX3/RUoaVhcQZ67/xm80=,CGdGTjWXoBB2xyhUsrvfdQpCDuI=
-30,-31,Odpxtz3FX3/RUoaVhcQZ67/xm80=,n6qcOMFE9x0UdMrxTPPDK+AQZkM=
-31,-22,Odpxtz3FX3/RUoaVhcQZ67/xm80=,XDUEAyStLycqVJQ0MbsAhvnBIBk=
-19,-32,Odpxtz3FX3/RUoaVhcQZ67/xm80=,jpceIMN8uzeLy1hVpxUEX0s46v4=
-30,-28,Odpxtz3FX3/RUoaVhcQZ67/xm80=,zu6lt53zQJNiF2f6b9qPdF2as2Q=
-18,-32,Odpxtz3FX3/RUoaVhcQZ67/xm80=,TBVKP1UYrdNQduTAE2aDGqYYUPw=
-32,-22,Odpxtz3FX3/RUoaVhcQZ67/xm80=,XDUEAyStLycqVJQ0MbsAhvnBIBk=
-19,-31,Odpxtz3FX3/RUoaVhcQZ67/xm80=,jpceIMN8uzeLy1hVpxUEX0s46v4=
-32,-21,Odpxtz3FX3/RUoaVhcQZ67/xm80=,XDUEAyStLycqVJQ0MbsAhvnBIBk=
-20,-31,Odpxtz3FX3/RUoaVhcQZ67/xm80=,jpceIMN8uzeLy1hVpxUEX0s46v4=
-17,-31,Odpxtz3FX3/RUoaVhcQZ67/xm80=,TBVKP1UYrdNQduTAE2aDGqYYUPw=
-30,-27,Odpxtz3FX3/RUoaVhcQZ67/xm80=,zu6lt53zQJNiF2f6b9qPdF2as2Q=
-20,-32,Odpxtz3FX3/RUoaVhcQZ67/xm80=,jpceIMN8uzeLy1hVpxUEX0s46v4=
-32,-31,Odpxtz3FX3/RUoaVhcQZ67/xm80=,KZDfFcL/t2LskqwRABKP3cZp2Mg=
-32,-23,Odpxtz3FX3/RUoaVhcQZ67/xm80=,ONo/XrxMURGnbrjbC1t123ysaXE=
-31,-31,Odpxtz3FX3/RUoaVhcQZ67/xm80=,KZDfFcL/t2LskqwRABKP3cZp2Mg=
-31,-23,Odpxtz3FX3/RUoaVhcQZ67/xm80=,ONo/XrxMURGnbrjbC1t123ysaXE=
-31,-30,Odpxtz3FX3/RUoaVhcQZ67/xm80=,VON+FqUBKjOemiG9L9j8YtPRb6A=
-32,-32,Odpxtz3FX3/RUoaVhcQZ67/xm80=,KZDfFcL/t2LskqwRABKP3cZp2Mg=
-31,-32,Odpxtz3FX3/RUoaVhcQZ67/xm80=,KZDfFcL/t2LskqwRABKP3cZp2Mg=
-32,-20,Odpxtz3FX3/RUoaVhcQZ67/xm80=,StQHS9zzwjc0VoXAzV7AYplFsXM=
-32,-19,Odpxtz3FX3/RUoaVhcQZ67/xm80=,StQHS9zzwjc0VoXAzV7AYplFsXM=
-31,-25,Odpxtz3FX3/RUoaVhcQZ67/xm80=,u0Za1kLkXXbVjvEUKEMR+A1KIKM=
-30,-32,Odpxtz3FX3/RUoaVhcQZ67/xm80=,n6qcOMFE9x0UdMrxTPPDK+AQZkM=
-31,-29,Odpxtz3FX3/RUoaVhcQZ67/xm80=,VON+FqUBKjOemiG9L9j8YtPRb6A=
-17,-32,Odpxtz3FX3/RUoaVhcQZ67/xm80=,TBVKP1UYrdNQduTAE2aDGqYYUPw=
-32,-17,Odpxtz3FX3/RUoaVhcQZ67/xm80=,nlDGaSMuQPP3rdSfOxETM8SqYrY=
-32,-18,Odpxtz3FX3/RUoaVhcQZ67/xm80=,nlDGaSMuQPP3rdSfOxETM8SqYrY=
-32,-29,Odpxtz3FX3/RUoaVhcQZ67/xm80=,VON+FqUBKjOemiG9L9j8YtPRb6A=
-27,-26,Odpxtz3FX3/RUoaVhcQZ67/xm80=,aBCx5q61Cavr+QLUxH7v9ChVe88=
-25,-29,Odpxtz3FX3/RUoaVhcQZ67/xm80=,oyBZYG+vo03Bxehr39RAhbaj0ng=
-32,-25,Odpxtz3FX3/RUoaVhcQZ67/xm80=,u0Za1kLkXXbVjvEUKEMR+A1KIKM=
-17,-17,Odpxtz3FX3/RUoaVhcQZ67/xm80=,oRc8n8JSxnHjYu8RoDhwHrkOph0=
-32,-30,Odpxtz3FX3/RUoaVhcQZ67/xm80=,VON+FqUBKjOemiG9L9j8YtPRb6A=
-31,-24,Odpxtz3FX3/RUoaVhcQZ67/xm80=,ONo/XrxMURGnbrjbC1t123ysaXE=
-26,-26,Odpxtz3FX3/RUoaVhcQZ67/xm80=,GiUjvgLnWYCCtfBra9EGqW65778=
-24,-26,Odpxtz3FX3/RUoaVhcQZ67/xm80=,0E5hqX/THFpnoT6aBi0lqHD9bzI=
-32,-24,Odpxtz3FX3/RUoaVhcQZ67/xm80=,ONo/XrxMURGnbrjbC1t123ysaXE=
-24,-29,Odpxtz3FX3/RUoaVhcQZ67/xm80=,D6pj1KoFchWuZQT7gJDuzFH0uas=
-27,-29,Odpxtz3FX3/RUoaVhcQZ67/xm80=,uismTIcKz8vJA/K+42rEHqckjGU=
-27,-28,Odpxtz3FX3/RUoaVhcQZ67/xm80=,1g4ixMBBRLUeH/1aDATZmB5YdZ8=
-17,-18,Odpxtz3FX3/RUoaVhcQZ67/xm80=,oRc8n8JSxnHjYu8RoDhwHrkOph0=
-31,-26,Odpxtz3FX3/RUoaVhcQZ67/xm80=,u0Za1kLkXXbVjvEUKEMR+A1KIKM=
-24,-27,Odpxtz3FX3/RUoaVhcQZ67/xm80=,tUHoaJNhfufzJm37j8KjvMVh084=
-27,-27,Odpxtz3FX3/RUoaVhcQZ67/xm80=,1g4ixMBBRLUeH/1aDATZmB5YdZ8=
-25,-26,Odpxtz3FX3/RUoaVhcQZ67/xm80=,GiUjvgLnWYCCtfBra9EGqW65778=
-24,-28,Odpxtz3FX3/RUoaVhcQZ67/xm80=,tUHoaJNhfufzJm37j8KjvMVh084=
-32,-26,Odpxtz3FX3/RUoaVhcQZ67/xm80=,u0Za1kLkXXbVjvEUKEMR+A1KIKM=
-26,-29,Odpxtz3FX3/RUoaVhcQZ67/xm80=,oyBZYG+vo03Bxehr39RAhbaj0ng=
-17,-19,Odpxtz3FX3/RUoaVhcQZ67/xm80=,Ey3xVzpa0zGQ6LSG/m1TupqTKy4=
-31,-28,Odpxtz3FX3/RUoaVhcQZ67/xm80=,hBxZAltLU7V78BAn+ZmFC3s120Y=
-32,-27,Odpxtz3FX3/RUoaVhcQZ67/xm80=,hBxZAltLU7V78BAn+ZmFC3s120Y=
-31,-27,Odpxtz3FX3/RUoaVhcQZ67/xm80=,hBxZAltLU7V78BAn+ZmFC3s120Y=
-25,-27,Odpxtz3FX3/RUoaVhcQZ67/xm80=,wV661RlSssBwdA+iPSD3+xgGio8=
-32,-28,Odpxtz3FX3/RUoaVhcQZ67/xm80=,hBxZAltLU7V78BAn+ZmFC3s120Y=
-26,-28,Odpxtz3FX3/RUoaVhcQZ67/xm80=,wV661RlSssBwdA+iPSD3+xgGio8=
-25,-28,Odpxtz3FX3/RUoaVhcQZ67/xm80=,wV661RlSssBwdA+iPSD3+xgGio8=
-26,-27,Odpxtz3FX3/RUoaVhcQZ67/xm80=,wV661RlSssBwdA+iPSD3+xgGio8=
-31,-3,Wuful+BmryIGzTg7Do09CNp36CI=,SaCZMoZxWwu0SaAra28cBjtP3ik=
-30,-2,Wuful+BmryIGzTg7Do09CNp36CI=,Uvvlo9Mh+RQCuYtw5Znoga8vhZY=
-31,-2,Wuful+BmryIGzTg7Do09CNp36CI=,VS9Wz/j6MTgZIYiFQ154Yhk/Ubk=
-30,-3,Wuful+BmryIGzTg7Do09CNp36CI=,6H8ta2S9kSUELrGNos/1NfttJEk=
-31,-5,Wuful+BmryIGzTg7Do09CNp36CI=,vObYCujM8F7UteK3o5TvnLdwj48=
-30,-4,Wuful+BmryIGzTg7Do09CNp36CI=,6H8ta2S9kSUELrGNos/1NfttJEk=
-28,-5,Wuful+BmryIGzTg7Do09CNp36CI=,jqr52hG4QmMYwZG4glWY84TfwvQ=
-30,-5,Wuful+BmryIGzTg7Do09CNp36CI=,NuxGSngzfbfelzf6Hqs8hZNjKfk=
-29,-5,Wuful+BmryIGzTg7Do09CNp36CI=,NuxGSngzfbfelzf6Hqs8hZNjKfk=
-27,-4,7MYcSspUYuccjgorwDs8P1gSmUo=,brRg5BwaH97nTPsa0gCyUg4ltzc=
-29,-3,7MYcSspUYuccjgorwDs8P1gSmUo=,6H8ta2S9kSUELrGNos/1NfttJEk=
-28,-4,7MYcSspUYuccjgorwDs8P1gSmUo=,brRg5BwaH97nTPsa0gCyUg4ltzc=
-28,-2,7MYcSspUYuccjgorwDs8P1gSmUo=,KabfDuk0teRcN3q4WaI8OMlqfmg=
-29,-4,7MYcSspUYuccjgorwDs8P1gSmUo=,6H8ta2S9kSUELrGNos/1NfttJEk=
-28,-3,7MYcSspUYuccjgorwDs8P1gSmUo=,brRg5BwaH97nTPsa0gCyUg4ltzc=
-26,-5,7MYcSspUYuccjgorwDs8P1gSmUo=,gNbtQrzZMS0kEDqahJgrUM0RShk=
-31,-4,7MYcSspUYuccjgorwDs8P1gSmUo=,SaCZMoZxWwu0SaAra28cBjtP3ik=
-27,-5,7MYcSspUYuccjgorwDs8P1gSmUo=,jqr52hG4QmMYwZG4glWY84TfwvQ=
-26,-4,7MYcSspUYuccjgorwDs8P1gSmUo=,cE5OxONBtz5N57OzKkKEthx2ijE=
-29,-2,7MYcSspUYuccjgorwDs8P1gSmUo=,Uvvlo9Mh+RQCuYtw5Znoga8vhZY=
-27,-2,7MYcSspUYuccjgorwDs8P1gSmUo=,KabfDuk0teRcN3q4WaI8OMlqfmg=
-24,-5,7MYcSspUYuccjgorwDs8P1gSmUo=,nt68tn358MJieQU/J6NhtMQ+4XE=
-27,-3,7MYcSspUYuccjgorwDs8P1gSmUo=,brRg5BwaH97nTPsa0gCyUg4ltzc=
-24,-4,7MYcSspUYuccjgorwDs8P1gSmUo=,vep0oQ2Ni1zxFCiDaXIH+oFcw0k=
-25,-5,7MYcSspUYuccjgorwDs8P1gSmUo=,gNbtQrzZMS0kEDqahJgrUM0RShk=
-26,-3,7MYcSspUYuccjgorwDs8P1gSmUo=,cE5OxONBtz5N57OzKkKEthx2ijE=
-25,-4,7MYcSspUYuccjgorwDs8P1gSmUo=,cE5OxONBtz5N57OzKkKEthx2ijE=
-24,-2,7MYcSspUYuccjgorwDs8P1gSmUo=,LKaXKdTw01d4qPKGkfg5bbS3ZK8=
-24,-3,7MYcSspUYuccjgorwDs8P1gSmUo=,vep0oQ2Ni1zxFCiDaXIH+oFcw0k=
-25,-3,7MYcSspUYuccjgorwDs8P1gSmUo=,cE5OxONBtz5N57OzKkKEthx2ijE=
-26,-2,7MYcSspUYuccjgorwDs8P1gSmUo=,Vm5+EL/Ee/qK/5Zg1fEQKNEeV5Q=
-25,-2,7MYcSspUYuccjgorwDs8P1gSmUo=,Vm5+EL/Ee/qK/5Zg1fEQKNEeV5Q=
-23,-5,7MYcSspUYuccjgorwDs8P1gSmUo=,nt68tn358MJieQU/J6NhtMQ+4XE=
-22,-5,7MYcSspUYuccjgorwDs8P1gSmUo=,LHOm5DsX4SRjBlg5hyPQ2sa3wDU=
-22,-4,7MYcSspUYuccjgorwDs8P1gSmUo=,Oz80aMQqRt+5XpA+w3JBnkdPen4=
-23,-4,7MYcSspUYuccjgorwDs8P1gSmUo=,vep0oQ2Ni1zxFCiDaXIH+oFcw0k=
-22,-6,Q0DauaAAnwKMH9JQtw3rdUxAQj4=,LHOm5DsX4SRjBlg5hyPQ2sa3wDU=
-23,-7,Q0DauaAAnwKMH9JQtw3rdUxAQj4=,GjWhKzBfCyvzb4PL+c7cEmmdf+4=
-20,-4,Q0DauaAAnwKMH9JQtw3rdUxAQj4=,EHLAzfyJLklOopt10D5G0pI8FDc=
-23,-6,Q0DauaAAnwKMH9JQtw3rdUxAQj4=,nt68tn358MJieQU/J6NhtMQ+4XE=
-20,-7,Q0DauaAAnwKMH9JQtw3rdUxAQj4=,WHzQjxu42YS7wKrfNPv74nF/8oI=
-25,-6,Q0DauaAAnwKMH9JQtw3rdUxAQj4=,gNbtQrzZMS0kEDqahJgrUM0RShk=
-21,-6,Q0DauaAAnwKMH9JQtw3rdUxAQj4=,LHOm5DsX4SRjBlg5hyPQ2sa3wDU=
-22,-7,Q0DauaAAnwKMH9JQtw3rdUxAQj4=,oB21hYsphXY5rKve2aArfROur1o=
-21,-4,Q0DauaAAnwKMH9JQtw3rdUxAQj4=,Oz80aMQqRt+5XpA+w3JBnkdPen4=
-21,-5,Q0DauaAAnwKMH9JQtw3rdUxAQj4=,LHOm5DsX4SRjBlg5hyPQ2sa3wDU=
-21,-7,Q0DauaAAnwKMH9JQtw3rdUxAQj4=,oB21hYsphXY5rKve2aArfROur1o=
-24,-7,Q0DauaAAnwKMH9JQtw3rdUxAQj4=,GjWhKzBfCyvzb4PL+c7cEmmdf+4=
-20,-6,Q0DauaAAnwKMH9JQtw3rdUxAQj4=,UKc6W/t5WREYhJdMDY/olQPS5yQ=
-20,-5,Q0DauaAAnwKMH9JQtw3rdUxAQj4=,UKc6W/t5WREYhJdMDY/olQPS5yQ=
-25,-7,Q0DauaAAnwKMH9JQtw3rdUxAQj4=,8PHDrsmBRQmL9meTCjj7gvPLUzU=
-24,-6,Q0DauaAAnwKMH9JQtw3rdUxAQj4=,nt68tn358MJieQU/J6NhtMQ+4XE=
-26,-6,Q0DauaAAnwKMH9JQtw3rdUxAQj4=,gNbtQrzZMS0kEDqahJgrUM0RShk=
-26,-7,Q0DauaAAnwKMH9JQtw3rdUxAQj4=,8PHDrsmBRQmL9meTCjj7gvPLUzU=
-27,-7,Q0DauaAAnwKMH9JQtw3rdUxAQj4=,DJxsIQYDWloIvlUI4FTl25dPd08=
-27,-8,Q0DauaAAnwKMH9JQtw3rdUxAQj4=,DJxsIQYDWloIvlUI4FTl25dPd08=
-27,-6,Q0DauaAAnwKMH9JQtw3rdUxAQj4=,jqr52hG4QmMYwZG4glWY84TfwvQ=
-27,-9,Q0DauaAAnwKMH9JQtw3rdUxAQj4=,b2cBYXMOQ6y83nNSCyS5H7bjPQM=
-26,-9,Z5QRCBcH6ZGVnFaPNjusuzhGUfw=,/KiYfwHJ1VyTeMu/Y54cenoNLes=
-26,-8,Z5QRCBcH6ZGVnFaPNjusuzhGUfw=,8PHDrsmBRQmL9meTCjj7gvPLUzU=
-26,-10,Z5QRCBcH6ZGVnFaPNjusuzhGUfw=,/KiYfwHJ1VyTeMu/Y54cenoNLes=
-27,-10,Z5QRCBcH6ZGVnFaPNjusuzhGUfw=,b2cBYXMOQ6y83nNSCyS5H7bjPQM=
-27,-11,Z5QRCBcH6ZGVnFaPNjusuzhGUfw=,Qy3IL9efI+guDxZqP2iErwT7MW0=
-26,-14,Z5QRCBcH6ZGVnFaPNjusuzhGUfw=,43qrn2V4pFUTnIbOzBOsfCYLH44=
-24,-14,Z5QRCBcH6ZGVnFaPNjusuzhGUfw=,/jSdClBTlUAU37hGT78P9EEUWIs=
-26,-12,Z5QRCBcH6ZGVnFaPNjusuzhGUfw=,5PAYI+b+fqYI87WwDdrirYMDAEI=
-27,-15,Z5QRCBcH6ZGVnFaPNjusuzhGUfw=,XuZ3yxlPPy078aVTnz1P/TrVgRQ=
-27,-12,Z5QRCBcH6ZGVnFaPNjusuzhGUfw=,Qy3IL9efI+guDxZqP2iErwT7MW0=
-26,-15,Z5QRCBcH6ZGVnFaPNjusuzhGUfw=,3mne5vLt4SYK+Ws7Va3ADDQHZuM=
-25,-15,Z5QRCBcH6ZGVnFaPNjusuzhGUfw=,3mne5vLt4SYK+Ws7Va3ADDQHZuM=
-26,-11,Z5QRCBcH6ZGVnFaPNjusuzhGUfw=,5PAYI+b+fqYI87WwDdrirYMDAEI=
-27,-13,Z5QRCBcH6ZGVnFaPNjusuzhGUfw=,GACmVAX7A95L4VsD/lCY4B9H0ek=
-24,-15,Z5QRCBcH6ZGVnFaPNjusuzhGUfw=,oK+1F9xFoQhGK24JeMwNXsl7FVU=
-27,-14,Z5QRCBcH6ZGVnFaPNjusuzhGUfw=,GACmVAX7A95L4VsD/lCY4B9H0ek=
-25,-14,Z5QRCBcH6ZGVnFaPNjusuzhGUfw=,43qrn2V4pFUTnIbOzBOsfCYLH44=
-26,-13,Z5QRCBcH6ZGVnFaPNjusuzhGUfw=,43qrn2V4pFUTnIbOzBOsfCYLH44=
-25,-13,Z5QRCBcH6ZGVnFaPNjusuzhGUfw=,43qrn2V4pFUTnIbOzBOsfCYLH44=
-23,-13,Z5QRCBcH6ZGVnFaPNjusuzhGUfw=,/jSdClBTlUAU37hGT78P9EEUWIs=
-23,-15,aGJixlUFVgmdj3/0QHc/qp1+9mc=,oK+1F9xFoQhGK24JeMwNXsl7FVU=
-22,-13,aGJixlUFVgmdj3/0QHc/qp1+9mc=,ytse6Ht7WjT16idZUFnu5dnOYUg=
-24,-13,aGJixlUFVgmdj3/0QHc/qp1+9mc=,/jSdClBTlUAU37hGT78P9EEUWIs=
-22,-12,aGJixlUFVgmdj3/0QHc/qp1+9mc=,jExnJPSfANl4iepm/TPutX6HK4o=
-23,-12,aGJixlUFVgmdj3/0QHc/qp1+9mc=,2ocXEn5gA8uZ/+qr1NPmqG0TH1Q=
-25,-12,aGJixlUFVgmdj3/0QHc/qp1+9mc=,5PAYI+b+fqYI87WwDdrirYMDAEI=
-22,-14,aGJixlUFVgmdj3/0QHc/qp1+9mc=,ytse6Ht7WjT16idZUFnu5dnOYUg=
-24,-12,aGJixlUFVgmdj3/0QHc/qp1+9mc=,2ocXEn5gA8uZ/+qr1NPmqG0TH1Q=
-22,-15,aGJixlUFVgmdj3/0QHc/qp1+9mc=,cimrA8wyDmIth/qMTn2InKMK86k=
-21,-15,aGJixlUFVgmdj3/0QHc/qp1+9mc=,cimrA8wyDmIth/qMTn2InKMK86k=
-23,-14,aGJixlUFVgmdj3/0QHc/qp1+9mc=,/jSdClBTlUAU37hGT78P9EEUWIs=
-20,-13,aGJixlUFVgmdj3/0QHc/qp1+9mc=,aI3W/etb/sy6bQsyI0MfcR1B3P0=
-21,-13,aGJixlUFVgmdj3/0QHc/qp1+9mc=,ytse6Ht7WjT16idZUFnu5dnOYUg=
-20,-14,aGJixlUFVgmdj3/0QHc/qp1+9mc=,aI3W/etb/sy6bQsyI0MfcR1B3P0=
-21,-12,aGJixlUFVgmdj3/0QHc/qp1+9mc=,jExnJPSfANl4iepm/TPutX6HK4o=
-21,-14,aGJixlUFVgmdj3/0QHc/qp1+9mc=,ytse6Ht7WjT16idZUFnu5dnOYUg=
-20,-12,aGJixlUFVgmdj3/0QHc/qp1+9mc=,evQkAUBtBYmV34aAzwSoZya3A7g=
-19,-12,aGJixlUFVgmdj3/0QHc/qp1+9mc=,evQkAUBtBYmV34aAzwSoZya3A7g=
-20,-15,aGJixlUFVgmdj3/0QHc/qp1+9mc=,N9WvysLQnbyMv57fXJtPlhNN66w=
-19,-13,aGJixlUFVgmdj3/0QHc/qp1+9mc=,aI3W/etb/sy6bQsyI0MfcR1B3P0=
-18,-13,etAmLS0d4XlzVOK/Tpw5pj1MqS4=,iL8HHbnDGXLKmlV+ppWsgK7pl4M=
-18,-12,etAmLS0d4XlzVOK/Tpw5pj1MqS4=,UlZRtXvMh1iWuTqQp7wtdsQTeaQ=
-18,-11,etAmLS0d4XlzVOK/Tpw5pj1MqS4=,UlZRtXvMh1iWuTqQp7wtdsQTeaQ=
-19,-11,etAmLS0d4XlzVOK/Tpw5pj1MqS4=,evQkAUBtBYmV34aAzwSoZya3A7g=
-19,-8,etAmLS0d4XlzVOK/Tpw5pj1MqS4=,WHzQjxu42YS7wKrfNPv74nF/8oI=
-20,-8,etAmLS0d4XlzVOK/Tpw5pj1MqS4=,WHzQjxu42YS7wKrfNPv74nF/8oI=
-18,-9,etAmLS0d4XlzVOK/Tpw5pj1MqS4=,X0Ccp4sgHhGo8ZuvSL1Ll88HuIU=
-21,-11,etAmLS0d4XlzVOK/Tpw5pj1MqS4=,jExnJPSfANl4iepm/TPutX6HK4o=
-21,-8,etAmLS0d4XlzVOK/Tpw5pj1MqS4=,oB21hYsphXY5rKve2aArfROur1o=
-17,-8,etAmLS0d4XlzVOK/Tpw5pj1MqS4=,giCkXgXUljok7D8mq6DWKz2bTfw=
-19,-9,etAmLS0d4XlzVOK/Tpw5pj1MqS4=,gFzpj49a+/7Y24uUAAWwm9bzdgs=
-22,-11,etAmLS0d4XlzVOK/Tpw5pj1MqS4=,jExnJPSfANl4iepm/TPutX6HK4o=
-19,-10,etAmLS0d4XlzVOK/Tpw5pj1MqS4=,gFzpj49a+/7Y24uUAAWwm9bzdgs=
-20,-11,etAmLS0d4XlzVOK/Tpw5pj1MqS4=,evQkAUBtBYmV34aAzwSoZya3A7g=
-18,-8,etAmLS0d4XlzVOK/Tpw5pj1MqS4=,giCkXgXUljok7D8mq6DWKz2bTfw=
-20,-9,etAmLS0d4XlzVOK/Tpw5pj1MqS4=,gFzpj49a+/7Y24uUAAWwm9bzdgs=
-21,-9,etAmLS0d4XlzVOK/Tpw5pj1MqS4=,YRGJbEc920dbfQgVR3F92lflWLU=
-18,-10,etAmLS0d4XlzVOK/Tpw5pj1MqS4=,X0Ccp4sgHhGo8ZuvSL1Ll88HuIU=
-20,-10,etAmLS0d4XlzVOK/Tpw5pj1MqS4=,gFzpj49a+/7Y24uUAAWwm9bzdgs=
-21,-10,etAmLS0d4XlzVOK/Tpw5pj1MqS4=,YRGJbEc920dbfQgVR3F92lflWLU=
-25,-8,etAmLS0d4XlzVOK/Tpw5pj1MqS4=,8PHDrsmBRQmL9meTCjj7gvPLUzU=
-17,-9,1VH8IBK2HXmKolFj3DzJjHjDdhg=,X0Ccp4sgHhGo8ZuvSL1Ll88HuIU=
-25,-10,1VH8IBK2HXmKolFj3DzJjHjDdhg=,/KiYfwHJ1VyTeMu/Y54cenoNLes=
-25,-9,1VH8IBK2HXmKolFj3DzJjHjDdhg=,/KiYfwHJ1VyTeMu/Y54cenoNLes=
-22,-9,1VH8IBK2HXmKolFj3DzJjHjDdhg=,YRGJbEc920dbfQgVR3F92lflWLU=
-23,-11,1VH8IBK2HXmKolFj3DzJjHjDdhg=,2ocXEn5gA8uZ/+qr1NPmqG0TH1Q=
-25,-11,1VH8IBK2HXmKolFj3DzJjHjDdhg=,5PAYI+b+fqYI87WwDdrirYMDAEI=
-24,-10,1VH8IBK2HXmKolFj3DzJjHjDdhg=,CYFIfnCv7PfbTf4KTwaDpyT89lY=
-24,-9,1VH8IBK2HXmKolFj3DzJjHjDdhg=,CYFIfnCv7PfbTf4KTwaDpyT89lY=
-22,-8,1VH8IBK2HXmKolFj3DzJjHjDdhg=,oB21hYsphXY5rKve2aArfROur1o=
-23,-10,1VH8IBK2HXmKolFj3DzJjHjDdhg=,CYFIfnCv7PfbTf4KTwaDpyT89lY=
-23,-8,1VH8IBK2HXmKolFj3DzJjHjDdhg=,GjWhKzBfCyvzb4PL+c7cEmmdf+4=
-22,-10,1VH8IBK2HXmKolFj3DzJjHjDdhg=,YRGJbEc920dbfQgVR3F92lflWLU=
-23,-9,1VH8IBK2HXmKolFj3DzJjHjDdhg=,CYFIfnCv7PfbTf4KTwaDpyT89lY=
-24,-8,1VH8IBK2HXmKolFj3DzJjHjDdhg=,GjWhKzBfCyvzb4PL+c7cEmmdf+4=
-24,-11,1VH8IBK2HXmKolFj3DzJjHjDdhg=,2ocXEn5gA8uZ/+qr1NPmqG0TH1Q=
-19,-4,1VH8IBK2HXmKolFj3DzJjHjDdhg=,EHLAzfyJLklOopt10D5G0pI8FDc=
-19,-6,1VH8IBK2HXmKolFj3DzJjHjDdhg=,UKc6W/t5WREYhJdMDY/olQPS5yQ=
-18,-7,1VH8IBK2HXmKolFj3DzJjHjDdhg=,giCkXgXUljok7D8mq6DWKz2bTfw=
-18,-5,1VH8IBK2HXmKolFj3DzJjHjDdhg=,LWu0a1O29Eh3ra6mimEjKJafewY=
-19,-5,1VH8IBK2HXmKolFj3DzJjHjDdhg=,UKc6W/t5WREYhJdMDY/olQPS5yQ=
-19,-2,1VH8IBK2HXmKolFj3DzJjHjDdhg=,6Aw9IYuwDjN7hKQ5J+bvCyzhCx8=
-18,-6,1VH8IBK2HXmKolFj3DzJjHjDdhg=,LWu0a1O29Eh3ra6mimEjKJafewY=
-18,-2,1VH8IBK2HXmKolFj3DzJjHjDdhg=,ImhrL7VEPSdzovgutxRFAl89fJI=
-18,-4,1VH8IBK2HXmKolFj3DzJjHjDdhg=,J/U4QW2qu8FIlne/xwN7te5QxPs=
-19,-7,1VH8IBK2HXmKolFj3DzJjHjDdhg=,WHzQjxu42YS7wKrfNPv74nF/8oI=
-19,-3,1VH8IBK2HXmKolFj3DzJjHjDdhg=,EHLAzfyJLklOopt10D5G0pI8FDc=
-18,-3,1VH8IBK2HXmKolFj3DzJjHjDdhg=,J/U4QW2qu8FIlne/xwN7te5QxPs=
-20,-3,1VH8IBK2HXmKolFj3DzJjHjDdhg=,EHLAzfyJLklOopt10D5G0pI8FDc=
-19,-1,1VH8IBK2HXmKolFj3DzJjHjDdhg=,6Aw9IYuwDjN7hKQ5J+bvCyzhCx8=
-20,-1,1VH8IBK2HXmKolFj3DzJjHjDdhg=,6Aw9IYuwDjN7hKQ5J+bvCyzhCx8=
-20,-2,1VH8IBK2HXmKolFj3DzJjHjDdhg=,6Aw9IYuwDjN7hKQ5J+bvCyzhCx8=
-18,-1,1VH8IBK2HXmKolFj3DzJjHjDdhg=,ImhrL7VEPSdzovgutxRFAl89fJI=
-26,-1,1VH8IBK2HXmKolFj3DzJjHjDdhg=,Vm5+EL/Ee/qK/5Zg1fEQKNEeV5Q=
-24,-1,1VH8IBK2HXmKolFj3DzJjHjDdhg=,LKaXKdTw01d4qPKGkfg5bbS3ZK8=
-23,-3,1VH8IBK2HXmKolFj3DzJjHjDdhg=,vep0oQ2Ni1zxFCiDaXIH+oFcw0k=
-21,-2,1VH8IBK2HXmKolFj3DzJjHjDdhg=,jXc1b1H/uibnfI8O9qorklqRZdg=
-28,-1,1VH8IBK2HXmKolFj3DzJjHjDdhg=,KabfDuk0teRcN3q4WaI8OMlqfmg=
-25,-1,1VH8IBK2HXmKolFj3DzJjHjDdhg=,Vm5+EL/Ee/qK/5Zg1fEQKNEeV5Q=
-27,-1,1VH8IBK2HXmKolFj3DzJjHjDdhg=,KabfDuk0teRcN3q4WaI8OMlqfmg=
-22,-2,1VH8IBK2HXmKolFj3DzJjHjDdhg=,jXc1b1H/uibnfI8O9qorklqRZdg=
-21,-3,1VH8IBK2HXmKolFj3DzJjHjDdhg=,Oz80aMQqRt+5XpA+w3JBnkdPen4=
-30,-1,1VH8IBK2HXmKolFj3DzJjHjDdhg=,Uvvlo9Mh+RQCuYtw5Znoga8vhZY=
-29,-14,1VH8IBK2HXmKolFj3DzJjHjDdhg=,0t/mK6vQ7yOX+JMzSNz0ZVcsxLQ=
-22,-3,pI2v46nxGJEfEykjiFB5x9Unczo=,Oz80aMQqRt+5XpA+w3JBnkdPen4=
-23,-2,pI2v46nxGJEfEykjiFB5x9Unczo=,LKaXKdTw01d4qPKGkfg5bbS3ZK8=
-29,-1,pI2v46nxGJEfEykjiFB5x9Unczo=,Uvvlo9Mh+RQCuYtw5Znoga8vhZY=
-31,-1,pI2v46nxGJEfEykjiFB5x9Unczo=,VS9Wz/j6MTgZIYiFQ154Yhk/Ubk=
-22,-1,pI2v46nxGJEfEykjiFB5x9Unczo=,jXc1b1H/uibnfI8O9qorklqRZdg=
-28,-15,pI2v46nxGJEfEykjiFB5x9Unczo=,XuZ3yxlPPy078aVTnz1P/TrVgRQ=
-21,-1,pI2v46nxGJEfEykjiFB5x9Unczo=,jXc1b1H/uibnfI8O9qorklqRZdg=
-29,-15,pI2v46nxGJEfEykjiFB5x9Unczo=,OYoIPRMBp6ei9DM3C9o6F2LOxao=
-28,-14,pI2v46nxGJEfEykjiFB5x9Unczo=,GACmVAX7A95L4VsD/lCY4B9H0ek=
-23,-1,pI2v46nxGJEfEykjiFB5x9Unczo=,LKaXKdTw01d4qPKGkfg5bbS3ZK8=
-31,-14,pI2v46nxGJEfEykjiFB5x9Unczo=,NECAwkho3SkJaEs2KrdROkATBjA=
-31,-15,pI2v46nxGJEfEykjiFB5x9Unczo=,YjD+sbdulZtXIaRd92Mtm39kU1Q=
-30,-15,pI2v46nxGJEfEykjiFB5x9Unczo=,OYoIPRMBp6ei9DM3C9o6F2LOxao=
-30,-14,pI2v46nxGJEfEykjiFB5x9Unczo=,0t/mK6vQ7yOX+JMzSNz0ZVcsxLQ=
-31,-13,pI2v46nxGJEfEykjiFB5x9Unczo=,NECAwkho3SkJaEs2KrdROkATBjA=
-29,-13,pI2v46nxGJEfEykjiFB5x9Unczo=,0t/mK6vQ7yOX+JMzSNz0ZVcsxLQ=
-28,-11,pI2v46nxGJEfEykjiFB5x9Unczo=,Qy3IL9efI+guDxZqP2iErwT7MW0=
-30,-13,2ZXPxVhqc21zSizF16B6UGkfAZI=,0t/mK6vQ7yOX+JMzSNz0ZVcsxLQ=
-28,-12,2ZXPxVhqc21zSizF16B6UGkfAZI=,Qy3IL9efI+guDxZqP2iErwT7MW0=
-29,-11,2ZXPxVhqc21zSizF16B6UGkfAZI=,0m612s9Ni4M7a+Hk9lLI191zSeM=
-30,-11,2ZXPxVhqc21zSizF16B6UGkfAZI=,0m612s9Ni4M7a+Hk9lLI191zSeM=
-30,-12,2ZXPxVhqc21zSizF16B6UGkfAZI=,0m612s9Ni4M7a+Hk9lLI191zSeM=
-31,-12,2ZXPxVhqc21zSizF16B6UGkfAZI=,9y1bfImQtrtR5qd/Qoo82tbmix4=
-28,-13,2ZXPxVhqc21zSizF16B6UGkfAZI=,GACmVAX7A95L4VsD/lCY4B9H0ek=
-28,-7,2ZXPxVhqc21zSizF16B6UGkfAZI=,DJxsIQYDWloIvlUI4FTl25dPd08=
-28,-9,2ZXPxVhqc21zSizF16B6UGkfAZI=,b2cBYXMOQ6y83nNSCyS5H7bjPQM=
-30,-10,2ZXPxVhqc21zSizF16B6UGkfAZI=,b5jbZ4JuesKZPILoeRQsTb5bdyU=
-29,-12,2ZXPxVhqc21zSizF16B6UGkfAZI=,0m612s9Ni4M7a+Hk9lLI191zSeM=
-31,-10,2ZXPxVhqc21zSizF16B6UGkfAZI=,POuhPHXc9uX5CxRLTjdDBbB6BWQ=
-29,-9,2ZXPxVhqc21zSizF16B6UGkfAZI=,b5jbZ4JuesKZPILoeRQsTb5bdyU=
-28,-8,2ZXPxVhqc21zSizF16B6UGkfAZI=,DJxsIQYDWloIvlUI4FTl25dPd08=
-28,-6,2ZXPxVhqc21zSizF16B6UGkfAZI=,jqr52hG4QmMYwZG4glWY84TfwvQ=
-29,-8,2ZXPxVhqc21zSizF16B6UGkfAZI=,82jdGy5vZ1n8GNQc/jAmGSa0ufw=
-29,-6,2ZXPxVhqc21zSizF16B6UGkfAZI=,NuxGSngzfbfelzf6Hqs8hZNjKfk=
-29,-7,2ZXPxVhqc21zSizF16B6UGkfAZI=,82jdGy5vZ1n8GNQc/jAmGSa0ufw=
-29,-10,2ZXPxVhqc21zSizF16B6UGkfAZI=,b5jbZ4JuesKZPILoeRQsTb5bdyU=
-31,-11,2ZXPxVhqc21zSizF16B6UGkfAZI=,9y1bfImQtrtR5qd/Qoo82tbmix4=
-28,-10,2ZXPxVhqc21zSizF16B6UGkfAZI=,b2cBYXMOQ6y83nNSCyS5H7bjPQM=
-31,-8,2ZXPxVhqc21zSizF16B6UGkfAZI=,led7PDdOPhRcjuHgF+jD9HCqa6k=
-30,-9,2ZXPxVhqc21zSizF16B6UGkfAZI=,b5jbZ4JuesKZPILoeRQsTb5bdyU=
-31,-6,2ZXPxVhqc21zSizF16B6UGkfAZI=,vObYCujM8F7UteK3o5TvnLdwj48=
-30,-6,2ZXPxVhqc21zSizF16B6UGkfAZI=,NuxGSngzfbfelzf6Hqs8hZNjKfk=
-31,-9,2ZXPxVhqc21zSizF16B6UGkfAZI=,POuhPHXc9uX5CxRLTjdDBbB6BWQ=
-30,-8,2ZXPxVhqc21zSizF16B6UGkfAZI=,82jdGy5vZ1n8GNQc/jAmGSa0ufw=
-30,-7,2ZXPxVhqc21zSizF16B6UGkfAZI=,82jdGy5vZ1n8GNQc/jAmGSa0ufw=
-31,-7,2ZXPxVhqc21zSizF16B6UGkfAZI=,led7PDdOPhRcjuHgF+jD9HCqa6k=
-32,-9,2ZXPxVhqc21zSizF16B6UGkfAZI=,POuhPHXc9uX5CxRLTjdDBbB6BWQ=
-32,-3,2ZXPxVhqc21zSizF16B6UGkfAZI=,SaCZMoZxWwu0SaAra28cBjtP3ik=
-32,-8,2ZXPxVhqc21zSizF16B6UGkfAZI=,led7PDdOPhRcjuHgF+jD9HCqa6k=
-32,-4,2ZXPxVhqc21zSizF16B6UGkfAZI=,SaCZMoZxWwu0SaAra28cBjtP3ik=
-32,-10,2ZXPxVhqc21zSizF16B6UGkfAZI=,POuhPHXc9uX5CxRLTjdDBbB6BWQ=
-32,-5,2ZXPxVhqc21zSizF16B6UGkfAZI=,vObYCujM8F7UteK3o5TvnLdwj48=
-32,-7,2ZXPxVhqc21zSizF16B6UGkfAZI=,led7PDdOPhRcjuHgF+jD9HCqa6k=
-32,-6,2ZXPxVhqc21zSizF16B6UGkfAZI=,vObYCujM8F7UteK3o5TvnLdwj48=
-32,-11,bhD1usjFGeW6puDk7WVg0ESIKts=,9y1bfImQtrtR5qd/Qoo82tbmix4=
-32,-2,bhD1usjFGeW6puDk7WVg0ESIKts=,VS9Wz/j6MTgZIYiFQ154Yhk/Ubk=
-32,-15,bhD1usjFGeW6puDk7WVg0ESIKts=,YjD+sbdulZtXIaRd92Mtm39kU1Q=
-31,-16,bhD1usjFGeW6puDk7WVg0ESIKts=,YjD+sbdulZtXIaRd92Mtm39kU1Q=
-32,-14,bhD1usjFGeW6puDk7WVg0ESIKts=,NECAwkho3SkJaEs2KrdROkATBjA=
-24,-16,bhD1usjFGeW6puDk7WVg0ESIKts=,oK+1F9xFoQhGK24JeMwNXsl7FVU=
-27,-16,bhD1usjFGeW6puDk7WVg0ESIKts=,XuZ3yxlPPy078aVTnz1P/TrVgRQ=
-23,-16,bhD1usjFGeW6puDk7WVg0ESIKts=,oK+1F9xFoQhGK24JeMwNXsl7FVU=
-32,-13,bhD1usjFGeW6puDk7WVg0ESIKts=,NECAwkho3SkJaEs2KrdROkATBjA=
-30,-16,bhD1usjFGeW6puDk7WVg0ESIKts=,OYoIPRMBp6ei9DM3C9o6F2LOxao=
-25,-16,bhD1usjFGeW6puDk7WVg0ESIKts=,3mne5vLt4SYK+Ws7Va3ADDQHZuM=
-28,-16,bhD1usjFGeW6puDk7WVg0ESIKts=,XuZ3yxlPPy078aVTnz1P/TrVgRQ=
-26,-16,bhD1usjFGeW6puDk7WVg0ESIKts=,3mne5vLt4SYK+Ws7Va3ADDQHZuM=
-22,-16,bhD1usjFGeW6puDk7WVg0ESIKts=,cimrA8wyDmIth/qMTn2InKMK86k=
-32,-12,bhD1usjFGeW6puDk7WVg0ESIKts=,9y1bfImQtrtR5qd/Qoo82tbmix4=
-21,-16,bhD1usjFGeW6puDk7WVg0ESIKts=,cimrA8wyDmIth/qMTn2InKMK86k=
-20,-16,bhD1usjFGeW6puDk7WVg0ESIKts=,N9WvysLQnbyMv57fXJtPlhNN66w=
-29,-16,bhD1usjFGeW6puDk7WVg0ESIKts=,OYoIPRMBp6ei9DM3C9o6F2LOxao=
-19,-16,bhD1usjFGeW6puDk7WVg0ESIKts=,N9WvysLQnbyMv57fXJtPlhNN66w=
-19,-15,bhD1usjFGeW6puDk7WVg0ESIKts=,N9WvysLQnbyMv57fXJtPlhNN66w=
-17,-16,bhD1usjFGeW6puDk7WVg0ESIKts=,/TXomjtGJWsACF4/oc8vJxAHD+Y=
-19,-14,bhD1usjFGeW6puDk7WVg0ESIKts=,aI3W/etb/sy6bQsyI0MfcR1B3P0=
-17,-15,bhD1usjFGeW6puDk7WVg0ESIKts=,/TXomjtGJWsACF4/oc8vJxAHD+Y=
-17,-13,bhD1usjFGeW6puDk7WVg0ESIKts=,iL8HHbnDGXLKmlV+ppWsgK7pl4M=
-17,-14,bhD1usjFGeW6puDk7WVg0ESIKts=,iL8HHbnDGXLKmlV+ppWsgK7pl4M=
-17,-2,bhD1usjFGeW6puDk7WVg0ESIKts=,ImhrL7VEPSdzovgutxRFAl89fJI=
-18,-14,bhD1usjFGeW6puDk7WVg0ESIKts=,iL8HHbnDGXLKmlV+ppWsgK7pl4M=
-18,-16,bhD1usjFGeW6puDk7WVg0ESIKts=,/TXomjtGJWsACF4/oc8vJxAHD+Y=
-18,-15,bhD1usjFGeW6puDk7WVg0ESIKts=,/TXomjtGJWsACF4/oc8vJxAHD+Y=
-17,-10,bhD1usjFGeW6puDk7WVg0ESIKts=,X0Ccp4sgHhGo8ZuvSL1Ll88HuIU=
-17,-12,bhD1usjFGeW6puDk7WVg0ESIKts=,UlZRtXvMh1iWuTqQp7wtdsQTeaQ=
-17,-11,bhD1usjFGeW6puDk7WVg0ESIKts=,UlZRtXvMh1iWuTqQp7wtdsQTeaQ=
-32,-16,bhD1usjFGeW6puDk7WVg0ESIKts=,YjD+sbdulZtXIaRd92Mtm39kU1Q=
-17,-1,bhD1usjFGeW6puDk7WVg0ESIKts=,ImhrL7VEPSdzovgutxRFAl89fJI=
-17,-4,bhD1usjFGeW6puDk7WVg0ESIKts=,J/U4QW2qu8FIlne/xwN7te5QxPs=
-17,-6,bhD1usjFGeW6puDk7WVg0ESIKts=,LWu0a1O29Eh3ra6mimEjKJafewY=
-32,-1,bhD1usjFGeW6puDk7WVg0ESIKts=,VS9Wz/j6MTgZIYiFQ154Yhk/Ubk=
-17,-5,bhD1usjFGeW6puDk7WVg0ESIKts=,LWu0a1O29Eh3ra6mimEjKJafewY=
-17,-3,bhD1usjFGeW6puDk7WVg0ESIKts=,J/U4QW2qu8FIlne/xwN7te5QxPs=
-17,-7,bhD1usjFGeW6puDk7WVg0ESIKts=,giCkXgXUljok7D8mq6DWKz2bTfw=
