17,-38,cEDexavvpNhExu9LMRfR3gQJ9Uw=,BXV92+ZJk/4qvJsiYPCnYeS7PZ4=
18,-39,cEDexavvpNhExu9LMRfR3gQJ9Uw=,Wtnc83hOa2Yf2sp4MVQrwGaWSZU=
18,-38,cEDexavvpNhExu9LMRfR3gQJ9Uw=,2m3mqz2CxUNIEiGP0znQgtsMclA=
17,-39,cEDexavvpNhExu9LMRfR3gQJ9Uw=,w5vuTwCJ1wlPcryXFLEf/cZIAo8=
18,-37,AhasxWiLqhojS9Wy9CEIHQ0qzpI=,2m3mqz2CxUNIEiGP0znQgtsMclA=
17,-37,AhasxWiLqhojS9Wy9CEIHQ0qzpI=,BXV92+ZJk/4qvJsiYPCnYeS7PZ4=
17,-36,AhasxWiLqhojS9Wy9CEIHQ0qzpI=,Cl9jah4iQ9kZvPICGhIUVE4469c=
18,-36,AhasxWiLqhojS9Wy9CEIHQ0qzpI=,NRgNyG9JCKnmAOtDKF4wPk5DvQI=
20,-37,AhasxWiLqhojS9Wy9CEIHQ0qzpI=,ayfrW/3HqG7M6dF8YTkQDoqQSq8=
19,-37,AhasxWiLqhojS9Wy9CEIHQ0qzpI=,2m3mqz2CxUNIEiGP0znQgtsMclA=
19,-36,AhasxWiLqhojS9Wy9CEIHQ0qzpI=,NRgNyG9JCKnmAOtDKF4wPk5DvQI=
20,-36,AhasxWiLqhojS9Wy9CEIHQ0qzpI=,Zn3yom7lj06gXaLcztun2CStGFU=
20,-35,AhasxWiLqhojS9Wy9CEIHQ0qzpI=,Zn3yom7lj06gXaLcztun2CStGFU=
19,-35,AhasxWiLqhojS9Wy9CEIHQ0qzpI=,NRgNyG9JCKnmAOtDKF4wPk5DvQI=
20,-34,AhasxWiLqhojS9Wy9CEIHQ0qzpI=,pFbidJ5EqydYSEVzn42Qz2wnejk=
19,-34,AhasxWiLqhojS9Wy9CEIHQ0qzpI=,jfmrD9+dMpVZFQFuIFKZxmpWbK8=
22,-35,AhasxWiLqhojS9Wy9CEIHQ0qzpI=,AP0yGOysQutRVbflRL44gq8+fbM=
21,-34,FL1iVOUAnELd58RbaqBNJCMweT0=,pFbidJ5EqydYSEVzn42Qz2wnejk=
26,-35,FL1iVOUAnELd58RbaqBNJCMweT0=,dWBH6bhJzxGUrPTRNVpYI+kL9TE=
26,-34,FL1iVOUAnELd58RbaqBNJCMweT0=,nnOUCneqg88vtVDXxhWqGAoyN0E=
25,-34,FL1iVOUAnELd58RbaqBNJCMweT0=,UxnjbZ+MOdexl6YU0zjpggdTiq0=
24,-34,FL1iVOUAnELd58RbaqBNJCMweT0=,UxnjbZ+MOdexl6YU0zjpggdTiq0=
23,-35,FL1iVOUAnELd58RbaqBNJCMweT0=,AP0yGOysQutRVbflRL44gq8+fbM=
25,-35,FL1iVOUAnELd58RbaqBNJCMweT0=,70wtCR3M/TqkHpdVngsfoTUe/qs=
24,-35,FL1iVOUAnELd58RbaqBNJCMweT0=,70wtCR3M/TqkHpdVngsfoTUe/qs=
21,-35,FL1iVOUAnELd58RbaqBNJCMweT0=,Zn3yom7lj06gXaLcztun2CStGFU=
22,-34,FL1iVOUAnELd58RbaqBNJCMweT0=,fB/+GFzMazEOEWq7vx69c9Ijq+M=
23,-34,FL1iVOUAnELd58RbaqBNJCMweT0=,fB/+GFzMazEOEWq7vx69c9Ijq+M=
29,-33,FL1iVOUAnELd58RbaqBNJCMweT0=,S2D5OVGJvNGfxKHtH0Gu+Rsd4iI=
28,-33,FL1iVOUAnELd58RbaqBNJCMweT0=,S2D5OVGJvNGfxKHtH0Gu+Rsd4iI=
24,-33,FL1iVOUAnELd58RbaqBNJCMweT0=,UxnjbZ+MOdexl6YU0zjpggdTiq0=
23,-33,gCOpIdLynMy4qEMMs6/lHbuv/mM=,fB/+GFzMazEOEWq7vx69c9Ijq+M=
26,-33,gCOpIdLynMy4qEMMs6/lHbuv/mM=,nnOUCneqg88vtVDXxhWqGAoyN0E=
27,-33,gCOpIdLynMy4qEMMs6/lHbuv/mM=,nnOUCneqg88vtVDXxhWqGAoyN0E=
18,-34,gCOpIdLynMy4qEMMs6/lHbuv/mM=,jfmrD9+dMpVZFQFuIFKZxmpWbK8=
18,-33,gCOpIdLynMy4qEMMs6/lHbuv/mM=,jfmrD9+dMpVZFQFuIFKZxmpWbK8=
17,-33,gCOpIdLynMy4qEMMs6/lHbuv/mM=,azOxY/7b10CQHo/qEnwojZN3oFI=
28,-34,gCOpIdLynMy4qEMMs6/lHbuv/mM=,S2D5OVGJvNGfxKHtH0Gu+Rsd4iI=
18,-35,gCOpIdLynMy4qEMMs6/lHbuv/mM=,NRgNyG9JCKnmAOtDKF4wPk5DvQI=
27,-35,gCOpIdLynMy4qEMMs6/lHbuv/mM=,dWBH6bhJzxGUrPTRNVpYI+kL9TE=
25,-33,gCOpIdLynMy4qEMMs6/lHbuv/mM=,UxnjbZ+MOdexl6YU0zjpggdTiq0=
18,-40,gCOpIdLynMy4qEMMs6/lHbuv/mM=,Wtnc83hOa2Yf2sp4MVQrwGaWSZU=
19,-40,gCOpIdLynMy4qEMMs6/lHbuv/mM=,Wtnc83hOa2Yf2sp4MVQrwGaWSZU=
16,-35,gCOpIdLynMy4qEMMs6/lHbuv/mM=,Cl9jah4iQ9kZvPICGhIUVE4469c=
17,-34,gCOpIdLynMy4qEMMs6/lHbuv/mM=,azOxY/7b10CQHo/qEnwojZN3oFI=
27,-34,gCOpIdLynMy4qEMMs6/lHbuv/mM=,nnOUCneqg88vtVDXxhWqGAoyN0E=
26,-36,gCOpIdLynMy4qEMMs6/lHbuv/mM=,dWBH6bhJzxGUrPTRNVpYI+kL9TE=
16,-34,gCOpIdLynMy4qEMMs6/lHbuv/mM=,azOxY/7b10CQHo/qEnwojZN3oFI=
25,-36,gCOpIdLynMy4qEMMs6/lHbuv/mM=,70wtCR3M/TqkHpdVngsfoTUe/qs=
27,-36,gCOpIdLynMy4qEMMs6/lHbuv/mM=,dWBH6bhJzxGUrPTRNVpYI+kL9TE=
29,-34,gCOpIdLynMy4qEMMs6/lHbuv/mM=,S2D5OVGJvNGfxKHtH0Gu+Rsd4iI=
21,-40,gCOpIdLynMy4qEMMs6/lHbuv/mM=,SJOT7bucOXdpLsbGxjXDBznxzKQ=
17,-35,gCOpIdLynMy4qEMMs6/lHbuv/mM=,Cl9jah4iQ9kZvPICGhIUVE4469c=
20,-39,gCOpIdLynMy4qEMMs6/lHbuv/mM=,SJOT7bucOXdpLsbGxjXDBznxzKQ=
17,-40,gCOpIdLynMy4qEMMs6/lHbuv/mM=,w5vuTwCJ1wlPcryXFLEf/cZIAo8=
21,-39,gCOpIdLynMy4qEMMs6/lHbuv/mM=,SJOT7bucOXdpLsbGxjXDBznxzKQ=
20,-38,gCOpIdLynMy4qEMMs6/lHbuv/mM=,ayfrW/3HqG7M6dF8YTkQDoqQSq8=
16,-37,gCOpIdLynMy4qEMMs6/lHbuv/mM=,BXV92+ZJk/4qvJsiYPCnYeS7PZ4=
19,-39,gCOpIdLynMy4qEMMs6/lHbuv/mM=,Wtnc83hOa2Yf2sp4MVQrwGaWSZU=
21,-38,gCOpIdLynMy4qEMMs6/lHbuv/mM=,ayfrW/3HqG7M6dF8YTkQDoqQSq8=
24,-36,gCOpIdLynMy4qEMMs6/lHbuv/mM=,70wtCR3M/TqkHpdVngsfoTUe/qs=
20,-40,gCOpIdLynMy4qEMMs6/lHbuv/mM=,SJOT7bucOXdpLsbGxjXDBznxzKQ=
22,-38,gCOpIdLynMy4qEMMs6/lHbuv/mM=,snI9XEVnKqZXi4v6BDK6SXDy5PM=
23,-38,gCOpIdLynMy4qEMMs6/lHbuv/mM=,snI9XEVnKqZXi4v6BDK6SXDy5PM=
23,-37,gCOpIdLynMy4qEMMs6/lHbuv/mM=,snI9XEVnKqZXi4v6BDK6SXDy5PM=
16,-38,gCOpIdLynMy4qEMMs6/lHbuv/mM=,BXV92+ZJk/4qvJsiYPCnYeS7PZ4=
19,-33,gCOpIdLynMy4qEMMs6/lHbuv/mM=,jfmrD9+dMpVZFQFuIFKZxmpWbK8=
16,-33,gCOpIdLynMy4qEMMs6/lHbuv/mM=,azOxY/7b10CQHo/qEnwojZN3oFI=
16,-36,gCOpIdLynMy4qEMMs6/lHbuv/mM=,Cl9jah4iQ9kZvPICGhIUVE4469c=
22,-33,gCOpIdLynMy4qEMMs6/lHbuv/mM=,fB/+GFzMazEOEWq7vx69c9Ijq+M=
21,-33,gCOpIdLynMy4qEMMs6/lHbuv/mM=,pFbidJ5EqydYSEVzn42Qz2wnejk=
23,-36,gCOpIdLynMy4qEMMs6/lHbuv/mM=,AP0yGOysQutRVbflRL44gq8+fbM=
20,-33,gCOpIdLynMy4qEMMs6/lHbuv/mM=,pFbidJ5EqydYSEVzn42Qz2wnejk=
16,-39,gCOpIdLynMy4qEMMs6/lHbuv/mM=,w5vuTwCJ1wlPcryXFLEf/cZIAo8=
16,-40,gCOpIdLynMy4qEMMs6/lHbuv/mM=,w5vuTwCJ1wlPcryXFLEf/cZIAo8=
22,-37,gCOpIdLynMy4qEMMs6/lHbuv/mM=,snI9XEVnKqZXi4v6BDK6SXDy5PM=
21,-36,gCOpIdLynMy4qEMMs6/lHbuv/mM=,Zn3yom7lj06gXaLcztun2CStGFU=
21,-37,gCOpIdLynMy4qEMMs6/lHbuv/mM=,ayfrW/3HqG7M6dF8YTkQDoqQSq8=
22,-36,gCOpIdLynMy4qEMMs6/lHbuv/mM=,AP0yGOysQutRVbflRL44gq8+fbM=
19,-38,gCOpIdLynMy4qEMMs6/lHbuv/mM=,2m3mqz2CxUNIEiGP0znQgtsMclA=
3,-39,LRbXVacGn93ZoiPxmUz46R75FHA=,pWJon+PjfSjxxC1UYE7rb3Tf9sU=
3,-38,LRbXVacGn93ZoiPxmUz46R75FHA=,PIyAeI4v212vwEvInvytC+QVIgY=
4,-38,LRbXVacGn93ZoiPxmUz46R75FHA=,qnbHAEdKhtasfsTqQORawx1x7wU=
4,-39,LRbXVacGn93ZoiPxmUz46R75FHA=,3uxr2/IlrylW2SmZgffh8eYKUak=
1,-40,LRbXVacGn93ZoiPxmUz46R75FHA=,c6JyOzhM9coF7FbR8z8qE0z2gX0=
1,-41,LRbXVacGn93ZoiPxmUz46R75FHA=,PXlH9VgfVfdBM/vdyIPdLpqbJto=
3,-41,LRbXVacGn93ZoiPxmUz46R75FHA=,0exS0b+YIjtumepZ2AnYy2KUmEc=
2,-41,LRbXVacGn93ZoiPxmUz46R75FHA=,0exS0b+YIjtumepZ2AnYy2KUmEc=
2,-40,LRbXVacGn93ZoiPxmUz46R75FHA=,pWJon+PjfSjxxC1UYE7rb3Tf9sU=
4,-43,LRbXVacGn93ZoiPxmUz46R75FHA=,ltGvWxs5Ou8/qW6ZzasCZRYK91o=
3,-43,LRbXVacGn93ZoiPxmUz46R75FHA=,SoA7ExdGNTW3tComE3n/ayDh0Ck=
4,-41,LRbXVacGn93ZoiPxmUz46R75FHA=,bn7WqBXqrOSM7+0/BULoEcO8Mew=
4,-40,LRbXVacGn93ZoiPxmUz46R75FHA=,3uxr2/IlrylW2SmZgffh8eYKUak=
3,-40,LRbXVacGn93ZoiPxmUz46R75FHA=,pWJon+PjfSjxxC1UYE7rb3Tf9sU=
3,-42,LRbXVacGn93ZoiPxmUz46R75FHA=,0exS0b+YIjtumepZ2AnYy2KUmEc=
4,-42,LRbXVacGn93ZoiPxmUz46R75FHA=,bn7WqBXqrOSM7+0/BULoEcO8Mew=
6,-43,LRbXVacGn93ZoiPxmUz46R75FHA=,s33urD5eJ6+0KpWNpjyoMJ0l9rA=
5,-43,LRbXVacGn93ZoiPxmUz46R75FHA=,ltGvWxs5Ou8/qW6ZzasCZRYK91o=
7,-43,LRbXVacGn93ZoiPxmUz46R75FHA=,s33urD5eJ6+0KpWNpjyoMJ0l9rA=
7,-42,LRbXVacGn93ZoiPxmUz46R75FHA=,FCPnfdzjoxxHLpwongEZqYBsUNY=
6,-42,LRbXVacGn93ZoiPxmUz46R75FHA=,FCPnfdzjoxxHLpwongEZqYBsUNY=
5,-42,LRbXVacGn93ZoiPxmUz46R75FHA=,bn7WqBXqrOSM7+0/BULoEcO8Mew=
8,-42,LRbXVacGn93ZoiPxmUz46R75FHA=,TFGvdlA4xzzwj/uw+DwRFlL9zvs=
8,-43,LRbXVacGn93ZoiPxmUz46R75FHA=,n+nqwQcvF5ygjxNnABNr8pwnXmY=
5,-40,LRbXVacGn93ZoiPxmUz46R75FHA=,3uxr2/IlrylW2SmZgffh8eYKUak=
6,-40,LRbXVacGn93ZoiPxmUz46R75FHA=,06y+iHs65Lb3KwhCTtLNfJ3UXLY=
8,-41,LRbXVacGn93ZoiPxmUz46R75FHA=,TFGvdlA4xzzwj/uw+DwRFlL9zvs=
6,-41,LRbXVacGn93ZoiPxmUz46R75FHA=,FCPnfdzjoxxHLpwongEZqYBsUNY=
8,-40,NAUlHw8ohDG8xH1VawZPZu6b8aA=,oVQQ3iCZJUrJ8Tissu/VtNxKfLw=
5,-41,NAUlHw8ohDG8xH1VawZPZu6b8aA=,bn7WqBXqrOSM7+0/BULoEcO8Mew=
7,-40,NAUlHw8ohDG8xH1VawZPZu6b8aA=,06y+iHs65Lb3KwhCTtLNfJ3UXLY=
7,-41,NAUlHw8ohDG8xH1VawZPZu6b8aA=,FCPnfdzjoxxHLpwongEZqYBsUNY=
9,-40,NAUlHw8ohDG8xH1VawZPZu6b8aA=,oVQQ3iCZJUrJ8Tissu/VtNxKfLw=
10,-40,NAUlHw8ohDG8xH1VawZPZu6b8aA=,WpxWy/2euCcFd1Vc4m39t/Mi8iw=
9,-41,NAUlHw8ohDG8xH1VawZPZu6b8aA=,TFGvdlA4xzzwj/uw+DwRFlL9zvs=
10,-41,NAUlHw8ohDG8xH1VawZPZu6b8aA=,7u+nt7ghZYKn+fVi8rLdRr2b3iQ=
12,-41,NAUlHw8ohDG8xH1VawZPZu6b8aA=,QLabjSLBeY/xKfdzMTMDo64QcgI=
12,-40,NAUlHw8ohDG8xH1VawZPZu6b8aA=,Zn7toZcGT06R/idEErf2TjcRzqE=
11,-41,NAUlHw8ohDG8xH1VawZPZu6b8aA=,7u+nt7ghZYKn+fVi8rLdRr2b3iQ=
11,-40,NAUlHw8ohDG8xH1VawZPZu6b8aA=,WpxWy/2euCcFd1Vc4m39t/Mi8iw=
11,-39,NAUlHw8ohDG8xH1VawZPZu6b8aA=,WpxWy/2euCcFd1Vc4m39t/Mi8iw=
11,-38,NAUlHw8ohDG8xH1VawZPZu6b8aA=,Gbe1pShlhBtW2F6M1pS0xh0d8o0=
12,-38,NAUlHw8ohDG8xH1VawZPZu6b8aA=,k1lPJCV49rIu+BmMNFhRUxEqz0c=
12,-37,NAUlHw8ohDG8xH1VawZPZu6b8aA=,k1lPJCV49rIu+BmMNFhRUxEqz0c=
11,-37,NAUlHw8ohDG8xH1VawZPZu6b8aA=,Gbe1pShlhBtW2F6M1pS0xh0d8o0=
11,-36,NAUlHw8ohDG8xH1VawZPZu6b8aA=,SODiPvzViZ+vzNlllzeB8Wptz7s=
12,-36,NAUlHw8ohDG8xH1VawZPZu6b8aA=,652YlptC0B2eWHDkfQlrJBRWCzU=
12,-39,NAUlHw8ohDG8xH1VawZPZu6b8aA=,Zn7toZcGT06R/idEErf2TjcRzqE=
14,-36,NAUlHw8ohDG8xH1VawZPZu6b8aA=,8++uPU26fc/5XMd0OMAQBPQwzqs=
13,-37,NAUlHw8ohDG8xH1VawZPZu6b8aA=,k1lPJCV49rIu+BmMNFhRUxEqz0c=
14,-37,NAUlHw8ohDG8xH1VawZPZu6b8aA=,zfapHYp2SsX+f5Ep6iphWlVqbKk=
13,-36,NAUlHw8ohDG8xH1VawZPZu6b8aA=,652YlptC0B2eWHDkfQlrJBRWCzU=
12,-34,NAUlHw8ohDG8xH1VawZPZu6b8aA=,1DEuTL0rhBBUjbBNRHw0HzX1gnE=
11,-35,NAUlHw8ohDG8xH1VawZPZu6b8aA=,SODiPvzViZ+vzNlllzeB8Wptz7s=
11,-34,NAUlHw8ohDG8xH1VawZPZu6b8aA=,+w5P6SGtLr4UwW9ukhP9xylpJUE=
12,-35,NAUlHw8ohDG8xH1VawZPZu6b8aA=,652YlptC0B2eWHDkfQlrJBRWCzU=
14,-35,NAUlHw8ohDG8xH1VawZPZu6b8aA=,8++uPU26fc/5XMd0OMAQBPQwzqs=
13,-35,NAUlHw8ohDG8xH1VawZPZu6b8aA=,652YlptC0B2eWHDkfQlrJBRWCzU=
14,-34,NAUlHw8ohDG8xH1VawZPZu6b8aA=,AqP+fjEX90TLW/vExj+nWqsVxdo=
13,-34,NAUlHw8ohDG8xH1VawZPZu6b8aA=,1DEuTL0rhBBUjbBNRHw0HzX1gnE=
9,-35,ZkpVMXvjksdO6s+LBYHSndw/TBc=,u729bkwNG0R8cUHOhTb12ohe3AI=
10,-34,ZkpVMXvjksdO6s+LBYHSndw/TBc=,+w5P6SGtLr4UwW9ukhP9xylpJUE=
10,-35,ZkpVMXvjksdO6s+LBYHSndw/TBc=,SODiPvzViZ+vzNlllzeB8Wptz7s=
9,-34,ZkpVMXvjksdO6s+LBYHSndw/TBc=,3BKUt72J9vgJOTMliYmCgfmnez0=
8,-35,ZkpVMXvjksdO6s+LBYHSndw/TBc=,u729bkwNG0R8cUHOhTb12ohe3AI=
8,-34,ZkpVMXvjksdO6s+LBYHSndw/TBc=,3BKUt72J9vgJOTMliYmCgfmnez0=
7,-35,ZkpVMXvjksdO6s+LBYHSndw/TBc=,flmrcC/Gvp1CMMVSZIfPUuUxps4=
7,-34,ZkpVMXvjksdO6s+LBYHSndw/TBc=,01KsxiG6kzSsw6H2JfcAjf6WRng=
5,-36,ZkpVMXvjksdO6s+LBYHSndw/TBc=,QsiSRUespknjAmzNe0OPvJv4g3c=
6,-35,ZkpVMXvjksdO6s+LBYHSndw/TBc=,flmrcC/Gvp1CMMVSZIfPUuUxps4=
5,-34,ZkpVMXvjksdO6s+LBYHSndw/TBc=,17JXAe8BPEdtJrrTy0moA28X/bY=
5,-39,ZkpVMXvjksdO6s+LBYHSndw/TBc=,3uxr2/IlrylW2SmZgffh8eYKUak=
6,-34,ZkpVMXvjksdO6s+LBYHSndw/TBc=,01KsxiG6kzSsw6H2JfcAjf6WRng=
5,-37,ZkpVMXvjksdO6s+LBYHSndw/TBc=,qnbHAEdKhtasfsTqQORawx1x7wU=
6,-36,ZkpVMXvjksdO6s+LBYHSndw/TBc=,flmrcC/Gvp1CMMVSZIfPUuUxps4=
5,-35,ZkpVMXvjksdO6s+LBYHSndw/TBc=,QsiSRUespknjAmzNe0OPvJv4g3c=
5,-38,ZkpVMXvjksdO6s+LBYHSndw/TBc=,qnbHAEdKhtasfsTqQORawx1x7wU=
10,-36,ZkpVMXvjksdO6s+LBYHSndw/TBc=,SODiPvzViZ+vzNlllzeB8Wptz7s=
6,-39,ZkpVMXvjksdO6s+LBYHSndw/TBc=,06y+iHs65Lb3KwhCTtLNfJ3UXLY=
4,-36,ZkpVMXvjksdO6s+LBYHSndw/TBc=,QsiSRUespknjAmzNe0OPvJv4g3c=
7,-36,ZkpVMXvjksdO6s+LBYHSndw/TBc=,flmrcC/Gvp1CMMVSZIfPUuUxps4=
3,-36,ZkpVMXvjksdO6s+LBYHSndw/TBc=,mBZg2wtE1SJvjD6KsBKdkMrIZio=
3,-37,ZkpVMXvjksdO6s+LBYHSndw/TBc=,PIyAeI4v212vwEvInvytC+QVIgY=
10,-38,ZkpVMXvjksdO6s+LBYHSndw/TBc=,Gbe1pShlhBtW2F6M1pS0xh0d8o0=
6,-37,ZkpVMXvjksdO6s+LBYHSndw/TBc=,NmJFrDFn+otHragcd6ltzrP7Qf4=
8,-36,ZkpVMXvjksdO6s+LBYHSndw/TBc=,u729bkwNG0R8cUHOhTb12ohe3AI=
4,-35,ZkpVMXvjksdO6s+LBYHSndw/TBc=,QsiSRUespknjAmzNe0OPvJv4g3c=
10,-39,PwGNdoe2NWOUACpie8gUKRH+GaE=,WpxWy/2euCcFd1Vc4m39t/Mi8iw=
4,-37,PwGNdoe2NWOUACpie8gUKRH+GaE=,qnbHAEdKhtasfsTqQORawx1x7wU=
3,-34,PwGNdoe2NWOUACpie8gUKRH+GaE=,TDfe/glaZSdPTNyIJsBNe5iNEoc=
9,-36,PwGNdoe2NWOUACpie8gUKRH+GaE=,u729bkwNG0R8cUHOhTb12ohe3AI=
4,-34,PwGNdoe2NWOUACpie8gUKRH+GaE=,17JXAe8BPEdtJrrTy0moA28X/bY=
10,-37,PwGNdoe2NWOUACpie8gUKRH+GaE=,Gbe1pShlhBtW2F6M1pS0xh0d8o0=
7,-37,PwGNdoe2NWOUACpie8gUKRH+GaE=,NmJFrDFn+otHragcd6ltzrP7Qf4=
9,-39,PwGNdoe2NWOUACpie8gUKRH+GaE=,oVQQ3iCZJUrJ8Tissu/VtNxKfLw=
8,-37,PwGNdoe2NWOUACpie8gUKRH+GaE=,qat/nGeCZlcG4X0fPI+6viytAXQ=
6,-38,PwGNdoe2NWOUACpie8gUKRH+GaE=,NmJFrDFn+otHragcd6ltzrP7Qf4=
8,-38,PwGNdoe2NWOUACpie8gUKRH+GaE=,qat/nGeCZlcG4X0fPI+6viytAXQ=
9,-37,PwGNdoe2NWOUACpie8gUKRH+GaE=,qat/nGeCZlcG4X0fPI+6viytAXQ=
7,-38,PwGNdoe2NWOUACpie8gUKRH+GaE=,NmJFrDFn+otHragcd6ltzrP7Qf4=
9,-38,PwGNdoe2NWOUACpie8gUKRH+GaE=,qat/nGeCZlcG4X0fPI+6viytAXQ=
8,-39,PwGNdoe2NWOUACpie8gUKRH+GaE=,oVQQ3iCZJUrJ8Tissu/VtNxKfLw=
3,-35,PwGNdoe2NWOUACpie8gUKRH+GaE=,mBZg2wtE1SJvjD6KsBKdkMrIZio=
7,-39,PwGNdoe2NWOUACpie8gUKRH+GaE=,06y+iHs65Lb3KwhCTtLNfJ3UXLY=
2,-35,PwGNdoe2NWOUACpie8gUKRH+GaE=,mBZg2wtE1SJvjD6KsBKdkMrIZio=
1,-34,PwGNdoe2NWOUACpie8gUKRH+GaE=,5isnfAhwI4yB593pM8vOVIINFpU=
2,-34,PwGNdoe2NWOUACpie8gUKRH+GaE=,TDfe/glaZSdPTNyIJsBNe5iNEoc=
1,-35,PwGNdoe2NWOUACpie8gUKRH+GaE=,+aEZSrYxzQXDJoFVnxQPFLVcbAg=
4,-44,PwGNdoe2NWOUACpie8gUKRH+GaE=,ltGvWxs5Ou8/qW6ZzasCZRYK91o=
3,-44,PwGNdoe2NWOUACpie8gUKRH+GaE=,SoA7ExdGNTW3tComE3n/ayDh0Ck=
2,-36,PwGNdoe2NWOUACpie8gUKRH+GaE=,mBZg2wtE1SJvjD6KsBKdkMrIZio=
1,-39,PwGNdoe2NWOUACpie8gUKRH+GaE=,c6JyOzhM9coF7FbR8z8qE0z2gX0=
2,-38,PwGNdoe2NWOUACpie8gUKRH+GaE=,PIyAeI4v212vwEvInvytC+QVIgY=
0,-39,PwGNdoe2NWOUACpie8gUKRH+GaE=,c6JyOzhM9coF7FbR8z8qE0z2gX0=
0,-34,PwGNdoe2NWOUACpie8gUKRH+GaE=,5isnfAhwI4yB593pM8vOVIINFpU=
2,-39,PwGNdoe2NWOUACpie8gUKRH+GaE=,pWJon+PjfSjxxC1UYE7rb3Tf9sU=
1,-38,PwGNdoe2NWOUACpie8gUKRH+GaE=,Pd8hDmN1DSbCHREC6tR+LMdemm8=
0,-40,PwGNdoe2NWOUACpie8gUKRH+GaE=,c6JyOzhM9coF7FbR8z8qE0z2gX0=
1,-37,hpebB5lw0DNVT5y5sgZtG/YQ51w=,Pd8hDmN1DSbCHREC6tR+LMdemm8=
0,-37,hpebB5lw0DNVT5y5sgZtG/YQ51w=,Pd8hDmN1DSbCHREC6tR+LMdemm8=
0,-38,hpebB5lw0DNVT5y5sgZtG/YQ51w=,Pd8hDmN1DSbCHREC6tR+LMdemm8=
0,-36,hpebB5lw0DNVT5y5sgZtG/YQ51w=,+aEZSrYxzQXDJoFVnxQPFLVcbAg=
1,-36,hpebB5lw0DNVT5y5sgZtG/YQ51w=,+aEZSrYxzQXDJoFVnxQPFLVcbAg=
2,-44,hpebB5lw0DNVT5y5sgZtG/YQ51w=,SoA7ExdGNTW3tComE3n/ayDh0Ck=
0,-44,hpebB5lw0DNVT5y5sgZtG/YQ51w=,5YTleVe+BW0se9YgfKWji3GJlOY=
1,-44,hpebB5lw0DNVT5y5sgZtG/YQ51w=,5YTleVe+BW0se9YgfKWji3GJlOY=
2,-37,hpebB5lw0DNVT5y5sgZtG/YQ51w=,PIyAeI4v212vwEvInvytC+QVIgY=
0,-41,hpebB5lw0DNVT5y5sgZtG/YQ51w=,PXlH9VgfVfdBM/vdyIPdLpqbJto=
1,-42,hpebB5lw0DNVT5y5sgZtG/YQ51w=,PXlH9VgfVfdBM/vdyIPdLpqbJto=
2,-43,hpebB5lw0DNVT5y5sgZtG/YQ51w=,SoA7ExdGNTW3tComE3n/ayDh0Ck=
0,-43,hpebB5lw0DNVT5y5sgZtG/YQ51w=,5YTleVe+BW0se9YgfKWji3GJlOY=
0,-42,hpebB5lw0DNVT5y5sgZtG/YQ51w=,PXlH9VgfVfdBM/vdyIPdLpqbJto=
0,-35,hpebB5lw0DNVT5y5sgZtG/YQ51w=,+aEZSrYxzQXDJoFVnxQPFLVcbAg=
12,-33,hpebB5lw0DNVT5y5sgZtG/YQ51w=,1DEuTL0rhBBUjbBNRHw0HzX1gnE=
1,-43,hpebB5lw0DNVT5y5sgZtG/YQ51w=,5YTleVe+BW0se9YgfKWji3GJlOY=
2,-42,hpebB5lw0DNVT5y5sgZtG/YQ51w=,0exS0b+YIjtumepZ2AnYy2KUmEc=
12,-42,hpebB5lw0DNVT5y5sgZtG/YQ51w=,QLabjSLBeY/xKfdzMTMDo64QcgI=
10,-33,hpebB5lw0DNVT5y5sgZtG/YQ51w=,+w5P6SGtLr4UwW9ukhP9xylpJUE=
8,-33,hpebB5lw0DNVT5y5sgZtG/YQ51w=,3BKUt72J9vgJOTMliYmCgfmnez0=
11,-33,hpebB5lw0DNVT5y5sgZtG/YQ51w=,+w5P6SGtLr4UwW9ukhP9xylpJUE=
9,-42,hpebB5lw0DNVT5y5sgZtG/YQ51w=,TFGvdlA4xzzwj/uw+DwRFlL9zvs=
11,-42,hpebB5lw0DNVT5y5sgZtG/YQ51w=,7u+nt7ghZYKn+fVi8rLdRr2b3iQ=
9,-43,hpebB5lw0DNVT5y5sgZtG/YQ51w=,n+nqwQcvF5ygjxNnABNr8pwnXmY=
9,-33,hpebB5lw0DNVT5y5sgZtG/YQ51w=,3BKUt72J9vgJOTMliYmCgfmnez0=
3,-33,hpebB5lw0DNVT5y5sgZtG/YQ51w=,TDfe/glaZSdPTNyIJsBNe5iNEoc=
10,-42,hpebB5lw0DNVT5y5sgZtG/YQ51w=,7u+nt7ghZYKn+fVi8rLdRr2b3iQ=
4,-33,hpebB5lw0DNVT5y5sgZtG/YQ51w=,17JXAe8BPEdtJrrTy0moA28X/bY=
0,-33,hpebB5lw0DNVT5y5sgZtG/YQ51w=,5isnfAhwI4yB593pM8vOVIINFpU=
1,-33,hpebB5lw0DNVT5y5sgZtG/YQ51w=,5isnfAhwI4yB593pM8vOVIINFpU=
2,-33,hpebB5lw0DNVT5y5sgZtG/YQ51w=,TDfe/glaZSdPTNyIJsBNe5iNEoc=
5,-33,hpebB5lw0DNVT5y5sgZtG/YQ51w=,17JXAe8BPEdtJrrTy0moA28X/bY=
6,-33,hpebB5lw0DNVT5y5sgZtG/YQ51w=,01KsxiG6kzSsw6H2JfcAjf6WRng=
5,-44,hpebB5lw0DNVT5y5sgZtG/YQ51w=,ltGvWxs5Ou8/qW6ZzasCZRYK91o=
6,-44,hpebB5lw0DNVT5y5sgZtG/YQ51w=,s33urD5eJ6+0KpWNpjyoMJ0l9rA=
8,-44,hpebB5lw0DNVT5y5sgZtG/YQ51w=,n+nqwQcvF5ygjxNnABNr8pwnXmY=
7,-44,hpebB5lw0DNVT5y5sgZtG/YQ51w=,s33urD5eJ6+0KpWNpjyoMJ0l9rA=
13,-42,hpebB5lw0DNVT5y5sgZtG/YQ51w=,QLabjSLBeY/xKfdzMTMDo64QcgI=
9,-44,hpebB5lw0DNVT5y5sgZtG/YQ51w=,n+nqwQcvF5ygjxNnABNr8pwnXmY=
15,-37,hpebB5lw0DNVT5y5sgZtG/YQ51w=,zfapHYp2SsX+f5Ep6iphWlVqbKk=
15,-36,hpebB5lw0DNVT5y5sgZtG/YQ51w=,8++uPU26fc/5XMd0OMAQBPQwzqs=
7,-33,hpebB5lw0DNVT5y5sgZtG/YQ51w=,01KsxiG6kzSsw6H2JfcAjf6WRng=
13,-41,hpebB5lw0DNVT5y5sgZtG/YQ51w=,QLabjSLBeY/xKfdzMTMDo64QcgI=
15,-34,hpebB5lw0DNVT5y5sgZtG/YQ51w=,AqP+fjEX90TLW/vExj+nWqsVxdo=
14,-38,hpebB5lw0DNVT5y5sgZtG/YQ51w=,zfapHYp2SsX+f5Ep6iphWlVqbKk=
13,-40,hpebB5lw0DNVT5y5sgZtG/YQ51w=,Zn7toZcGT06R/idEErf2TjcRzqE=
15,-33,hpebB5lw0DNVT5y5sgZtG/YQ51w=,AqP+fjEX90TLW/vExj+nWqsVxdo=
15,-38,hpebB5lw0DNVT5y5sgZtG/YQ51w=,zfapHYp2SsX+f5Ep6iphWlVqbKk=
14,-33,hpebB5lw0DNVT5y5sgZtG/YQ51w=,AqP+fjEX90TLW/vExj+nWqsVxdo=
13,-33,hpebB5lw0DNVT5y5sgZtG/YQ51w=,1DEuTL0rhBBUjbBNRHw0HzX1gnE=
13,-38,hpebB5lw0DNVT5y5sgZtG/YQ51w=,k1lPJCV49rIu+BmMNFhRUxEqz0c=
13,-39,hpebB5lw0DNVT5y5sgZtG/YQ51w=,Zn7toZcGT06R/idEErf2TjcRzqE=
15,-35,hpebB5lw0DNVT5y5sgZtG/YQ51w=,8++uPU26fc/5XMd0OMAQBPQwzqs=
14,-42,hpebB5lw0DNVT5y5sgZtG/YQ51w=,RAm6d114uZmoC3pJXqLy28OCkow=
15,-42,hpebB5lw0DNVT5y5sgZtG/YQ51w=,RAm6d114uZmoC3pJXqLy28OCkow=
14,-39,hpebB5lw0DNVT5y5sgZtG/YQ51w=,jPnLrAye+ACCGr2CdV/fMRakmO0=
14,-41,hpebB5lw0DNVT5y5sgZtG/YQ51w=,RAm6d114uZmoC3pJXqLy28OCkow=
15,-41,hpebB5lw0DNVT5y5sgZtG/YQ51w=,RAm6d114uZmoC3pJXqLy28OCkow=
14,-40,hpebB5lw0DNVT5y5sgZtG/YQ51w=,jPnLrAye+ACCGr2CdV/fMRakmO0=
15,-39,hpebB5lw0DNVT5y5sgZtG/YQ51w=,jPnLrAye+ACCGr2CdV/fMRakmO0=
15,-40,hpebB5lw0DNVT5y5sgZtG/YQ51w=,jPnLrAye+ACCGr2CdV/fMRakmO0=
